Sensor Name,Sensor Type,Timestamp,Temperature ( C ),Humidity ( RH ),Dew Point ( C ),Heat Index ( C ),Feels Like ( C ),Wind Chill ( C ),Barometric Pressure ( HPA ),Accumulated Rain ( MM ),Wind Speed ( KPH ),Wind Average ( KPH ),Wind Direction,Wired Sensor Temperature,Wired Sensor Humidity,Soil & Liquid Temperature,Water Detected,UV Index,Light Intensity,Measured Light,Lightning Strike Count,Lightning Closest Strike Distance
Engenho,AcuRite Iris®,2026/28/05 21:20,22.5,75.0,17.8,22.8,25.2,22.5,1023.03,3.0,0.0,0.0,0.0,,,,,,,,,
Engenho,AcuRite Iris®,2026/28/05 21:25,22.1,78.0,18.1,22.4,24.9,22.1,1023.03,7.0,0.0,0.0,338.0,,,,,,,,,
Engenho,AcuRite Iris®,2026/28/05 21:30,22.6,77.0,18.4,22.9,25.6,22.6,1023.03,16.0,0.0,0.0,338.0,,,,,,,,,
Engenho,AcuRite Iris®,2026/28/05 21:35,22.3,77.0,18.1,22.6,25.1,22.3,1023.03,16.0,0.0,0.0,338.0,,,,,,,,,
Engenho,AcuRite Iris®,2026/28/05 21:40,21.3,79.0,17.5,21.5,23.8,21.3,1023.03,16.0,0.0,0.0,338.0,,,,,,,,,
Engenho,AcuRite Iris®,2026/28/05 22:25,20.6,81.0,17.2,20.8,23.1,20.6,1023.03,1.0,0.0,0.0,225.0,,,,,,,,,
Engenho,AcuRite Iris®,2026/28/05 22:30,20.6,81.0,17.2,20.8,23.1,20.6,1023.03,1.0,0.0,0.0,225.0,,,,,,,,,
Engenho,AcuRite Iris®,2026/28/05 22:35,20.3,81.0,16.9,20.5,22.6,20.3,1023.03,1.0,0.0,0.0,225.0,,,,,,,,,
Engenho,AcuRite Iris®,2026/28/05 22:45,19.5,81.0,16.2,19.6,21.6,19.5,1023.03,2.0,0.0,0.0,45.0,,,,,,,,,
Engenho,AcuRite Iris®,2026/28/05 22:50,18.7,85.0,16.2,18.9,20.8,18.7,1023.03,2.0,0.0,0.0,0.0,,,,,,,,,
Engenho,AcuRite Iris®,2026/28/05 22:55,18.7,85.0,16.2,18.9,20.8,18.7,1023.03,2.0,0.0,0.0,158.0,,,,,,,,,
Engenho,AcuRite Iris®,2026/28/05 23:00,18.6,85.0,16.1,18.7,20.6,18.6,1023.03,2.0,0.0,0.0,158.0,,,,,,,,,
Engenho,AcuRite Iris®,2026/28/05 23:05,18.2,86.0,15.8,18.3,20.2,18.2,1023.37,2.0,0.0,0.0,158.0,,,,,,,,,
Engenho,AcuRite Iris®,2026/28/05 23:10,18.2,86.0,15.8,18.3,20.2,18.2,1023.37,2.0,0.0,0.0,158.0,,,,,,,,,
Engenho,AcuRite Iris®,2026/28/05 23:15,18.2,86.0,15.8,18.3,20.2,18.2,1023.37,2.0,0.0,0.0,158.0,,,,,,,,,
Engenho,AcuRite Iris®,2026/28/05 23:20,18.2,86.0,15.8,18.3,20.2,18.2,1023.03,2.0,0.0,0.0,158.0,,,,,,,,,
Engenho,AcuRite Iris®,2026/28/05 23:25,18.2,86.0,15.8,18.3,20.2,18.2,1023.03,2.0,0.0,0.0,158.0,,,,,,,,,
Engenho,AcuRite Iris®,2026/28/05 23:30,18.2,86.0,15.8,18.3,20.2,18.2,1023.03,2.0,0.0,0.0,158.0,,,,,,,,,
Engenho,AcuRite Iris®,2026/28/05 23:35,18.3,86.0,15.9,18.4,20.2,18.3,1023.03,2.0,0.0,0.0,158.0,,,,,,,,,
Engenho,AcuRite Iris®,2026/28/05 23:40,18.2,86.0,15.8,18.3,20.2,18.2,1023.03,2.0,0.0,0.0,158.0,,,,,,,,,
Engenho,AcuRite Iris®,2026/28/05 23:45,18.0,87.0,15.8,18.1,19.9,18.0,1023.03,2.0,0.0,0.0,158.0,,,,,,,,,
Engenho,AcuRite Iris®,2026/28/05 23:50,17.8,88.0,15.8,17.9,19.7,17.8,1023.03,2.0,0.0,0.0,158.0,,,,,,,,,
Engenho,AcuRite Iris®,2026/28/05 23:55,17.6,88.0,15.6,17.7,19.4,17.6,1023.03,2.0,0.0,0.0,158.0,,,,,,,,,
Engenho,AcuRite Iris®,2026/29/05 00:05,17.4,89.0,15.6,17.5,19.2,17.4,1023.03,2.0,0.0,0.0,158.0,,,,,,,,,
Engenho,AcuRite Iris®,2026/29/05 00:10,17.4,89.0,15.6,17.5,19.2,17.4,1023.03,2.0,0.0,0.0,158.0,,,,,,,,,
Engenho,AcuRite Iris®,2026/29/05 00:15,17.3,89.0,15.4,17.4,19.1,17.3,1023.03,2.0,0.0,0.0,158.0,,,,,,,,,
Engenho,AcuRite Iris®,2026/29/05 00:20,17.2,89.0,15.4,17.3,19.0,17.2,1023.03,2.0,0.0,0.0,158.0,,,,,,,,,
Engenho,AcuRite Iris®,2026/29/05 00:25,17.3,89.0,15.4,17.4,19.1,17.3,1023.03,2.0,0.0,0.0,158.0,,,,,,,,,
Engenho,AcuRite Iris®,2026/29/05 00:30,17.3,89.0,15.4,17.4,19.1,17.3,1023.03,2.0,0.0,0.0,158.0,,,,,,,,,
Engenho,AcuRite Iris®,2026/29/05 00:35,17.3,89.0,15.4,17.4,19.1,17.3,1023.03,2.0,0.0,0.0,158.0,,,,,,,,,
Engenho,AcuRite Iris®,2026/29/05 00:40,17.4,90.0,15.7,17.6,19.3,17.4,1023.03,2.0,0.0,0.0,158.0,,,,,,,,,
Engenho,AcuRite Iris®,2026/29/05 00:45,17.3,90.0,15.6,17.4,19.1,17.3,1022.69,2.0,0.0,0.0,158.0,,,,,,,,,
Engenho,AcuRite Iris®,2026/29/05 00:50,17.1,90.0,15.4,17.2,18.9,17.1,1022.69,2.0,0.0,0.0,158.0,,,,,,,,,
Engenho,AcuRite Iris®,2026/29/05 00:55,17.1,91.0,15.6,17.3,18.9,17.1,1022.69,2.0,0.0,0.0,158.0,,,,,,,,,
Engenho,AcuRite Iris®,2026/29/05 01:00,17.1,91.0,15.6,17.3,18.9,17.1,1022.69,0.0,0.0,0.0,158.0,,,,,,,,,
Engenho,AcuRite Iris®,2026/29/05 01:05,17.1,91.0,15.6,17.3,18.9,17.1,1022.69,0.0,0.0,0.0,158.0,,,,,,,,,
Engenho,AcuRite Iris®,2026/29/05 01:10,17.1,91.0,15.6,17.3,18.9,17.1,1022.69,0.0,0.0,0.0,158.0,,,,,,,,,
Engenho,AcuRite Iris®,2026/29/05 01:15,17.1,91.0,15.6,17.3,18.9,17.1,1022.69,0.0,0.0,0.0,158.0,,,,,,,,,
Engenho,AcuRite Iris®,2026/29/05 01:20,17.1,91.0,15.6,17.3,18.9,17.1,1022.69,0.0,0.0,0.0,158.0,,,,,,,,,
Engenho,AcuRite Iris®,2026/29/05 01:25,17.1,91.0,15.6,17.3,18.9,17.1,1022.69,0.0,0.0,0.0,158.0,,,,,,,,,
Engenho,AcuRite Iris®,2026/29/05 01:30,17.1,92.0,15.8,17.3,19.0,17.1,1022.69,0.0,0.0,0.0,158.0,,,,,,,,,
Engenho,AcuRite Iris®,2026/29/05 01:35,17.0,92.0,15.7,17.2,18.9,17.0,1022.69,0.0,0.0,0.0,158.0,,,,,,,,,
Engenho,AcuRite Iris®,2026/29/05 01:40,17.0,92.0,15.7,17.2,18.9,17.0,1022.35,0.0,0.0,0.0,158.0,,,,,,,,,
Engenho,AcuRite Iris®,2026/29/05 01:45,17.0,92.0,15.7,17.2,18.9,17.0,1022.69,0.0,0.0,0.0,158.0,,,,,,,,,
Engenho,AcuRite Iris®,2026/29/05 01:50,17.2,92.0,15.9,17.4,19.2,17.2,1022.35,0.0,0.0,0.0,158.0,,,,,,,,,
Engenho,AcuRite Iris®,2026/29/05 01:55,17.1,92.0,15.8,17.3,19.0,17.1,1022.35,0.0,0.0,0.0,158.0,,,,,,,,,
Engenho,AcuRite Iris®,2026/29/05 02:00,17.1,92.0,15.8,17.3,19.0,17.1,1022.35,0.0,0.0,0.0,158.0,,,,,,,,,
Engenho,AcuRite Iris®,2026/29/05 02:05,17.0,92.0,15.7,17.2,18.9,17.0,1022.35,0.0,0.0,0.0,158.0,,,,,,,,,
Engenho,AcuRite Iris®,2026/29/05 02:10,17.0,92.0,15.7,17.2,18.9,17.0,1022.35,0.0,0.0,0.0,158.0,,,,,,,,,
Engenho,AcuRite Iris®,2026/29/05 02:15,17.0,92.0,15.7,17.2,18.9,17.0,1022.35,0.0,0.0,0.0,158.0,,,,,,,,,
Engenho,AcuRite Iris®,2026/29/05 02:20,17.3,92.0,15.9,17.4,19.3,17.3,1022.35,0.0,0.0,0.0,158.0,,,,,,,,,
Engenho,AcuRite Iris®,2026/29/05 02:25,17.2,92.0,15.9,17.4,19.2,17.2,1022.35,0.0,0.0,0.0,158.0,,,,,,,,,
Engenho,AcuRite Iris®,2026/29/05 02:30,17.2,92.0,15.9,17.4,19.2,17.2,1022.35,0.0,0.0,0.0,158.0,,,,,,,,,
Engenho,AcuRite Iris®,2026/29/05 02:35,17.2,92.0,15.9,17.4,19.2,17.2,1022.35,0.0,0.0,0.0,158.0,,,,,,,,,
Engenho,AcuRite Iris®,2026/29/05 02:40,17.2,92.0,15.9,17.4,19.2,17.2,1022.35,0.0,0.0,0.0,158.0,,,,,,,,,
Engenho,AcuRite Iris®,2026/29/05 02:45,17.2,92.0,15.9,17.4,19.2,17.2,1022.35,0.0,0.0,0.0,158.0,,,,,,,,,
Engenho,AcuRite Iris®,2026/29/05 02:50,17.3,92.0,15.9,17.4,19.3,17.3,1022.01,0.0,0.0,0.0,158.0,,,,,,,,,
Engenho,AcuRite Iris®,2026/29/05 02:55,17.3,92.0,15.9,17.4,19.3,17.3,1022.01,0.0,0.0,0.0,158.0,,,,,,,,,
Engenho,AcuRite Iris®,2026/29/05 03:00,17.3,92.0,15.9,17.4,19.3,17.3,1022.01,0.0,0.0,0.0,158.0,,,,,,,,,
Engenho,AcuRite Iris®,2026/29/05 03:05,17.3,92.0,15.9,17.4,19.3,17.3,1022.01,0.0,0.0,0.0,158.0,,,,,,,,,
Engenho,AcuRite Iris®,2026/29/05 03:10,17.3,91.0,15.8,17.4,19.2,17.3,1022.01,0.0,0.0,0.0,158.0,,,,,,,,,
Engenho,AcuRite Iris®,2026/29/05 03:15,17.4,91.0,15.9,17.6,19.3,17.4,1022.01,0.0,0.0,0.0,158.0,,,,,,,,,
Engenho,AcuRite Iris®,2026/29/05 03:20,17.5,90.0,15.8,17.7,19.4,17.5,1022.01,0.0,0.0,0.0,158.0,,,,,,,,,
Engenho,AcuRite Iris®,2026/29/05 03:25,17.4,90.0,15.7,17.6,19.3,17.4,1022.01,0.0,0.0,0.0,158.0,,,,,,,,,
Engenho,AcuRite Iris®,2026/29/05 03:30,17.3,91.0,15.8,17.4,19.2,17.3,1022.01,0.0,0.0,0.0,158.0,,,,,,,,,
Engenho,AcuRite Iris®,2026/29/05 03:35,17.3,91.0,15.8,17.4,19.2,17.3,1022.01,0.0,0.0,0.0,158.0,,,,,,,,,
Engenho,AcuRite Iris®,2026/29/05 03:40,17.4,91.0,15.9,17.6,19.3,17.4,1022.01,0.0,0.0,0.0,158.0,,,,,,,,,
Engenho,AcuRite Iris®,2026/29/05 03:45,17.5,91.0,16.0,17.7,19.5,17.5,1022.01,0.0,0.0,0.0,158.0,,,,,,,,,
Engenho,AcuRite Iris®,2026/29/05 03:50,17.5,90.0,15.8,17.7,19.4,17.5,1022.01,0.0,0.0,0.0,158.0,,,,,,,,,
Engenho,AcuRite Iris®,2026/29/05 03:55,17.5,90.0,15.8,17.7,19.4,17.5,1022.01,0.0,0.0,0.0,158.0,,,,,,,,,
Engenho,AcuRite Iris®,2026/29/05 04:00,17.5,90.0,15.8,17.7,19.4,17.5,1022.01,0.0,0.0,0.0,158.0,,,,,,,,,
Engenho,AcuRite Iris®,2026/29/05 04:05,17.4,91.0,15.9,17.6,19.3,17.4,1022.01,0.0,0.0,0.0,158.0,,,,,,,,,
Engenho,AcuRite Iris®,2026/29/05 04:10,17.4,91.0,15.9,17.6,19.3,17.4,1022.01,0.0,0.0,0.0,158.0,,,,,,,,,
Engenho,AcuRite Iris®,2026/29/05 04:15,17.4,91.0,15.9,17.6,19.3,17.4,1022.01,0.0,0.0,0.0,158.0,,,,,,,,,
Engenho,AcuRite Iris®,2026/29/05 04:20,17.4,91.0,15.9,17.6,19.3,17.4,1022.01,0.0,0.0,0.0,158.0,,,,,,,,,
Engenho,AcuRite Iris®,2026/29/05 04:25,17.4,91.0,15.9,17.6,19.3,17.4,1022.01,0.0,0.0,0.0,158.0,,,,,,,,,
Engenho,AcuRite Iris®,2026/29/05 04:30,17.4,91.0,15.9,17.6,19.3,17.4,1022.01,0.0,0.0,0.0,158.0,,,,,,,,,
Engenho,AcuRite Iris®,2026/29/05 04:35,17.4,91.0,15.9,17.6,19.3,17.4,1022.01,0.0,0.0,0.0,158.0,,,,,,,,,
Engenho,AcuRite Iris®,2026/29/05 04:40,17.5,91.0,16.0,17.7,19.5,17.5,1022.01,0.0,0.0,0.0,158.0,,,,,,,,,
Engenho,AcuRite Iris®,2026/29/05 04:45,17.5,91.0,16.0,17.7,19.5,17.5,1022.01,0.0,0.0,0.0,158.0,,,,,,,,,
Engenho,AcuRite Iris®,2026/29/05 04:50,17.5,91.0,16.0,17.7,19.5,17.5,1022.01,0.0,0.0,0.0,158.0,,,,,,,,,
Engenho,AcuRite Iris®,2026/29/05 04:55,17.5,91.0,16.0,17.7,19.5,17.5,1022.01,0.0,0.0,0.0,158.0,,,,,,,,,
Engenho,AcuRite Iris®,2026/29/05 05:00,17.6,91.0,16.1,17.8,19.7,17.6,1022.35,0.0,0.0,0.0,158.0,,,,,,,,,
Engenho,AcuRite Iris®,2026/29/05 05:05,17.6,91.0,16.1,17.8,19.7,17.6,1022.01,0.0,0.0,0.0,158.0,,,,,,,,,
Engenho,AcuRite Iris®,2026/29/05 05:10,17.6,91.0,16.1,17.8,19.7,17.6,1022.35,0.0,0.0,0.0,158.0,,,,,,,,,
Engenho,AcuRite Iris®,2026/29/05 05:15,17.5,91.0,16.0,17.7,19.5,17.5,1022.35,0.0,0.0,0.0,158.0,,,,,,,,,
Engenho,AcuRite Iris®,2026/29/05 05:20,17.4,91.0,15.9,17.6,19.3,17.4,1022.35,0.0,0.0,0.0,158.0,,,,,,,,,
Engenho,AcuRite Iris®,2026/29/05 05:25,17.7,91.0,16.2,17.9,19.8,17.7,1022.35,0.0,0.0,0.0,158.0,,,,,,,,,
Engenho,AcuRite Iris®,2026/29/05 05:30,17.6,91.0,16.1,17.8,19.7,17.6,1022.35,0.0,0.0,0.0,158.0,,,,,,,,,
Engenho,AcuRite Iris®,2026/29/05 05:35,17.6,91.0,16.1,17.8,19.7,17.6,1022.35,0.0,0.0,0.0,158.0,,,,,,,,,
Engenho,AcuRite Iris®,2026/29/05 05:40,17.6,91.0,16.1,17.8,19.7,17.6,1022.35,0.0,0.0,0.0,158.0,,,,,,,,,
Engenho,AcuRite Iris®,2026/29/05 05:45,17.5,91.0,16.0,17.7,19.5,17.5,1022.35,0.0,0.0,0.0,158.0,,,,,,,,,
Engenho,AcuRite Iris®,2026/29/05 05:50,17.6,91.0,16.1,17.8,19.7,17.6,1022.35,0.0,0.0,0.0,158.0,,,,,,,,,
Engenho,AcuRite Iris®,2026/29/05 05:55,17.6,91.0,16.1,17.8,19.7,17.6,1022.35,0.0,0.0,0.0,158.0,,,,,,,,,
Engenho,AcuRite Iris®,2026/29/05 06:00,17.6,91.0,16.1,17.8,19.7,17.6,1022.35,0.0,0.0,0.0,158.0,,,,,,,,,
Engenho,AcuRite Iris®,2026/29/05 06:05,17.8,91.0,16.3,18.0,19.9,17.8,1022.69,0.0,0.0,0.0,158.0,,,,,,,,,
Engenho,AcuRite Iris®,2026/29/05 06:10,17.6,91.0,16.1,17.8,19.7,17.6,1022.35,0.0,0.0,0.0,158.0,,,,,,,,,
Engenho,AcuRite Iris®,2026/29/05 06:15,17.5,91.0,16.0,17.7,19.5,17.5,1022.69,0.0,0.0,0.0,158.0,,,,,,,,,
Engenho,AcuRite Iris®,2026/29/05 06:20,17.5,92.0,16.2,17.7,19.6,17.5,1022.69,0.0,0.0,0.0,158.0,,,,,,,,,
Engenho,AcuRite Iris®,2026/29/05 06:25,17.5,92.0,16.2,17.7,19.6,17.5,1022.69,0.0,0.0,0.0,158.0,,,,,,,,,
Engenho,AcuRite Iris®,2026/29/05 06:30,17.5,92.0,16.2,17.7,19.6,17.5,1022.69,0.0,0.0,0.0,158.0,,,,,,,,,
Engenho,AcuRite Iris®,2026/29/05 06:35,17.4,92.0,16.1,17.6,19.4,17.4,1022.69,0.0,0.0,0.0,158.0,,,,,,,,,
Engenho,AcuRite Iris®,2026/29/05 06:40,17.4,92.0,16.1,17.6,19.4,17.4,1023.03,0.0,0.0,0.0,158.0,,,,,,,,,
Engenho,AcuRite Iris®,2026/29/05 06:45,17.3,92.0,15.9,17.4,19.3,17.3,1023.03,0.0,0.0,0.0,158.0,,,,,,,,,
Engenho,AcuRite Iris®,2026/29/05 06:50,17.4,92.0,16.1,17.6,19.4,17.4,1023.03,0.0,0.0,0.0,158.0,,,,,,,,,
Engenho,AcuRite Iris®,2026/29/05 06:55,17.4,92.0,16.1,17.6,19.4,17.4,1023.03,0.0,0.0,0.0,158.0,,,,,,,,,
Engenho,AcuRite Iris®,2026/29/05 07:00,17.4,92.0,16.1,17.6,19.4,17.4,1023.03,0.0,0.0,0.0,158.0,,,,,,,,,
Engenho,AcuRite Iris®,2026/29/05 07:05,17.4,92.0,16.1,17.6,19.4,17.4,1023.03,0.0,0.0,0.0,158.0,,,,,,,,,
Engenho,AcuRite Iris®,2026/29/05 07:10,17.3,92.0,15.9,17.4,19.3,17.3,1023.37,0.0,0.0,0.0,158.0,,,,,,,,,
Engenho,AcuRite Iris®,2026/29/05 07:15,17.7,91.0,16.2,17.9,19.8,17.7,1023.37,0.0,0.0,0.0,158.0,,,,,,,,,
Engenho,AcuRite Iris®,2026/29/05 07:20,17.1,91.0,15.6,17.3,18.9,17.1,1023.37,0.0,0.0,0.0,158.0,,,,,,,,,
Engenho,AcuRite Iris®,2026/29/05 07:25,17.3,91.0,15.8,17.4,19.2,17.3,1023.37,0.0,0.0,0.0,158.0,,,,,,,,,
Engenho,AcuRite Iris®,2026/29/05 07:30,17.4,91.0,15.9,17.6,19.3,17.4,1023.37,0.0,0.0,0.0,158.0,,,,,,,,,
Engenho,AcuRite Iris®,2026/29/05 07:35,17.1,91.0,15.6,17.3,18.9,17.1,1023.37,0.0,0.0,0.0,158.0,,,,,,,,,
Engenho,AcuRite Iris®,2026/29/05 07:40,17.0,92.0,15.7,17.2,18.9,17.0,1023.37,0.0,0.0,0.0,158.0,,,,,,,,,
Engenho,AcuRite Iris®,2026/29/05 07:45,16.9,93.0,15.7,17.1,18.8,16.9,1023.37,0.0,0.0,0.0,158.0,,,,,,,,,
Engenho,AcuRite Iris®,2026/29/05 07:50,17.1,93.0,15.9,17.3,19.1,17.1,1023.37,0.0,0.0,0.0,158.0,,,,,,,,,
Engenho,AcuRite Iris®,2026/29/05 07:55,17.1,93.0,15.9,17.3,19.1,17.1,1023.37,0.0,0.0,0.0,158.0,,,,,,,,,
Engenho,AcuRite Iris®,2026/29/05 08:00,17.3,93.0,16.1,17.5,19.3,17.3,1023.37,0.0,0.0,0.0,158.0,,,,,,,,,
Engenho,AcuRite Iris®,2026/29/05 08:05,17.4,93.0,16.2,17.6,19.4,17.4,1023.37,0.0,0.0,0.0,158.0,,,,,,,,,
Engenho,AcuRite Iris®,2026/29/05 08:10,17.7,93.0,16.6,18.0,19.9,17.7,1023.37,0.0,0.0,0.0,158.0,,,,,,,,,
Engenho,AcuRite Iris®,2026/29/05 08:15,17.7,93.0,16.6,18.0,19.9,17.7,1023.37,0.0,0.0,0.0,158.0,,,,,,,,,
Engenho,AcuRite Iris®,2026/29/05 08:20,18.1,92.0,16.8,18.4,20.4,18.1,1023.37,0.0,0.0,0.0,158.0,,,,,,,,,
Engenho,AcuRite Iris®,2026/29/05 08:25,18.2,91.0,16.7,18.5,20.5,18.2,1023.37,0.0,0.0,0.0,158.0,,,,,,,,,
Engenho,AcuRite Iris®,2026/29/05 08:30,18.4,90.0,16.7,18.6,20.7,18.4,1023.37,0.0,0.0,0.0,158.0,,,,,,,,,
Engenho,AcuRite Iris®,2026/29/05 08:35,18.7,90.0,17.1,19.0,21.1,18.7,1023.37,0.0,0.0,0.0,158.0,,,,,,,,,
Engenho,AcuRite Iris®,2026/29/05 08:40,19.0,87.0,16.8,19.2,21.3,19.0,1023.71,0.0,0.0,0.0,135.0,,,,,,,,,
Engenho,AcuRite Iris®,2026/29/05 08:45,19.4,84.0,16.6,19.6,21.6,19.4,1023.71,0.0,0.0,0.0,135.0,,,,,,,,,
Engenho,AcuRite Iris®,2026/29/05 08:50,19.8,82.0,16.6,19.9,22.0,19.8,1023.71,0.0,0.0,0.0,135.0,,,,,,,,,
Engenho,AcuRite Iris®,2026/29/05 08:55,20.3,80.0,16.7,20.4,22.6,20.3,1023.71,0.0,0.0,0.0,135.0,,,,,,,,,
Engenho,AcuRite Iris®,2026/29/05 09:00,20.6,80.0,17.1,20.8,23.0,20.6,1023.71,0.0,0.0,0.0,135.0,,,,,,,,,
Engenho,AcuRite Iris®,2026/29/05 09:10,21.1,79.0,17.3,21.3,23.6,21.1,1024.04,0.0,0.0,0.0,135.0,,,,,,,,,
Engenho,AcuRite Iris®,2026/29/05 09:15,21.2,78.0,17.2,21.4,23.7,21.2,1024.04,0.0,0.0,0.0,135.0,,,,,,,,,
Engenho,AcuRite Iris®,2026/29/05 09:20,21.4,76.0,17.0,21.6,23.8,21.4,1024.04,0.0,0.0,0.0,135.0,,,,,,,,,
Engenho,AcuRite Iris®,2026/29/05 09:25,21.6,76.0,17.2,21.8,24.1,21.6,1024.04,0.0,0.0,0.0,135.0,,,,,,,,,
Engenho,AcuRite Iris®,2026/29/05 09:30,21.7,74.0,16.9,21.9,24.1,21.7,1024.04,0.0,0.0,0.0,135.0,,,,,,,,,
Engenho,AcuRite Iris®,2026/29/05 09:35,21.9,74.0,17.1,22.1,24.3,21.9,1024.04,0.0,0.0,0.0,135.0,,,,,,,,,
Engenho,AcuRite Iris®,2026/29/05 09:40,22.2,73.0,17.2,22.4,24.7,22.2,1024.04,0.0,0.0,0.0,135.0,,,,,,,,,
Engenho,AcuRite Iris®,2026/29/05 09:45,22.2,73.0,17.2,22.4,24.7,22.2,1024.04,0.0,0.0,0.0,135.0,,,,,,,,,
Engenho,AcuRite Iris®,2026/29/05 09:50,22.3,72.0,17.0,22.4,24.7,22.3,1024.04,0.0,0.0,0.0,135.0,,,,,,,,,
Engenho,AcuRite Iris®,2026/29/05 09:55,22.2,72.0,16.9,22.4,24.6,22.2,1024.38,0.0,0.0,0.0,135.0,,,,,,,,,
Engenho,AcuRite Iris®,2026/29/05 10:00,22.6,71.0,17.1,22.8,25.0,22.6,1024.04,0.0,0.0,0.0,135.0,,,,,,,,,
Engenho,AcuRite Iris®,2026/29/05 10:05,22.8,70.0,17.0,22.9,25.2,22.8,1024.04,0.0,0.0,0.0,135.0,,,,,,,,,
Engenho,AcuRite Iris®,2026/29/05 10:10,24.0,69.0,17.9,24.3,26.8,24.0,1024.04,0.0,0.0,0.0,135.0,,,,,,,,,
Engenho,AcuRite Iris®,2026/29/05 10:15,24.8,67.0,18.2,25.1,27.7,24.8,1024.04,0.0,0.0,0.0,135.0,,,,,,,,,
Engenho,AcuRite Iris®,2026/29/05 10:20,25.2,67.0,18.7,25.6,28.3,25.2,1024.38,0.0,0.0,0.0,135.0,,,,,,,,,
Engenho,AcuRite Iris®,2026/29/05 10:25,24.6,68.0,18.3,24.9,27.6,24.6,1024.04,0.0,0.0,0.0,135.0,,,,,,,,,
Engenho,AcuRite Iris®,2026/29/05 10:30,25.2,68.0,18.9,25.6,28.4,25.2,1024.04,0.0,0.0,0.0,135.0,,,,,,,,,
Engenho,AcuRite Iris®,2026/29/05 10:35,25.5,68.0,19.2,25.9,28.8,25.5,1024.04,0.0,0.0,0.0,135.0,,,,,,,,,
Engenho,AcuRite Iris®,2026/29/05 10:40,25.3,68.0,18.9,25.6,28.5,25.3,1024.04,0.0,0.0,0.0,135.0,,,,,,,,,
Engenho,AcuRite Iris®,2026/29/05 10:45,25.5,68.0,19.2,25.9,28.8,25.5,1024.04,0.0,0.0,0.0,135.0,,,,,,,,,
Engenho,AcuRite Iris®,2026/29/05 10:50,25.8,68.0,19.4,26.9,29.2,25.8,1024.04,0.0,0.0,0.0,135.0,,,,,,,,,
Engenho,AcuRite Iris®,2026/29/05 10:55,25.9,68.0,19.5,27.1,29.3,25.9,1024.04,0.0,0.0,0.0,135.0,,,,,,,,,
Engenho,AcuRite Iris®,2026/29/05 11:00,26.4,66.0,19.5,27.7,29.8,26.4,1024.04,0.0,0.0,0.0,135.0,,,,,,,,,
Engenho,AcuRite Iris®,2026/29/05 11:05,25.0,69.0,18.9,25.3,28.2,25.0,1024.04,0.0,0.0,0.0,135.0,,,,,,,,,
Engenho,AcuRite Iris®,2026/29/05 11:10,24.8,70.0,18.9,25.2,28.0,24.8,1024.04,0.0,0.0,0.0,135.0,,,,,,,,,
Engenho,AcuRite Iris®,2026/29/05 11:15,26.4,68.0,20.0,27.8,30.1,26.4,1024.04,0.0,0.0,0.0,135.0,,,,,,,,,
Engenho,AcuRite Iris®,2026/29/05 11:20,26.1,68.0,19.7,27.4,29.7,26.1,1024.04,0.0,0.0,0.0,135.0,,,,,,,,,
Engenho,AcuRite Iris®,2026/29/05 11:25,25.2,70.0,19.3,25.6,28.6,25.2,1023.71,0.0,0.0,0.0,135.0,,,,,,,,,
Engenho,AcuRite Iris®,2026/29/05 11:35,24.5,71.0,18.9,24.8,27.7,24.5,1023.71,0.0,0.0,0.0,135.0,,,,,,,,,
Engenho,AcuRite Iris®,2026/29/05 11:40,24.2,72.0,18.8,24.6,27.4,24.2,1023.71,0.0,0.0,0.0,135.0,,,,,,,,,
Engenho,AcuRite Iris®,2026/29/05 11:45,24.2,72.0,18.8,24.6,27.4,24.2,1023.71,0.0,0.0,0.0,135.0,,,,,,,,,
Engenho,AcuRite Iris®,2026/29/05 11:50,24.6,71.0,19.0,25.0,27.8,24.6,1023.71,0.0,0.0,0.0,135.0,,,,,,,,,
Engenho,AcuRite Iris®,2026/29/05 11:55,23.5,72.0,18.2,23.8,26.3,23.5,1023.37,0.0,0.0,0.0,135.0,,,,,,,,,
Engenho,AcuRite Iris®,2026/29/05 12:00,23.3,73.0,18.2,23.6,26.2,23.3,1023.37,0.0,0.0,0.0,135.0,,,,,,,,,
Engenho,AcuRite Iris®,2026/29/05 12:05,23.6,73.0,18.5,23.9,26.6,23.6,1023.03,0.0,0.0,0.0,135.0,,,,,,,,,
Engenho,AcuRite Iris®,2026/29/05 12:10,24.1,72.0,18.7,24.4,27.2,24.1,1023.03,0.0,0.0,0.0,135.0,,,,,,,,,
Engenho,AcuRite Iris®,2026/29/05 12:15,23.2,74.0,18.3,23.6,26.2,23.2,1023.03,0.0,0.0,0.0,135.0,,,,,,,,,
Engenho,AcuRite Iris®,2026/29/05 12:20,23.4,74.0,18.5,23.7,26.4,23.4,1023.03,0.0,0.0,0.0,135.0,,,,,,,,,
Engenho,AcuRite Iris®,2026/29/05 12:25,23.7,73.0,18.6,24.1,26.8,23.7,1023.03,0.0,0.0,0.0,135.0,,,,,,,,,
Engenho,AcuRite Iris®,2026/29/05 12:30,23.5,73.0,18.4,23.8,26.4,23.5,1023.03,0.0,0.0,0.0,135.0,,,,,,,,,
Engenho,AcuRite Iris®,2026/29/05 12:35,23.2,73.0,18.1,23.5,26.1,23.2,1023.03,0.0,0.0,0.0,135.0,,,,,,,,,
Engenho,AcuRite Iris®,2026/29/05 12:40,23.0,74.0,18.1,23.3,25.8,23.0,1022.69,0.0,0.0,0.0,135.0,,,,,,,,,
Engenho,AcuRite Iris®,2026/29/05 12:45,23.2,74.0,18.3,23.6,26.2,23.2,1022.69,0.0,0.0,0.0,135.0,,,,,,,,,
Engenho,AcuRite Iris®,2026/29/05 12:50,23.5,74.0,18.6,23.8,26.6,23.5,1022.35,0.0,0.0,0.0,135.0,,,,,,,,,
Engenho,AcuRite Iris®,2026/29/05 12:55,23.9,73.0,18.7,24.2,27.0,23.9,1022.35,0.0,0.0,0.0,135.0,,,,,,,,,
Engenho,AcuRite Iris®,2026/29/05 13:00,23.9,72.0,18.5,24.2,26.9,23.9,1022.35,0.0,0.0,0.0,135.0,,,,,,,,,
Engenho,AcuRite Iris®,2026/29/05 13:05,23.5,73.0,18.4,23.8,26.4,23.5,1022.35,0.0,0.0,0.0,135.0,,,,,,,,,
Engenho,AcuRite Iris®,2026/29/05 13:10,23.6,73.0,18.5,23.9,26.6,23.6,1022.35,0.0,0.0,0.0,135.0,,,,,,,,,
Engenho,AcuRite Iris®,2026/29/05 13:15,23.7,73.0,18.6,24.1,26.8,23.7,1022.35,0.0,0.0,0.0,135.0,,,,,,,,,
Engenho,AcuRite Iris®,2026/29/05 13:20,23.2,74.0,18.3,23.6,26.2,23.2,1022.35,0.0,0.0,0.0,135.0,,,,,,,,,
Engenho,AcuRite Iris®,2026/29/05 13:25,23.2,74.0,18.3,23.6,26.2,23.2,1022.35,0.0,0.0,0.0,135.0,,,,,,,,,
Engenho,AcuRite Iris®,2026/29/05 13:30,23.0,74.0,18.1,23.3,25.8,23.0,1022.35,0.0,0.0,0.0,135.0,,,,,,,,,
Engenho,AcuRite Iris®,2026/29/05 13:35,23.1,74.0,18.2,23.4,26.0,23.1,1022.01,0.0,0.0,0.0,135.0,,,,,,,,,
Engenho,AcuRite Iris®,2026/29/05 13:40,23.1,74.0,18.2,23.4,26.0,23.1,1022.01,0.0,0.0,0.0,135.0,,,,,,,,,
Engenho,AcuRite Iris®,2026/29/05 13:45,23.1,74.0,18.2,23.4,26.0,23.1,1022.01,0.0,0.0,0.0,135.0,,,,,,,,,
Engenho,AcuRite Iris®,2026/29/05 13:50,23.0,74.0,18.1,23.3,25.8,23.0,1022.01,0.0,0.0,0.0,135.0,,,,,,,,,
Engenho,AcuRite Iris®,2026/29/05 13:55,22.9,74.0,18.0,23.2,25.7,22.9,1022.01,0.0,2.0,0.0,135.0,,,,,,,,,
Engenho,AcuRite Iris®,2026/29/05 14:00,22.9,74.0,18.0,23.2,25.7,22.9,1022.01,0.0,0.0,0.0,135.0,,,,,,,,,
Engenho,AcuRite Iris®,2026/29/05 14:05,23.1,74.0,18.2,23.4,26.0,23.1,1021.67,0.0,2.0,0.0,135.0,,,,,,,,,
Engenho,AcuRite Iris®,2026/29/05 14:10,22.8,74.0,17.9,23.1,25.5,22.8,1022.01,0.0,0.0,0.0,135.0,,,,,,,,,
Engenho,AcuRite Iris®,2026/29/05 14:15,22.8,74.0,17.9,23.1,25.5,22.8,1022.01,0.0,0.0,0.0,135.0,,,,,,,,,
Engenho,AcuRite Iris®,2026/29/05 14:20,22.5,75.0,17.8,22.8,25.2,22.5,1022.01,0.0,0.0,0.0,338.0,,,,,,,,,
Engenho,AcuRite Iris®,2026/29/05 14:25,22.5,75.0,17.8,22.8,25.2,22.5,1022.01,0.0,0.0,0.0,338.0,,,,,,,,,
Engenho,AcuRite Iris®,2026/29/05 14:30,22.4,75.0,17.7,22.7,25.1,22.4,1022.01,0.0,0.0,0.0,338.0,,,,,,,,,
Engenho,AcuRite Iris®,2026/29/05 14:35,22.3,75.0,17.6,22.5,24.9,22.3,1022.01,0.0,0.0,0.0,338.0,,,,,,,,,
Engenho,AcuRite Iris®,2026/29/05 14:40,22.3,75.0,17.6,22.5,24.9,22.3,1022.01,0.0,0.0,0.0,338.0,,,,,,,,,
Engenho,AcuRite Iris®,2026/29/05 14:45,22.6,75.0,17.9,22.9,25.4,22.6,1022.01,0.0,2.0,0.0,338.0,,,,,,,,,
Engenho,AcuRite Iris®,2026/29/05 14:50,22.1,75.0,17.4,22.3,24.7,22.1,1022.01,0.0,0.0,0.0,338.0,,,,,,,,,
Engenho,AcuRite Iris®,2026/29/05 14:55,22.1,75.0,17.4,22.3,24.7,22.1,1022.01,0.0,2.0,0.0,338.0,,,,,,,,,
Engenho,AcuRite Iris®,2026/29/05 15:00,22.4,75.0,17.7,22.7,25.1,22.4,1022.01,0.0,2.0,0.0,338.0,,,,,,,,,
Engenho,AcuRite Iris®,2026/29/05 15:05,22.5,75.0,17.8,22.8,25.2,22.5,1022.01,0.0,0.0,0.0,338.0,,,,,,,,,
Engenho,AcuRite Iris®,2026/29/05 15:10,22.5,74.0,17.6,22.7,25.1,22.5,1022.01,0.0,0.0,0.0,338.0,,,,,,,,,
Engenho,AcuRite Iris®,2026/29/05 15:15,22.4,75.0,17.7,22.7,25.1,22.4,1022.01,0.0,0.0,0.0,338.0,,,,,,,,,
Engenho,AcuRite Iris®,2026/29/05 15:20,22.5,74.0,17.6,22.7,25.1,22.5,1022.01,0.0,0.0,0.0,338.0,,,,,,,,,
Engenho,AcuRite Iris®,2026/29/05 15:25,22.3,75.0,17.6,22.5,24.9,22.3,1022.01,0.0,0.0,0.0,338.0,,,,,,,,,
Engenho,AcuRite Iris®,2026/29/05 15:30,22.5,75.0,17.8,22.8,25.2,22.5,1022.01,0.0,0.0,0.0,338.0,,,,,,,,,
Engenho,AcuRite Iris®,2026/29/05 15:35,22.6,75.0,17.9,22.9,25.4,22.6,1022.01,0.0,0.0,0.0,338.0,,,,,,,,,
Engenho,AcuRite Iris®,2026/29/05 15:40,22.2,75.0,17.6,22.4,24.8,22.2,1021.67,0.0,0.0,0.0,338.0,,,,,,,,,
Engenho,AcuRite Iris®,2026/29/05 15:45,22.0,75.0,17.3,22.2,24.5,22.0,1021.67,0.0,0.0,0.0,338.0,,,,,,,,,
Engenho,AcuRite Iris®,2026/29/05 15:50,22.1,75.0,17.4,22.3,24.7,22.1,1021.67,0.0,0.0,0.0,338.0,,,,,,,,,
Engenho,AcuRite Iris®,2026/29/05 15:55,22.5,75.0,17.8,22.8,25.2,22.5,1021.33,0.0,2.0,0.0,338.0,,,,,,,,,
Engenho,AcuRite Iris®,2026/29/05 16:00,22.4,75.0,17.7,22.7,25.1,22.4,1021.33,0.0,5.0,0.0,338.0,,,,,,,,,
Engenho,AcuRite Iris®,2026/29/05 16:05,22.0,75.0,17.3,22.2,24.5,22.0,1021.33,0.0,2.0,0.0,338.0,,,,,,,,,
Engenho,AcuRite Iris®,2026/29/05 16:10,22.0,75.0,17.3,22.2,24.5,22.0,1021.33,0.0,2.0,0.0,338.0,,,,,,,,,
Engenho,AcuRite Iris®,2026/29/05 16:15,22.1,75.0,17.4,22.3,24.7,22.1,1021.33,0.0,0.0,0.0,338.0,,,,,,,,,
Engenho,AcuRite Iris®,2026/29/05 16:20,22.1,75.0,17.4,22.3,24.7,22.1,1021.33,0.0,0.0,0.0,338.0,,,,,,,,,
Engenho,AcuRite Iris®,2026/29/05 16:25,22.2,75.0,17.6,22.4,24.8,22.2,1021.67,0.0,0.0,0.0,338.0,,,,,,,,,
Engenho,AcuRite Iris®,2026/29/05 16:30,21.9,75.0,17.3,22.1,24.4,21.9,1021.67,0.0,0.0,0.0,338.0,,,,,,,,,
Engenho,AcuRite Iris®,2026/29/05 16:35,22.0,75.0,17.3,22.2,24.5,22.0,1021.67,0.0,0.0,0.0,338.0,,,,,,,,,
Engenho,AcuRite Iris®,2026/29/05 16:40,22.1,75.0,17.4,22.3,24.7,22.1,1021.67,0.0,0.0,0.0,338.0,,,,,,,,,
Engenho,AcuRite Iris®,2026/29/05 16:45,22.0,75.0,17.3,22.2,24.5,22.0,1021.67,0.0,2.0,0.0,338.0,,,,,,,,,
Engenho,AcuRite Iris®,2026/29/05 16:50,21.8,75.0,17.2,21.9,24.2,21.8,1021.67,0.0,2.0,0.0,338.0,,,,,,,,,
Engenho,AcuRite Iris®,2026/29/05 16:55,21.7,75.0,17.1,21.9,24.1,21.7,1021.67,0.0,0.0,0.0,338.0,,,,,,,,,
Engenho,AcuRite Iris®,2026/29/05 17:00,21.7,76.0,17.3,21.9,24.2,21.7,1021.67,0.0,2.0,0.0,338.0,,,,,,,,,
Engenho,AcuRite Iris®,2026/29/05 17:05,21.6,76.0,17.2,21.8,24.1,21.6,1021.67,0.0,0.0,0.0,338.0,,,,,,,,,
Engenho,AcuRite Iris®,2026/29/05 17:10,21.6,76.0,17.2,21.8,24.1,21.6,1022.01,0.0,0.0,0.0,338.0,,,,,,,,,
Engenho,AcuRite Iris®,2026/29/05 17:15,21.5,76.0,17.1,21.7,23.9,21.5,1022.01,0.0,0.0,0.0,338.0,,,,,,,,,
Engenho,AcuRite Iris®,2026/29/05 17:20,21.5,76.0,17.1,21.7,23.9,21.5,1022.01,0.0,0.0,0.0,338.0,,,,,,,,,
Engenho,AcuRite Iris®,2026/29/05 17:25,21.7,76.0,17.3,21.9,24.2,21.7,1022.01,0.0,0.0,0.0,338.0,,,,,,,,,
Engenho,AcuRite Iris®,2026/29/05 17:30,21.8,76.0,17.3,22.0,24.3,21.8,1022.01,0.0,0.0,0.0,338.0,,,,,,,,,
Engenho,AcuRite Iris®,2026/29/05 17:35,21.8,76.0,17.3,22.0,24.3,21.8,1022.01,0.0,0.0,0.0,338.0,,,,,,,,,
Engenho,AcuRite Iris®,2026/29/05 17:40,21.9,76.0,17.4,22.1,24.4,21.9,1022.01,0.0,0.0,0.0,338.0,,,,,,,,,
Engenho,AcuRite Iris®,2026/29/05 17:45,21.6,76.0,17.2,21.8,24.1,21.6,1022.01,0.0,0.0,0.0,338.0,,,,,,,,,
Engenho,AcuRite Iris®,2026/29/05 17:50,21.6,76.0,17.2,21.8,24.1,21.6,1022.01,0.0,0.0,0.0,338.0,,,,,,,,,
Engenho,AcuRite Iris®,2026/29/05 17:55,21.6,76.0,17.2,21.8,24.1,21.6,1022.01,0.0,0.0,0.0,338.0,,,,,,,,,
Engenho,AcuRite Iris®,2026/29/05 18:00,21.2,76.0,16.8,21.4,23.6,21.2,1022.35,0.0,0.0,0.0,338.0,,,,,,,,,
Engenho,AcuRite Iris®,2026/29/05 18:05,20.9,76.0,16.5,21.0,23.1,20.9,1022.01,0.0,0.0,0.0,338.0,,,,,,,,,
Engenho,AcuRite Iris®,2026/29/05 18:15,20.7,77.0,16.6,20.8,22.9,20.7,1022.35,0.0,0.0,0.0,338.0,,,,,,,,,
Engenho,AcuRite Iris®,2026/29/05 18:20,20.8,78.0,16.8,20.9,23.1,20.8,1022.69,0.0,0.0,0.0,338.0,,,,,,,,,
Engenho,AcuRite Iris®,2026/29/05 18:25,20.8,79.0,17.0,21.0,23.2,20.8,1022.69,0.0,0.0,0.0,338.0,,,,,,,,,
Engenho,AcuRite Iris®,2026/29/05 18:30,20.8,79.0,17.0,21.0,23.2,20.8,1022.69,0.0,0.0,0.0,338.0,,,,,,,,,
Engenho,AcuRite Iris®,2026/29/05 18:35,20.7,80.0,17.2,20.9,23.2,20.7,1022.69,0.0,0.0,0.0,338.0,,,,,,,,,
Engenho,AcuRite Iris®,2026/29/05 18:40,20.7,81.0,17.3,20.9,23.2,20.7,1022.35,0.0,0.0,0.0,338.0,,,,,,,,,
Engenho,AcuRite Iris®,2026/29/05 18:45,20.6,81.0,17.2,20.8,23.1,20.6,1022.35,0.0,0.0,0.0,338.0,,,,,,,,,
Engenho,AcuRite Iris®,2026/29/05 18:50,20.4,82.0,17.2,20.6,22.8,20.4,1022.69,0.0,0.0,0.0,338.0,,,,,,,,,
Engenho,AcuRite Iris®,2026/29/05 18:55,20.4,82.0,17.2,20.6,22.8,20.4,1022.69,0.0,0.0,0.0,338.0,,,,,,,,,
Engenho,AcuRite Iris®,2026/29/05 19:00,20.5,82.0,17.3,20.7,23.0,20.5,1022.69,0.0,0.0,0.0,338.0,,,,,,,,,
Engenho,AcuRite Iris®,2026/29/05 19:05,20.5,82.0,17.3,20.7,23.0,20.5,1022.69,0.0,0.0,0.0,338.0,,,,,,,,,
Engenho,AcuRite Iris®,2026/29/05 19:10,20.7,82.0,17.6,21.0,23.3,20.7,1022.69,0.0,0.0,0.0,338.0,,,,,,,,,
Engenho,AcuRite Iris®,2026/29/05 19:15,20.5,82.0,17.3,20.7,23.0,20.5,1022.69,0.0,0.0,0.0,338.0,,,,,,,,,
Engenho,AcuRite Iris®,2026/29/05 19:20,20.4,83.0,17.4,20.7,22.9,20.4,1023.03,0.0,0.0,0.0,338.0,,,,,,,,,
Engenho,AcuRite Iris®,2026/29/05 19:25,20.7,83.0,17.7,21.0,23.4,20.7,1022.69,0.0,0.0,0.0,338.0,,,,,,,,,
Engenho,AcuRite Iris®,2026/29/05 19:30,20.7,83.0,17.7,21.0,23.4,20.7,1022.69,0.0,0.0,0.0,338.0,,,,,,,,,
Engenho,AcuRite Iris®,2026/29/05 19:35,20.7,83.0,17.7,21.0,23.4,20.7,1022.69,0.0,0.0,0.0,338.0,,,,,,,,,
Engenho,AcuRite Iris®,2026/29/05 19:40,20.7,82.0,17.6,21.0,23.3,20.7,1023.03,0.0,0.0,0.0,338.0,,,,,,,,,
Engenho,AcuRite Iris®,2026/29/05 19:45,20.2,84.0,17.4,20.5,22.8,20.2,1023.03,0.0,0.0,0.0,338.0,,,,,,,,,
Engenho,AcuRite Iris®,2026/29/05 19:50,20.5,83.0,17.5,20.8,23.1,20.5,1023.03,0.0,0.0,0.0,338.0,,,,,,,,,
Engenho,AcuRite Iris®,2026/29/05 19:55,20.2,84.0,17.4,20.5,22.8,20.2,1023.03,0.0,0.0,0.0,338.0,,,,,,,,,
Engenho,AcuRite Iris®,2026/29/05 20:00,20.2,84.0,17.4,20.5,22.8,20.2,1023.03,0.0,0.0,0.0,338.0,,,,,,,,,
Engenho,AcuRite Iris®,2026/29/05 20:05,20.2,84.0,17.4,20.5,22.8,20.2,1023.03,0.0,0.0,0.0,338.0,,,,,,,,,
Engenho,AcuRite Iris®,2026/29/05 20:10,20.2,84.0,17.4,20.5,22.8,20.2,1023.03,0.0,0.0,0.0,338.0,,,,,,,,,
Engenho,AcuRite Iris®,2026/29/05 20:15,20.1,84.0,17.3,20.4,22.6,20.1,1023.03,0.0,0.0,0.0,338.0,,,,,,,,,
Engenho,AcuRite Iris®,2026/29/05 20:20,20.1,84.0,17.3,20.4,22.6,20.1,1023.03,0.0,0.0,0.0,338.0,,,,,,,,,
Engenho,AcuRite Iris®,2026/29/05 20:25,19.9,85.0,17.3,20.2,22.4,19.9,1023.03,0.0,0.0,0.0,338.0,,,,,,,,,
Engenho,AcuRite Iris®,2026/29/05 20:30,19.8,85.0,17.2,20.1,22.2,19.8,1023.03,0.0,0.0,0.0,338.0,,,,,,,,,
Engenho,AcuRite Iris®,2026/29/05 20:35,20.0,85.0,17.4,20.3,22.6,20.0,1023.03,0.0,0.0,0.0,338.0,,,,,,,,,
Engenho,AcuRite Iris®,2026/29/05 20:40,19.4,87.0,17.2,19.7,21.8,19.4,1022.69,0.0,0.0,0.0,338.0,,,,,,,,,
Engenho,AcuRite Iris®,2026/29/05 20:45,19.5,87.0,17.3,19.8,22.0,19.5,1023.03,0.0,0.0,0.0,338.0,,,,,,,,,
Engenho,AcuRite Iris®,2026/29/05 20:50,19.2,88.0,17.2,19.5,21.7,19.2,1023.03,0.0,0.0,0.0,338.0,,,,,,,,,
Engenho,AcuRite Iris®,2026/29/05 20:55,19.2,88.0,17.2,19.5,21.7,19.2,1023.03,0.0,0.0,0.0,338.0,,,,,,,,,
Engenho,AcuRite Iris®,2026/29/05 21:00,19.3,89.0,17.4,19.6,21.8,19.3,1023.03,0.0,0.0,0.0,338.0,,,,,,,,,
Engenho,AcuRite Iris®,2026/29/05 21:05,19.4,88.0,17.3,19.7,21.9,19.4,1023.03,0.0,0.0,0.0,338.0,,,,,,,,,
Engenho,AcuRite Iris®,2026/29/05 21:10,19.4,87.0,17.2,19.7,21.8,19.4,1023.03,0.0,0.0,0.0,338.0,,,,,,,,,
Engenho,AcuRite Iris®,2026/29/05 21:15,19.4,88.0,17.3,19.7,21.9,19.4,1023.03,0.0,0.0,0.0,338.0,,,,,,,,,
Engenho,AcuRite Iris®,2026/29/05 21:20,19.3,87.0,17.1,19.6,21.7,19.3,1023.03,0.0,0.0,0.0,338.0,,,,,,,,,
Engenho,AcuRite Iris®,2026/29/05 21:25,19.7,87.0,17.5,20.0,22.3,19.7,1023.03,0.0,0.0,0.0,338.0,,,,,,,,,
Engenho,AcuRite Iris®,2026/29/05 21:30,19.6,86.0,17.2,19.9,22.1,19.6,1023.03,0.0,0.0,0.0,338.0,,,,,,,,,
Engenho,AcuRite Iris®,2026/29/05 21:35,19.5,86.0,17.1,19.8,21.9,19.5,1023.03,0.0,0.0,0.0,338.0,,,,,,,,,
Engenho,AcuRite Iris®,2026/29/05 21:40,19.1,87.0,16.9,19.3,21.4,19.1,1023.03,0.0,0.0,0.0,338.0,,,,,,,,,
Engenho,AcuRite Iris®,2026/29/05 21:45,19.3,87.0,17.1,19.6,21.7,19.3,1023.03,0.0,0.0,0.0,338.0,,,,,,,,,
Engenho,AcuRite Iris®,2026/29/05 21:50,19.2,87.0,17.0,19.4,21.6,19.2,1023.03,0.0,0.0,0.0,338.0,,,,,,,,,
Engenho,AcuRite Iris®,2026/29/05 21:55,19.1,87.0,16.9,19.3,21.4,19.1,1023.03,0.0,0.0,0.0,338.0,,,,,,,,,
Engenho,AcuRite Iris®,2026/29/05 22:00,19.2,87.0,17.0,19.4,21.6,19.2,1023.03,0.0,0.0,0.0,338.0,,,,,,,,,
Engenho,AcuRite Iris®,2026/29/05 22:05,19.0,87.0,16.8,19.2,21.3,19.0,1023.03,0.0,0.0,0.0,338.0,,,,,,,,,
Engenho,AcuRite Iris®,2026/29/05 22:10,18.9,87.0,16.7,19.1,21.1,18.9,1023.03,0.0,0.0,0.0,338.0,,,,,,,,,
Engenho,AcuRite Iris®,2026/29/05 22:15,19.1,87.0,16.9,19.3,21.4,19.1,1022.69,0.0,0.0,0.0,338.0,,,,,,,,,
Engenho,AcuRite Iris®,2026/30/05 11:20,21.9,78.0,17.9,22.2,24.6,21.9,1004.06,0.0,0.0,0.0,23.0,,,,,,,,,
Engenho,AcuRite Iris®,2026/30/05 11:25,21.3,80.0,17.7,21.6,23.9,21.3,1004.06,0.0,0.0,0.0,315.0,,,,,,,,,
Engenho,AcuRite Iris®,2026/30/05 11:30,21.6,80.0,18.0,21.9,24.4,21.6,1004.06,0.0,0.0,0.0,315.0,,,,,,,,,
Engenho,AcuRite Iris®,2026/30/05 11:35,23.9,73.0,18.7,24.2,27.0,23.9,1004.06,0.0,0.0,0.0,315.0,,,,,,,,,
Engenho,AcuRite Iris®,2026/30/05 11:40,23.3,74.0,18.4,23.6,26.2,23.3,1004.06,0.0,0.0,0.0,315.0,,,,,,,,,
Engenho,AcuRite Iris®,2026/30/05 11:45,24.4,71.0,18.8,24.7,27.5,24.4,1004.06,0.0,0.0,0.0,315.0,,,,,,,,,
Engenho,AcuRite Iris®,2026/30/05 11:50,25.4,68.0,19.1,25.8,28.7,25.4,1004.06,0.0,2.0,0.0,315.0,,,,,,,,,
Engenho,AcuRite Iris®,2026/30/05 11:55,26.3,67.0,19.7,27.6,29.8,26.3,1004.06,0.0,0.0,2.0,315.0,,,,,,,,,
Engenho,AcuRite Iris®,2026/30/05 12:00,25.6,68.0,19.3,26.0,28.9,25.6,1003.73,0.0,0.0,0.0,315.0,,,,,,,,,
Engenho,AcuRite Iris®,2026/30/05 12:05,25.9,68.0,19.5,27.1,29.3,25.9,1003.73,0.0,2.0,0.0,315.0,,,,,,,,,
Engenho,AcuRite Iris®,2026/30/05 12:10,24.9,69.0,18.8,25.2,28.1,24.9,1003.73,0.0,0.0,0.0,315.0,,,,,,,,,
Engenho,AcuRite Iris®,2026/30/05 12:15,25.0,69.0,18.9,25.3,28.2,25.0,1003.73,0.0,0.0,0.0,315.0,,,,,,,,,
Engenho,AcuRite Iris®,2026/30/05 12:20,25.8,68.0,19.4,26.9,29.2,25.8,1003.39,0.0,0.0,0.0,315.0,,,,,,,,,
Engenho,AcuRite Iris®,2026/30/05 12:25,24.2,69.0,18.2,24.5,27.1,24.2,1003.39,0.0,2.0,2.0,315.0,,,,,,,,,
Engenho,AcuRite Iris®,2026/30/05 12:30,26.0,66.0,19.2,27.2,29.3,26.0,1003.39,0.0,2.0,0.0,315.0,,,,,,,,,
Engenho,AcuRite Iris®,2026/30/05 12:35,27.0,65.0,19.8,28.4,30.6,27.0,1003.39,0.0,2.0,0.0,315.0,,,,,,,,,
Engenho,AcuRite Iris®,2026/30/05 12:40,27.4,64.0,19.9,28.9,31.1,27.4,1003.05,0.0,2.0,0.0,315.0,,,,,,,,,
Engenho,AcuRite Iris®,2026/30/05 12:45,28.0,63.0,20.3,29.8,31.8,28.0,1003.05,0.0,0.0,0.0,315.0,,,,,,,,,
Engenho,AcuRite Iris®,2026/30/05 12:50,26.4,68.0,20.0,27.8,30.1,26.4,1003.05,0.0,0.0,0.0,315.0,,,,,,,,,
Engenho,AcuRite Iris®,2026/30/05 12:55,25.2,70.0,19.3,25.6,28.6,25.2,1003.05,0.0,5.0,0.0,315.0,,,,,,,,,
Engenho,AcuRite Iris®,2026/30/05 13:00,25.0,69.0,18.9,25.3,28.2,25.0,1003.05,0.0,0.0,0.0,293.0,,,,,,,,,
Engenho,AcuRite Iris®,2026/30/05 13:05,25.7,69.0,19.6,26.9,29.2,25.7,1002.71,1.0,2.0,0.0,315.0,,,,,,,,,
Engenho,AcuRite Iris®,2026/30/05 13:10,25.2,69.0,19.1,25.6,28.5,25.2,1002.71,1.0,0.0,0.0,180.0,,,,,,,,,
Engenho,AcuRite Iris®,2026/30/05 13:15,24.6,70.0,18.8,24.9,27.7,24.6,1002.71,1.0,0.0,2.0,158.0,,,,,,,,,
Engenho,AcuRite Iris®,2026/30/05 13:20,23.0,73.0,17.9,23.3,25.7,23.0,1002.71,1.0,0.0,2.0,158.0,,,,,,,,,
Engenho,AcuRite Iris®,2026/30/05 13:25,23.4,74.0,18.5,23.7,26.4,23.4,1002.37,1.0,2.0,0.0,45.0,,,,,,,,,
Engenho,AcuRite Iris®,2026/30/05 13:30,23.3,73.0,18.2,23.6,26.2,23.3,1002.37,1.0,0.0,0.0,270.0,,,,,,,,,
Engenho,AcuRite Iris®,2026/30/05 13:35,23.5,75.0,18.8,23.9,26.7,23.5,1002.37,1.0,0.0,0.0,270.0,,,,,,,,,
Engenho,AcuRite Iris®,2026/30/05 13:40,23.2,76.0,18.7,23.6,26.3,23.2,1002.37,1.0,0.0,0.0,270.0,,,,,,,,,
Engenho,AcuRite Iris®,2026/30/05 13:45,23.3,76.0,18.8,23.7,26.4,23.3,1002.37,1.0,0.0,0.0,270.0,,,,,,,,,
Engenho,AcuRite Iris®,2026/30/05 13:50,22.7,76.0,18.3,23.1,25.6,22.7,1002.03,1.0,0.0,0.0,23.0,,,,,,,,,
Engenho,AcuRite Iris®,2026/30/05 13:55,23.1,75.0,18.4,23.4,26.1,23.1,1002.03,1.0,2.0,0.0,23.0,,,,,,,,,
Engenho,AcuRite Iris®,2026/30/05 14:00,23.3,73.0,18.2,23.6,26.2,23.3,1002.03,1.0,0.0,0.0,23.0,,,,,,,,,
Engenho,AcuRite Iris®,2026/30/05 14:05,22.0,75.0,17.3,22.2,24.5,22.0,1002.03,1.0,0.0,0.0,90.0,,,,,,,,,
Engenho,AcuRite Iris®,2026/30/05 14:10,23.3,72.0,17.9,23.6,26.1,23.3,1002.03,1.0,0.0,0.0,90.0,,,,,,,,,
Engenho,AcuRite Iris®,2026/30/05 14:15,23.5,73.0,18.4,23.8,26.4,23.5,1002.03,1.0,0.0,0.0,90.0,,,,,,,,,
Engenho,AcuRite Iris®,2026/30/05 14:20,23.1,71.0,17.6,23.3,25.7,23.1,1002.03,1.0,0.0,0.0,90.0,,,,,,,,,
Engenho,AcuRite Iris®,2026/30/05 14:25,23.7,71.0,18.2,24.0,26.6,23.7,1002.03,1.0,0.0,0.0,90.0,,,,,,,,,
Engenho,AcuRite Iris®,2026/30/05 14:30,23.5,73.0,18.4,23.8,26.4,23.5,1002.03,1.0,0.0,0.0,90.0,,,,,,,,,
Engenho,AcuRite Iris®,2026/30/05 14:35,23.5,72.0,18.2,23.8,26.3,23.5,1002.03,1.0,0.0,0.0,90.0,,,,,,,,,
Engenho,AcuRite Iris®,2026/30/05 14:40,23.4,73.0,18.3,23.7,26.3,23.4,1002.03,1.0,0.0,0.0,90.0,,,,,,,,,
Engenho,AcuRite Iris®,2026/30/05 14:45,23.9,73.0,18.7,24.2,27.0,23.9,1002.03,1.0,0.0,0.0,90.0,,,,,,,,,
Engenho,AcuRite Iris®,2026/30/05 14:50,23.6,71.0,18.1,23.9,26.4,23.6,1002.03,1.0,0.0,0.0,293.0,,,,,,,,,
Engenho,AcuRite Iris®,2026/30/05 14:55,23.9,73.0,18.7,24.2,27.0,23.9,1002.03,1.0,0.0,0.0,293.0,,,,,,,,,
Engenho,AcuRite Iris®,2026/30/05 15:00,23.8,74.0,18.8,24.2,26.9,23.8,1002.03,1.0,0.0,0.0,293.0,,,,,,,,,
Engenho,AcuRite Iris®,2026/30/05 15:05,24.0,73.0,18.8,24.4,27.2,24.0,1002.03,1.0,0.0,0.0,293.0,,,,,,,,,
Engenho,AcuRite Iris®,2026/30/05 15:10,23.8,74.0,18.8,24.2,26.9,23.8,1002.03,1.0,0.0,0.0,293.0,,,,,,,,,
Engenho,AcuRite Iris®,2026/30/05 15:15,23.8,71.0,18.2,24.1,26.7,23.8,1002.03,1.0,0.0,0.0,293.0,,,,,,,,,
Engenho,AcuRite Iris®,2026/30/05 15:20,23.9,71.0,18.3,24.2,26.8,23.9,1002.03,1.0,0.0,0.0,293.0,,,,,,,,,
Engenho,AcuRite Iris®,2026/30/05 15:25,23.8,73.0,18.7,24.1,26.8,23.8,1002.03,1.0,0.0,0.0,293.0,,,,,,,,,
Engenho,AcuRite Iris®,2026/30/05 15:30,23.7,73.0,18.6,24.1,26.8,23.7,1002.03,1.0,0.0,0.0,293.0,,,,,,,,,
Engenho,AcuRite Iris®,2026/30/05 15:35,23.7,74.0,18.8,24.1,26.9,23.7,1002.03,1.0,0.0,0.0,293.0,,,,,,,,,
Engenho,AcuRite Iris®,2026/30/05 15:40,23.9,74.0,18.9,24.3,27.1,23.9,1002.03,1.0,0.0,0.0,293.0,,,,,,,,,
Engenho,AcuRite Iris®,2026/30/05 15:45,22.7,73.0,17.6,22.9,25.3,22.7,1002.03,1.0,0.0,0.0,293.0,,,,,,,,,
Engenho,AcuRite Iris®,2026/30/05 15:50,22.7,74.0,17.8,23.0,25.4,22.7,1002.03,1.0,0.0,0.0,293.0,,,,,,,,,
Engenho,AcuRite Iris®,2026/30/05 15:55,23.2,75.0,18.6,23.6,26.2,23.2,1002.03,1.0,0.0,0.0,293.0,,,,,,,,,
Engenho,AcuRite Iris®,2026/30/05 16:00,23.1,75.0,18.4,23.4,26.1,23.1,1002.03,1.0,0.0,0.0,293.0,,,,,,,,,
Engenho,AcuRite Iris®,2026/30/05 16:05,23.0,76.0,18.6,23.3,26.0,23.0,1002.37,1.0,0.0,0.0,293.0,,,,,,,,,
Engenho,AcuRite Iris®,2026/30/05 16:10,22.7,76.0,18.3,23.1,25.6,22.7,1002.37,1.0,0.0,0.0,293.0,,,,,,,,,
Engenho,AcuRite Iris®,2026/30/05 16:15,22.8,74.0,17.9,23.1,25.5,22.8,1002.37,1.0,0.0,0.0,293.0,,,,,,,,,
Engenho,AcuRite Iris®,2026/30/05 16:20,22.4,77.0,18.2,22.7,25.2,22.4,1002.37,1.0,0.0,0.0,293.0,,,,,,,,,
Engenho,AcuRite Iris®,2026/30/05 16:25,22.4,76.0,17.9,22.7,25.2,22.4,1002.37,1.0,0.0,0.0,293.0,,,,,,,,,
Engenho,AcuRite Iris®,2026/30/05 16:30,22.1,77.0,17.9,22.4,24.8,22.1,1002.37,1.0,0.0,0.0,293.0,,,,,,,,,
Engenho,AcuRite Iris®,2026/30/05 16:35,22.1,76.0,17.7,22.4,24.8,22.1,1002.37,1.0,0.0,0.0,293.0,,,,,,,,,
Engenho,AcuRite Iris®,2026/30/05 16:40,21.9,78.0,17.9,22.2,24.6,21.9,1002.37,1.0,0.0,0.0,293.0,,,,,,,,,
Engenho,AcuRite Iris®,2026/30/05 16:45,22.0,78.0,18.0,22.3,24.8,22.0,1002.37,1.0,0.0,0.0,293.0,,,,,,,,,
Engenho,AcuRite Iris®,2026/30/05 16:50,21.9,78.0,17.9,22.2,24.6,21.9,1002.37,1.0,0.0,0.0,293.0,,,,,,,,,
Engenho,AcuRite Iris®,2026/30/05 16:55,21.5,78.0,17.5,21.7,24.1,21.5,1002.37,1.0,0.0,0.0,293.0,,,,,,,,,
Engenho,AcuRite Iris®,2026/30/05 17:00,21.2,80.0,17.6,21.5,23.8,21.2,1002.37,1.0,0.0,0.0,293.0,,,,,,,,,
Engenho,AcuRite Iris®,2026/30/05 17:05,20.8,81.0,17.4,21.0,23.3,20.8,1002.37,1.0,0.0,0.0,293.0,,,,,,,,,
Engenho,AcuRite Iris®,2026/30/05 17:10,20.4,82.0,17.2,20.6,22.8,20.4,1002.71,1.0,0.0,0.0,293.0,,,,,,,,,
Engenho,AcuRite Iris®,2026/30/05 17:15,20.3,82.0,17.1,20.5,22.7,20.3,1002.71,1.0,0.0,0.0,293.0,,,,,,,,,
Engenho,AcuRite Iris®,2026/30/05 17:20,20.3,81.0,16.9,20.5,22.6,20.3,1002.71,1.0,0.0,0.0,293.0,,,,,,,,,
Engenho,AcuRite Iris®,2026/30/05 17:25,20.0,81.0,16.6,20.2,22.2,20.0,1002.71,1.0,0.0,0.0,293.0,,,,,,,,,
Engenho,AcuRite Iris®,2026/30/05 17:30,18.9,86.0,16.5,19.1,21.1,18.9,1002.71,1.0,0.0,0.0,293.0,,,,,,,,,
Engenho,AcuRite Iris®,2026/30/05 17:35,18.7,87.0,16.5,18.9,20.9,18.7,1002.71,1.0,0.0,0.0,293.0,,,,,,,,,
Engenho,AcuRite Iris®,2026/30/05 17:40,19.0,86.0,16.6,19.2,21.2,19.0,1002.71,1.0,0.0,0.0,293.0,,,,,,,,,
Engenho,AcuRite Iris®,2026/30/05 17:45,19.3,85.0,16.7,19.5,21.6,19.3,1002.71,1.0,0.0,0.0,293.0,,,,,,,,,
Engenho,AcuRite Iris®,2026/30/05 17:50,19.4,84.0,16.6,19.6,21.6,19.4,1003.05,1.0,0.0,0.0,293.0,,,,,,,,,
Engenho,AcuRite Iris®,2026/30/05 17:55,18.6,87.0,16.4,18.8,20.8,18.6,1003.05,1.0,0.0,0.0,293.0,,,,,,,,,
Engenho,AcuRite Iris®,2026/30/05 18:00,18.8,87.0,16.6,19.0,21.0,18.8,1003.05,1.0,0.0,0.0,293.0,,,,,,,,,
Engenho,AcuRite Iris®,2026/30/05 18:05,18.2,88.0,16.2,18.4,20.3,18.2,1003.05,1.0,0.0,0.0,293.0,,,,,,,,,
Engenho,AcuRite Iris®,2026/30/05 18:10,18.3,88.0,16.3,18.4,20.4,18.3,1003.05,1.0,0.0,0.0,293.0,,,,,,,,,
Engenho,AcuRite Iris®,2026/30/05 18:15,18.2,88.0,16.2,18.4,20.3,18.2,1003.05,1.0,0.0,0.0,293.0,,,,,,,,,
Engenho,AcuRite Iris®,2026/30/05 18:20,17.7,89.0,15.9,17.9,19.7,17.7,1003.05,1.0,0.0,0.0,293.0,,,,,,,,,
Engenho,AcuRite Iris®,2026/30/05 18:25,17.6,89.0,15.8,17.8,19.5,17.6,1003.05,1.0,0.0,0.0,293.0,,,,,,,,,
Engenho,AcuRite Iris®,2026/30/05 18:30,18.1,87.0,15.9,18.2,20.1,18.1,1003.05,1.0,0.0,0.0,293.0,,,,,,,,,
Engenho,AcuRite Iris®,2026/30/05 18:35,17.5,89.0,15.7,17.6,19.3,17.5,1003.05,1.0,2.0,0.0,293.0,,,,,,,,,
Engenho,AcuRite Iris®,2026/30/05 18:40,17.3,89.0,15.4,17.4,19.1,17.3,1003.05,1.0,0.0,0.0,293.0,,,,,,,,,
Engenho,AcuRite Iris®,2026/30/05 18:45,17.0,90.0,15.3,17.1,18.7,17.0,1003.39,1.0,0.0,0.0,293.0,,,,,,,,,
Engenho,AcuRite Iris®,2026/30/05 18:50,16.9,90.0,15.2,17.0,18.6,16.9,1003.39,1.0,2.0,0.0,293.0,,,,,,,,,
Engenho,AcuRite Iris®,2026/30/05 19:20,16.7,90.0,15.1,16.8,18.4,16.7,1003.39,1.0,3.0,3.0,293.0,,,,,,,,,
Engenho,AcuRite Iris®,2026/30/05 19:35,16.3,91.0,14.8,16.3,17.8,16.3,1003.39,1.0,0.0,0.0,293.0,,,,,,,,,
Engenho,AcuRite Iris®,2026/30/05 19:40,16.3,91.0,14.8,16.3,17.8,16.3,1003.39,1.0,0.0,0.0,293.0,,,,,,,,,
Engenho,AcuRite Iris®,2026/30/05 19:45,16.4,91.0,14.9,16.4,18.0,16.4,1003.39,1.0,0.0,0.0,293.0,,,,,,,,,
Engenho,AcuRite Iris®,2026/30/05 19:50,16.6,90.0,14.9,16.7,18.2,16.6,1003.39,1.0,0.0,0.0,293.0,,,,,,,,,
Engenho,AcuRite Iris®,2026/30/05 19:55,16.6,90.0,14.9,16.7,18.2,16.6,1003.39,1.0,0.0,0.0,293.0,,,,,,,,,
Engenho,AcuRite Iris®,2026/30/05 20:35,16.1,90.0,14.4,16.1,17.6,16.1,1003.73,1.0,0.0,0.0,293.0,,,,,,,,,
Engenho,AcuRite Iris®,2026/30/05 20:45,16.1,90.0,14.4,16.1,17.6,16.1,1003.39,1.0,0.0,0.0,293.0,,,,,,,,,
Engenho,AcuRite Iris®,2026/30/05 20:55,16.5,89.0,14.7,16.6,18.0,16.5,1003.73,1.0,0.0,0.0,293.0,,,,,,,,,
Engenho,AcuRite Iris®,2026/30/05 21:00,15.8,91.0,14.3,15.8,17.2,15.8,1003.73,1.0,0.0,0.0,293.0,,,,,,,,,
Engenho,AcuRite Iris®,2026/30/05 21:05,16.3,91.0,14.8,16.3,17.8,16.3,1003.39,1.0,0.0,0.0,293.0,,,,,,,,,
Engenho,AcuRite Iris®,2026/30/05 21:10,16.4,90.0,14.7,16.4,17.9,16.4,1003.39,1.0,0.0,0.0,293.0,,,,,,,,,
Engenho,AcuRite Iris®,2026/30/05 21:15,16.1,91.0,14.7,16.2,17.6,16.1,1003.39,1.0,0.0,0.0,293.0,,,,,,,,,
Engenho,AcuRite Iris®,2026/30/05 21:20,16.1,91.0,14.7,16.2,17.6,16.1,1003.39,1.0,0.0,0.0,293.0,,,,,,,,,
Engenho,AcuRite Iris®,2026/30/05 21:30,16.1,91.0,14.7,16.2,17.6,16.1,1003.39,1.0,0.0,0.0,293.0,,,,,,,,,
Engenho,AcuRite Iris®,2026/30/05 21:35,16.4,89.0,14.6,16.4,17.8,16.4,1003.39,1.0,0.0,0.0,293.0,,,,,,,,,
Engenho,AcuRite Iris®,2026/30/05 21:40,16.4,89.0,14.6,16.4,17.8,16.4,1003.39,1.0,0.0,0.0,293.0,,,,,,,,,
Engenho,AcuRite Iris®,2026/30/05 22:15,16.0,90.0,14.3,16.0,17.4,16.0,1003.05,0.0,0.0,0.0,293.0,,,,,,,,,
Engenho,AcuRite Iris®,2026/30/05 22:20,16.0,89.0,14.2,16.0,17.3,16.0,1003.05,0.0,0.0,0.0,293.0,,,,,,,,,
Engenho,AcuRite Iris®,2026/30/05 22:25,16.3,89.0,14.4,16.3,17.7,16.3,1003.05,0.0,0.0,0.0,293.0,,,,,,,,,
Engenho,AcuRite Iris®,2026/30/05 22:30,16.2,88.0,14.2,16.2,17.6,16.2,1003.05,0.0,2.0,0.0,293.0,,,,,,,,,
Engenho,AcuRite Iris®,2026/30/05 22:35,16.5,89.0,14.7,16.6,18.0,16.5,1003.05,0.0,0.0,0.0,293.0,,,,,,,,,
Engenho,AcuRite Iris®,2026/30/05 22:40,16.3,87.0,14.1,16.2,17.6,16.3,1003.05,0.0,0.0,0.0,293.0,,,,,,,,,
Engenho,AcuRite Iris®,2026/30/05 22:45,16.6,87.0,14.4,16.6,18.0,16.6,1003.05,0.0,0.0,0.0,293.0,,,,,,,,,
Engenho,AcuRite Iris®,2026/30/05 22:50,16.4,87.0,14.2,16.3,17.7,16.4,1003.05,0.0,0.0,0.0,293.0,,,,,,,,,
Engenho,AcuRite Iris®,2026/30/05 22:55,16.4,86.0,14.1,16.3,17.7,16.4,1003.05,0.0,0.0,0.0,293.0,,,,,,,,,
Engenho,AcuRite Iris®,2026/30/05 23:00,16.4,87.0,14.2,16.3,17.7,16.4,1003.05,0.0,0.0,0.0,293.0,,,,,,,,,
Engenho,AcuRite Iris®,2026/30/05 23:05,16.0,89.0,14.2,16.0,17.3,16.0,1003.05,0.0,0.0,0.0,293.0,,,,,,,,,
Engenho,AcuRite Iris®,2026/30/05 23:10,15.9,88.0,13.9,15.8,17.1,15.9,1003.05,0.0,0.0,0.0,293.0,,,,,,,,,
Engenho,AcuRite Iris®,2026/30/05 23:15,15.8,89.0,13.9,15.7,17.1,15.8,1003.05,0.0,2.0,0.0,293.0,,,,,,,,,
Engenho,AcuRite Iris®,2026/30/05 23:20,15.7,89.0,13.9,15.7,16.9,15.7,1003.05,0.0,3.0,2.0,293.0,,,,,,,,,
Engenho,AcuRite Iris®,2026/30/05 23:25,15.8,89.0,13.9,15.7,17.1,15.8,1003.05,0.0,0.0,2.0,293.0,,,,,,,,,
Engenho,AcuRite Iris®,2026/30/05 23:30,16.0,88.0,14.0,15.9,17.3,16.0,1002.71,0.0,0.0,0.0,293.0,,,,,,,,,
Engenho,AcuRite Iris®,2026/30/05 23:35,16.1,88.0,14.1,16.1,17.4,16.1,1003.05,0.0,0.0,0.0,293.0,,,,,,,,,
Engenho,AcuRite Iris®,2026/30/05 23:40,16.3,86.0,13.9,16.2,17.5,16.3,1002.71,0.0,0.0,0.0,293.0,,,,,,,,,
Engenho,AcuRite Iris®,2026/30/05 23:45,15.8,88.0,13.8,15.7,16.9,15.8,1002.71,0.0,0.0,0.0,293.0,,,,,,,,,
Engenho,AcuRite Iris®,2026/30/05 23:50,16.2,87.0,14.1,16.2,17.5,16.2,1002.71,0.0,0.0,0.0,293.0,,,,,,,,,
Engenho,AcuRite Iris®,2026/30/05 23:55,16.5,86.0,14.2,16.4,17.8,16.5,1002.71,0.0,0.0,0.0,293.0,,,,,,,,,
Engenho,AcuRite Iris®,2026/31/05 00:00,16.2,87.0,14.1,16.2,17.5,16.2,1002.71,0.0,0.0,0.0,293.0,,,,,,,,,
Engenho,AcuRite Iris®,2026/31/05 00:05,16.1,88.0,14.1,16.1,17.4,16.1,1002.71,0.0,0.0,0.0,293.0,,,,,,,,,
Engenho,AcuRite Iris®,2026/31/05 00:10,16.0,88.0,14.0,15.9,17.3,16.0,1002.71,0.0,0.0,0.0,293.0,,,,,,,,,
Engenho,AcuRite Iris®,2026/31/05 00:15,16.0,88.0,14.0,15.9,17.3,16.0,1002.71,0.0,0.0,0.0,293.0,,,,,,,,,
Engenho,AcuRite Iris®,2026/31/05 00:20,16.2,87.0,14.1,16.2,17.5,16.2,1002.37,0.0,0.0,0.0,293.0,,,,,,,,,
Engenho,AcuRite Iris®,2026/31/05 00:25,16.0,86.0,13.7,15.9,17.2,16.0,1002.71,0.0,0.0,0.0,293.0,,,,,,,,,
Engenho,AcuRite Iris®,2026/31/05 00:30,16.0,86.0,13.7,15.9,17.2,16.0,1002.71,0.0,0.0,0.0,293.0,,,,,,,,,
Engenho,AcuRite Iris®,2026/31/05 00:35,15.4,88.0,13.4,15.3,16.4,15.4,1002.37,0.0,0.0,0.0,293.0,,,,,,,,,
Engenho,AcuRite Iris®,2026/31/05 00:40,15.5,89.0,13.7,15.4,16.7,15.5,1002.71,0.0,0.0,0.0,293.0,,,,,,,,,
Engenho,AcuRite Iris®,2026/31/05 00:45,15.8,87.0,13.6,15.7,16.9,15.8,1002.71,0.0,0.0,0.0,293.0,,,,,,,,,
Engenho,AcuRite Iris®,2026/31/05 00:50,15.6,87.0,13.4,15.5,16.7,15.6,1002.71,0.0,0.0,0.0,293.0,,,,,,,,,
Engenho,AcuRite Iris®,2026/31/05 00:55,15.4,88.0,13.4,15.3,16.4,15.4,1002.71,0.0,3.0,0.0,293.0,,,,,,,,,
Engenho,AcuRite Iris®,2026/31/05 01:00,15.4,88.0,13.4,15.3,16.4,15.4,1002.71,0.0,0.0,0.0,293.0,,,,,,,,,
Engenho,AcuRite Iris®,2026/31/05 01:05,16.2,86.0,13.9,16.2,17.4,16.2,1002.71,0.0,0.0,0.0,293.0,,,,,,,,,
Engenho,AcuRite Iris®,2026/31/05 01:10,16.2,86.0,13.9,16.2,17.4,16.2,1002.71,0.0,0.0,0.0,293.0,,,,,,,,,
Engenho,AcuRite Iris®,2026/31/05 01:15,15.5,86.0,13.2,15.3,16.5,15.5,1002.71,0.0,0.0,0.0,293.0,,,,,,,,,
Engenho,AcuRite Iris®,2026/31/05 01:20,15.5,86.0,13.2,15.3,16.5,15.5,1002.37,0.0,0.0,0.0,293.0,,,,,,,,,
Engenho,AcuRite Iris®,2026/31/05 01:25,15.8,86.0,13.4,15.7,16.8,15.8,1002.37,0.0,0.0,0.0,293.0,,,,,,,,,
Engenho,AcuRite Iris®,2026/31/05 01:30,15.1,87.0,12.9,14.9,16.1,15.1,1002.37,0.0,0.0,0.0,293.0,,,,,,,,,
Engenho,AcuRite Iris®,2026/31/05 01:35,15.6,87.0,13.4,15.5,16.7,15.6,1002.37,0.0,0.0,0.0,293.0,,,,,,,,,
Engenho,AcuRite Iris®,2026/31/05 01:40,15.0,88.0,13.0,14.8,15.9,15.0,1002.37,0.0,0.0,0.0,293.0,,,,,,,,,
Engenho,AcuRite Iris®,2026/31/05 01:45,15.0,89.0,13.2,14.9,16.0,15.0,1002.37,0.0,0.0,0.0,293.0,,,,,,,,,
Engenho,AcuRite Iris®,2026/31/05 01:50,15.6,86.0,13.3,15.5,16.6,15.6,1002.37,0.0,0.0,0.0,293.0,,,,,,,,,
Engenho,AcuRite Iris®,2026/31/05 01:55,15.5,86.0,13.2,15.3,16.5,15.5,1002.37,0.0,0.0,0.0,293.0,,,,,,,,,
Engenho,AcuRite Iris®,2026/31/05 02:00,15.2,86.0,12.9,15.1,16.1,15.2,1002.37,0.0,0.0,0.0,293.0,,,,,,,,,
Engenho,AcuRite Iris®,2026/31/05 02:05,15.2,87.0,13.1,15.1,16.2,15.2,1002.37,0.0,0.0,0.0,293.0,,,,,,,,,
Engenho,AcuRite Iris®,2026/31/05 02:10,15.4,87.0,13.2,15.3,16.4,15.4,1002.03,0.0,0.0,0.0,293.0,,,,,,,,,
Engenho,AcuRite Iris®,2026/31/05 02:15,14.8,89.0,13.0,14.6,15.7,14.8,1002.03,0.0,0.0,0.0,293.0,,,,,,,,,
Engenho,AcuRite Iris®,2026/31/05 02:20,15.5,87.0,13.3,15.4,16.6,15.5,1002.03,0.0,0.0,0.0,293.0,,,,,,,,,
Engenho,AcuRite Iris®,2026/31/05 02:25,15.1,87.0,12.9,14.9,16.1,15.1,1002.03,0.0,0.0,0.0,293.0,,,,,,,,,
Engenho,AcuRite Iris®,2026/31/05 02:30,14.6,89.0,12.8,14.4,15.5,14.6,1002.03,0.0,0.0,0.0,293.0,,,,,,,,,
Engenho,AcuRite Iris®,2026/31/05 02:35,15.0,87.0,12.8,14.8,15.9,15.0,1002.03,0.0,3.0,0.0,293.0,,,,,,,,,
Engenho,AcuRite Iris®,2026/31/05 02:40,14.6,90.0,13.0,14.5,15.6,14.6,1001.69,0.0,0.0,2.0,293.0,,,,,,,,,
Engenho,AcuRite Iris®,2026/31/05 02:45,14.7,90.0,13.1,14.6,15.7,14.7,1001.69,0.0,0.0,0.0,293.0,,,,,,,,,
Engenho,AcuRite Iris®,2026/31/05 02:50,15.1,87.0,12.9,14.9,16.1,15.1,1001.69,0.0,0.0,0.0,293.0,,,,,,,,,
Engenho,AcuRite Iris®,2026/31/05 02:55,15.1,88.0,13.1,15.0,16.1,15.1,1001.69,0.0,0.0,0.0,293.0,,,,,,,,,
Engenho,AcuRite Iris®,2026/31/05 03:00,15.1,87.0,12.9,14.9,16.1,15.1,1001.36,0.0,0.0,0.0,293.0,,,,,,,,,
Engenho,AcuRite Iris®,2026/31/05 03:05,14.9,87.0,12.7,14.7,15.7,14.9,1001.69,0.0,0.0,0.0,293.0,,,,,,,,,
Engenho,AcuRite Iris®,2026/31/05 03:10,14.4,90.0,12.8,14.2,15.2,14.4,1001.36,0.0,2.0,2.0,293.0,,,,,,,,,
Engenho,AcuRite Iris®,2026/31/05 03:15,14.9,89.0,13.1,14.8,15.8,14.9,1001.36,0.0,0.0,0.0,293.0,,,,,,,,,
Engenho,AcuRite Iris®,2026/31/05 03:20,14.8,87.0,12.6,14.6,15.6,14.8,1001.36,0.0,0.0,0.0,293.0,,,,,,,,,
Engenho,AcuRite Iris®,2026/31/05 03:25,14.6,88.0,12.7,14.4,15.4,14.6,1001.36,0.0,0.0,0.0,293.0,,,,,,,,,
Engenho,AcuRite Iris®,2026/31/05 03:30,15.0,88.0,13.0,14.8,15.9,15.0,1001.36,0.0,0.0,0.0,293.0,,,,,,,,,
Engenho,AcuRite Iris®,2026/31/05 03:35,15.1,86.0,12.8,14.9,16.0,15.1,1001.36,0.0,0.0,0.0,293.0,,,,,,,,,
Engenho,AcuRite Iris®,2026/31/05 03:40,14.6,88.0,12.7,14.4,15.4,14.6,1001.36,0.0,0.0,0.0,293.0,,,,,,,,,
Engenho,AcuRite Iris®,2026/31/05 03:45,15.0,87.0,12.8,14.8,15.9,15.0,1001.36,0.0,0.0,0.0,293.0,,,,,,,,,
Engenho,AcuRite Iris®,2026/31/05 03:50,14.9,87.0,12.7,14.7,15.7,14.9,1001.36,0.0,0.0,0.0,293.0,,,,,,,,,
Engenho,AcuRite Iris®,2026/31/05 03:55,15.0,88.0,13.0,14.8,15.9,15.0,1001.36,0.0,0.0,0.0,293.0,,,,,,,,,
Engenho,AcuRite Iris®,2026/31/05 04:00,14.7,87.0,12.6,14.5,15.5,14.7,1001.36,0.0,0.0,0.0,293.0,,,,,,,,,
Engenho,AcuRite Iris®,2026/31/05 04:05,14.7,87.0,12.6,14.5,15.5,14.7,1001.36,0.0,0.0,0.0,293.0,,,,,,,,,
Engenho,AcuRite Iris®,2026/31/05 04:10,15.0,87.0,12.8,14.8,15.9,15.0,1001.36,0.0,0.0,0.0,293.0,,,,,,,,,
Engenho,AcuRite Iris®,2026/31/05 04:15,14.7,87.0,12.6,14.5,15.5,14.7,1001.36,0.0,0.0,0.0,293.0,,,,,,,,,
Engenho,AcuRite Iris®,2026/31/05 04:20,14.9,87.0,12.7,14.7,15.7,14.9,1001.36,0.0,0.0,0.0,293.0,,,,,,,,,
Engenho,AcuRite Iris®,2026/31/05 04:25,14.1,89.0,12.3,13.9,14.8,14.1,1001.36,0.0,2.0,2.0,293.0,,,,,,,,,
Engenho,AcuRite Iris®,2026/31/05 04:30,14.4,89.0,12.6,14.2,15.2,14.4,1001.36,0.0,0.0,0.0,293.0,,,,,,,,,
Engenho,AcuRite Iris®,2026/31/05 04:35,14.7,87.0,12.6,14.5,15.5,14.7,1001.36,0.0,0.0,0.0,293.0,,,,,,,,,
Engenho,AcuRite Iris®,2026/31/05 04:40,14.3,89.0,12.5,14.1,15.1,14.3,1001.02,0.0,2.0,0.0,293.0,,,,,,,,,
Engenho,AcuRite Iris®,2026/31/05 04:45,14.8,88.0,12.8,14.6,15.7,14.8,1001.02,0.0,0.0,0.0,293.0,,,,,,,,,
Engenho,AcuRite Iris®,2026/31/05 04:50,14.8,87.0,12.6,14.6,15.6,14.8,1001.02,0.0,0.0,0.0,293.0,,,,,,,,,
Engenho,AcuRite Iris®,2026/31/05 04:55,14.4,88.0,12.4,14.2,15.2,14.4,1001.02,0.0,0.0,0.0,293.0,,,,,,,,,
Engenho,AcuRite Iris®,2026/31/05 05:00,14.6,89.0,12.8,14.4,15.5,14.6,1001.02,0.0,0.0,0.0,293.0,,,,,,,,,
Engenho,AcuRite Iris®,2026/31/05 05:05,14.7,87.0,12.6,14.5,15.5,14.7,1001.02,0.0,0.0,0.0,293.0,,,,,,,,,
Engenho,AcuRite Iris®,2026/31/05 05:10,14.5,88.0,12.6,14.3,15.3,14.5,1001.02,0.0,0.0,0.0,293.0,,,,,,,,,
Engenho,AcuRite Iris®,2026/31/05 05:15,14.9,87.0,12.7,14.7,15.7,14.9,1001.02,0.0,0.0,0.0,293.0,,,,,,,,,
Engenho,AcuRite Iris®,2026/31/05 05:20,14.6,86.0,12.3,14.4,15.3,14.6,1001.02,0.0,0.0,0.0,293.0,,,,,,,,,
Engenho,AcuRite Iris®,2026/31/05 05:25,14.7,87.0,12.6,14.5,15.5,14.7,1001.02,0.0,0.0,0.0,293.0,,,,,,,,,
Engenho,AcuRite Iris®,2026/31/05 05:30,14.7,86.0,12.4,14.5,15.4,14.7,1001.02,0.0,0.0,0.0,293.0,,,,,,,,,
Engenho,AcuRite Iris®,2026/31/05 05:35,14.4,88.0,12.4,14.2,15.2,14.4,1001.02,0.0,0.0,0.0,293.0,,,,,,,,,
Engenho,AcuRite Iris®,2026/31/05 05:40,14.5,87.0,12.3,14.3,15.2,14.5,1001.36,0.0,0.0,0.0,293.0,,,,,,,,,
Engenho,AcuRite Iris®,2026/31/05 05:45,14.7,87.0,12.6,14.5,15.5,14.7,1001.36,0.0,0.0,0.0,293.0,,,,,,,,,
Engenho,AcuRite Iris®,2026/31/05 05:50,14.2,89.0,12.4,14.0,15.0,14.2,1001.36,0.0,0.0,0.0,293.0,,,,,,,,,
Engenho,AcuRite Iris®,2026/31/05 05:55,14.2,89.0,12.4,14.0,15.0,14.2,1001.36,0.0,0.0,0.0,293.0,,,,,,,,,
Engenho,AcuRite Iris®,2026/31/05 06:00,14.4,88.0,12.4,14.2,15.2,14.4,1001.36,0.0,0.0,0.0,293.0,,,,,,,,,
Engenho,AcuRite Iris®,2026/31/05 06:05,15.0,87.0,12.8,14.8,15.9,15.0,1001.36,0.0,0.0,0.0,293.0,,,,,,,,,
Engenho,AcuRite Iris®,2026/31/05 06:10,15.2,86.0,12.9,15.1,16.1,15.2,1001.36,0.0,0.0,0.0,293.0,,,,,,,,,
Engenho,AcuRite Iris®,2026/31/05 06:15,14.9,85.0,12.4,14.7,15.6,14.9,1001.36,0.0,0.0,0.0,293.0,,,,,,,,,
Engenho,AcuRite Iris®,2026/31/05 06:20,14.5,87.0,12.3,14.3,15.2,14.5,1001.36,0.0,0.0,0.0,293.0,,,,,,,,,
Engenho,AcuRite Iris®,2026/31/05 06:25,14.7,87.0,12.6,14.5,15.5,14.7,1001.36,0.0,0.0,0.0,293.0,,,,,,,,,
Engenho,AcuRite Iris®,2026/31/05 06:30,14.3,88.0,12.3,14.1,15.0,14.3,1001.36,0.0,0.0,0.0,293.0,,,,,,,,,
Engenho,AcuRite Iris®,2026/31/05 06:35,14.8,87.0,12.6,14.6,15.6,14.8,1001.69,0.0,0.0,0.0,293.0,,,,,,,,,
Engenho,AcuRite Iris®,2026/31/05 06:40,15.1,86.0,12.8,14.9,16.0,15.1,1001.69,0.0,0.0,0.0,293.0,,,,,,,,,
Engenho,AcuRite Iris®,2026/31/05 06:45,14.8,85.0,12.3,14.6,15.5,14.8,1001.69,0.0,0.0,0.0,293.0,,,,,,,,,
Engenho,AcuRite Iris®,2026/31/05 06:50,14.8,86.0,12.4,14.6,15.6,14.8,1001.69,0.0,0.0,0.0,293.0,,,,,,,,,
Engenho,AcuRite Iris®,2026/31/05 06:55,14.7,86.0,12.4,14.5,15.4,14.7,1001.69,0.0,0.0,0.0,293.0,,,,,,,,,
Engenho,AcuRite Iris®,2026/31/05 07:00,15.3,85.0,12.8,15.1,16.1,15.3,1001.69,0.0,0.0,0.0,293.0,,,,,,,,,
Engenho,AcuRite Iris®,2026/31/05 07:05,15.1,84.0,12.4,14.9,15.9,15.1,1001.69,0.0,0.0,0.0,293.0,,,,,,,,,
Engenho,AcuRite Iris®,2026/31/05 07:10,14.7,87.0,12.6,14.5,15.5,14.7,1001.69,0.0,0.0,0.0,293.0,,,,,,,,,
Engenho,AcuRite Iris®,2026/31/05 07:15,14.7,86.0,12.4,14.5,15.4,14.7,1002.03,0.0,0.0,0.0,293.0,,,,,,,,,
Engenho,AcuRite Iris®,2026/31/05 07:20,14.7,88.0,12.8,14.6,15.6,14.7,1002.03,0.0,0.0,0.0,293.0,,,,,,,,,
Engenho,AcuRite Iris®,2026/31/05 07:25,15.0,87.0,12.8,14.8,15.9,15.0,1002.03,0.0,0.0,0.0,293.0,,,,,,,,,
Engenho,AcuRite Iris®,2026/31/05 07:30,15.1,87.0,12.9,14.9,16.1,15.1,1002.03,0.0,0.0,0.0,293.0,,,,,,,,,
Engenho,AcuRite Iris®,2026/31/05 07:35,15.5,87.0,13.3,15.4,16.6,15.5,1002.03,0.0,0.0,0.0,293.0,,,,,,,,,
Engenho,AcuRite Iris®,2026/31/05 07:40,15.9,85.0,13.4,15.8,16.9,15.9,1002.37,0.0,0.0,0.0,293.0,,,,,,,,,
Engenho,AcuRite Iris®,2026/31/05 07:45,15.6,85.0,13.1,15.4,16.6,15.6,1002.37,0.0,0.0,0.0,293.0,,,,,,,,,
Engenho,AcuRite Iris®,2026/31/05 07:50,15.6,86.0,13.3,15.5,16.6,15.6,1002.37,0.0,0.0,0.0,293.0,,,,,,,,,
Engenho,AcuRite Iris®,2026/31/05 07:55,15.8,87.0,13.6,15.7,16.9,15.8,1002.37,0.0,0.0,0.0,293.0,,,,,,,,,
Engenho,AcuRite Iris®,2026/31/05 08:00,15.0,89.0,13.2,14.9,16.0,15.0,1002.37,0.0,0.0,0.0,293.0,,,,,,,,,
Engenho,AcuRite Iris®,2026/31/05 08:05,15.2,89.0,13.4,15.1,16.3,15.2,1002.37,0.0,0.0,0.0,293.0,,,,,,,,,
Engenho,AcuRite Iris®,2026/31/05 08:10,15.2,90.0,13.6,15.2,16.3,15.2,1002.37,0.0,0.0,0.0,293.0,,,,,,,,,
Engenho,AcuRite Iris®,2026/31/05 08:15,15.8,90.0,14.2,15.8,17.1,15.8,1002.37,0.0,0.0,0.0,293.0,,,,,,,,,
Engenho,AcuRite Iris®,2026/31/05 08:20,16.8,87.0,14.6,16.8,18.3,16.8,1002.37,0.0,0.0,0.0,293.0,,,,,,,,,
Engenho,AcuRite Iris®,2026/31/05 08:25,17.2,85.0,14.7,17.2,18.7,17.2,1002.37,0.0,0.0,0.0,293.0,,,,,,,,,
Engenho,AcuRite Iris®,2026/31/05 08:30,17.6,85.0,15.1,17.7,19.2,17.6,1002.37,0.0,0.0,0.0,293.0,,,,,,,,,
Engenho,AcuRite Iris®,2026/31/05 08:35,17.6,84.0,14.9,17.6,19.2,17.6,1002.71,0.0,0.0,0.0,293.0,,,,,,,,,
Engenho,AcuRite Iris®,2026/31/05 08:40,18.8,86.0,16.4,18.9,20.9,18.8,1002.37,0.0,0.0,0.0,293.0,,,,,,,,,
Engenho,AcuRite Iris®,2026/31/05 08:45,20.5,86.0,18.1,20.8,23.3,20.5,1002.37,0.0,0.0,0.0,293.0,,,,,,,,,
Engenho,AcuRite Iris®,2026/31/05 08:50,21.1,85.0,18.5,21.5,24.1,21.1,1002.37,0.0,0.0,0.0,293.0,,,,,,,,,
Engenho,AcuRite Iris®,2026/31/05 08:55,21.0,84.0,18.2,21.3,23.9,21.0,1002.37,0.0,0.0,0.0,293.0,,,,,,,,,
Engenho,AcuRite Iris®,2026/31/05 09:00,20.8,82.0,17.6,21.1,23.4,20.8,1002.37,0.0,0.0,0.0,293.0,,,,,,,,,
Engenho,AcuRite Iris®,2026/31/05 09:05,22.6,75.0,17.9,22.9,25.4,22.6,1002.71,0.0,0.0,0.0,293.0,,,,,,,,,
Engenho,AcuRite Iris®,2026/31/05 09:10,22.9,74.0,18.0,23.2,25.7,22.9,1002.71,0.0,0.0,0.0,293.0,,,,,,,,,
Engenho,AcuRite Iris®,2026/31/05 09:15,24.6,71.0,19.0,25.0,27.8,24.6,1002.71,0.0,0.0,0.0,293.0,,,,,,,,,
Engenho,AcuRite Iris®,2026/31/05 09:20,25.4,70.0,19.5,25.8,28.8,25.4,1002.71,0.0,0.0,0.0,293.0,,,,,,,,,
Engenho,AcuRite Iris®,2026/31/05 09:25,25.9,69.0,19.8,27.1,29.4,25.9,1002.71,0.0,0.0,0.0,293.0,,,,,,,,,
Engenho,AcuRite Iris®,2026/31/05 09:30,26.4,68.0,20.0,27.8,30.1,26.4,1002.71,0.0,0.0,0.0,293.0,,,,,,,,,
Engenho,AcuRite Iris®,2026/31/05 09:35,26.3,68.0,19.9,27.6,29.9,26.3,1003.05,0.0,0.0,0.0,293.0,,,,,,,,,
Engenho,AcuRite Iris®,2026/31/05 09:40,27.2,66.0,20.3,28.9,31.1,27.2,1002.71,0.0,0.0,0.0,293.0,,,,,,,,,
Engenho,AcuRite Iris®,2026/31/05 09:45,27.8,65.0,20.6,29.7,31.8,27.8,1002.71,0.0,0.0,0.0,293.0,,,,,,,,,
Engenho,AcuRite Iris®,2026/31/05 09:50,27.0,65.0,19.8,28.4,30.6,27.0,1002.71,0.0,3.0,0.0,293.0,,,,,,,,,
Engenho,AcuRite Iris®,2026/31/05 09:55,25.4,67.0,18.8,25.7,28.6,25.4,1002.71,0.0,3.0,3.0,293.0,,,,,,,,,
Engenho,AcuRite Iris®,2026/31/05 10:00,23.0,72.0,17.7,23.2,24.9,23.0,1002.71,0.0,5.0,5.0,293.0,,,,,,,,,
Engenho,AcuRite Iris®,2026/31/05 10:05,22.4,73.0,17.3,22.6,24.9,22.4,1002.71,0.0,6.0,3.0,293.0,,,,,,,,,
Engenho,AcuRite Iris®,2026/31/05 10:10,21.4,73.0,16.3,21.5,23.5,21.4,1002.71,0.0,5.0,3.0,293.0,,,,,,,,,
Engenho,AcuRite Iris®,2026/31/05 10:15,21.1,74.0,16.3,21.2,23.2,21.1,1002.71,0.0,5.0,3.0,293.0,,,,,,,,,
Engenho,AcuRite Iris®,2026/31/05 10:20,21.1,75.0,16.5,21.2,23.3,21.1,1002.71,0.0,3.0,3.0,293.0,,,,,,,,,
Engenho,AcuRite Iris®,2026/31/05 10:25,21.8,74.0,16.9,21.9,24.1,21.8,1002.37,0.0,0.0,3.0,293.0,,,,,,,,,
Engenho,AcuRite Iris®,2026/31/05 10:30,21.9,74.0,17.1,22.1,24.3,21.9,1002.71,0.0,0.0,0.0,293.0,,,,,,,,,
Engenho,AcuRite Iris®,2026/31/05 11:40,24.4,68.0,18.1,24.7,27.2,24.4,1002.03,0.0,2.0,2.0,293.0,,,,,,,,,
Engenho,AcuRite Iris®,2026/31/05 11:45,23.5,71.0,17.9,23.8,26.3,23.5,1001.69,0.0,5.0,3.0,293.0,,,,,,,,,
Engenho,AcuRite Iris®,2026/31/05 11:50,24.0,70.0,18.2,24.3,26.9,24.0,1001.69,0.0,3.0,2.0,293.0,,,,,,,,,
Engenho,AcuRite Iris®,2026/31/05 11:55,23.5,70.0,17.7,23.7,26.2,23.5,1001.69,0.0,5.0,3.0,293.0,,,,,,,,,
Engenho,AcuRite Iris®,2026/31/05 12:00,24.4,71.0,18.8,24.7,27.5,24.4,1001.69,0.0,0.0,0.0,293.0,,,,,,,,,
Engenho,AcuRite Iris®,2026/31/05 12:05,25.7,68.0,19.3,26.8,29.1,25.7,1001.36,0.0,5.0,2.0,293.0,,,,,,,,,
Engenho,AcuRite Iris®,2026/31/05 12:10,25.5,68.0,19.2,25.9,28.8,25.5,1001.36,0.0,2.0,3.0,293.0,,,,,,,,,
Engenho,AcuRite Iris®,2026/31/05 12:15,27.3,66.0,20.3,28.9,31.2,27.3,1001.36,0.0,0.0,0.0,293.0,,,,,,,,,
Engenho,AcuRite Iris®,2026/31/05 12:20,28.2,65.0,21.0,30.4,32.4,28.2,1001.36,0.0,2.0,0.0,293.0,,,,,,,,,
Engenho,AcuRite Iris®,2026/31/05 12:25,28.7,65.0,21.5,31.3,33.2,28.7,1001.36,0.0,3.0,2.0,293.0,,,,,,,,,
Engenho,AcuRite Iris®,2026/31/05 12:30,28.8,62.0,20.8,30.9,32.8,28.8,1001.36,0.0,3.0,3.0,293.0,,,,,,,,,
Engenho,AcuRite Iris®,2026/31/05 12:35,29.9,60.0,21.3,32.6,34.2,29.9,1001.36,0.0,2.0,0.0,293.0,,,,,,,,,
Engenho,AcuRite Iris®,2026/31/05 12:40,28.2,63.0,20.5,30.2,32.2,28.2,1001.02,0.0,3.0,2.0,293.0,,,,,,,,,
Engenho,AcuRite Iris®,2026/31/05 12:45,27.7,64.0,20.3,29.4,31.6,27.7,1001.02,0.0,2.0,2.0,293.0,,,,,,,,,
Engenho,AcuRite Iris®,2026/31/05 12:50,28.6,65.0,21.4,31.1,33.0,28.6,1001.02,0.0,2.0,0.0,293.0,,,,,,,,,
Engenho,AcuRite Iris®,2026/31/05 12:55,29.3,62.0,21.2,31.8,33.6,29.3,1001.02,0.0,2.0,0.0,293.0,,,,,,,,,
Engenho,AcuRite Iris®,2026/31/05 13:00,29.9,61.0,21.6,32.8,34.3,29.9,1001.02,0.0,0.0,0.0,293.0,,,,,,,,,
Engenho,AcuRite Iris®,2026/31/05 13:05,29.8,62.0,21.7,32.8,34.3,29.8,1001.02,0.0,0.0,0.0,293.0,,,,,,,,,
Engenho,AcuRite Iris®,2026/31/05 13:10,29.5,63.0,21.7,32.4,34.1,29.5,1000.68,0.0,0.0,0.0,293.0,,,,,,,,,
Engenho,AcuRite Iris®,2026/31/05 13:15,28.3,66.0,21.3,30.7,32.6,28.3,1000.68,0.0,0.0,0.0,293.0,,,,,,,,,
Engenho,AcuRite Iris®,2026/31/05 13:20,29.3,61.0,20.9,31.7,33.4,29.3,1000.68,0.0,5.0,0.0,293.0,,,,,,,,,
Engenho,AcuRite Iris®,2026/31/05 13:25,30.6,59.0,21.7,33.8,35.1,30.6,1000.34,0.0,0.0,0.0,293.0,,,,,,,,,
Engenho,AcuRite Iris®,2026/31/05 13:30,30.4,57.0,20.9,32.9,34.5,30.4,1000.68,0.0,2.0,0.0,293.0,,,,,,,,,
Engenho,AcuRite Iris®,2026/31/05 13:35,29.3,60.0,20.7,31.5,33.3,29.3,1000.34,0.0,0.0,2.0,293.0,,,,,,,,,
Engenho,AcuRite Iris®,2026/31/05 13:40,29.2,62.0,21.2,31.7,33.5,29.2,1000.34,0.0,0.0,2.0,293.0,,,,,,,,,
Engenho,AcuRite Iris®,2026/31/05 13:45,26.5,66.0,19.6,27.8,30.0,26.5,1000.34,0.0,3.0,3.0,293.0,,,,,,,,,
Engenho,AcuRite Iris®,2026/31/05 13:50,28.4,63.0,20.7,30.4,32.4,28.4,1000.34,0.0,0.0,2.0,293.0,,,,,,,,,
Engenho,AcuRite Iris®,2026/31/05 13:55,28.9,62.0,20.9,31.2,33.0,28.9,1000.34,0.0,2.0,0.0,293.0,,,,,,,,,
Engenho,AcuRite Iris®,2026/31/05 14:00,29.8,61.0,21.4,32.6,34.2,29.8,1000.34,0.0,0.0,0.0,293.0,,,,,,,,,
Engenho,AcuRite Iris®,2026/31/05 14:05,29.9,60.0,21.3,32.6,34.2,29.9,1000.34,0.0,0.0,0.0,293.0,,,,,,,,,
Engenho,AcuRite Iris®,2026/31/05 14:10,31.0,55.0,20.9,33.7,35.1,31.0,1000.34,0.0,3.0,0.0,293.0,,,,,,,,,
Engenho,AcuRite Iris®,2026/31/05 14:15,29.4,62.0,21.3,32.1,33.7,29.4,1000.34,0.0,0.0,2.0,293.0,,,,,,,,,
Engenho,AcuRite Iris®,2026/31/05 14:20,29.6,61.0,21.3,32.3,33.9,29.6,1000.34,0.0,0.0,0.0,293.0,,,,,,,,,
Engenho,AcuRite Iris®,2026/31/05 14:25,30.2,59.0,21.3,33.1,34.6,30.2,1000.34,0.0,0.0,0.0,293.0,,,,,,,,,
Engenho,AcuRite Iris®,2026/31/05 14:30,29.8,61.0,21.4,32.6,34.2,29.8,1000.34,0.0,0.0,0.0,293.0,,,,,,,,,
Engenho,AcuRite Iris®,2026/31/05 14:35,28.8,61.0,20.5,30.8,32.7,28.8,1000.34,0.0,3.0,0.0,23.0,,,,,,,,,
Engenho,AcuRite Iris®,2026/31/05 14:40,29.6,61.0,21.3,32.3,33.9,29.6,1021.67,0.0,3.0,2.0,23.0,,,,,,,,,
Engenho,AcuRite Iris®,2026/31/05 14:45,28.3,65.0,21.1,30.5,32.5,28.3,1021.67,0.0,3.0,2.0,158.0,,,,,,,,,
Engenho,AcuRite Iris®,2026/31/05 14:50,29.4,61.0,21.1,31.9,33.6,29.4,1021.67,0.0,0.0,0.0,158.0,,,,,,,,,
Engenho,AcuRite Iris®,2026/31/05 14:55,29.3,62.0,21.2,31.8,33.6,29.3,1022.01,0.0,0.0,0.0,158.0,,,,,,,,,
Engenho,AcuRite Iris®,2026/31/05 15:00,29.1,62.0,21.1,31.6,33.3,29.1,1022.01,0.0,0.0,0.0,158.0,,,,,,,,,
Engenho,AcuRite Iris®,2026/31/05 15:05,29.0,63.0,21.2,31.5,33.3,29.0,1021.67,0.0,0.0,0.0,158.0,,,,,,,,,
Engenho,AcuRite Iris®,2026/31/05 15:10,29.1,64.0,21.6,31.9,33.6,29.1,1021.67,0.0,0.0,0.0,158.0,,,,,,,,,
Engenho,AcuRite Iris®,2026/31/05 15:15,29.0,62.0,20.9,31.3,33.2,29.0,1022.01,0.0,0.0,0.0,158.0,,,,,,,,,
Engenho,AcuRite Iris®,2026/31/05 15:20,28.3,65.0,21.1,30.5,32.5,28.3,1022.01,0.0,0.0,0.0,158.0,,,,,,,,,
Engenho,AcuRite Iris®,2026/31/05 15:25,28.5,66.0,21.5,31.1,32.9,28.5,1022.01,0.0,0.0,0.0,158.0,,,,,,,,,
Engenho,AcuRite Iris®,2026/31/05 15:30,28.4,67.0,21.7,31.0,32.9,28.4,1022.01,0.0,0.0,0.0,158.0,,,,,,,,,
Engenho,AcuRite Iris®,2026/31/05 15:35,28.2,67.0,21.5,30.7,32.7,28.2,1022.01,0.0,0.0,0.0,158.0,,,,,,,,,
Engenho,AcuRite Iris®,2026/31/05 15:40,28.2,67.0,21.5,30.7,32.7,28.2,1021.67,1.0,0.0,0.0,0.0,,,,,,,,,
Engenho,AcuRite Iris®,2026/31/05 15:45,27.8,67.0,21.1,29.9,32.0,27.8,1022.01,1.0,0.0,0.0,0.0,,,,,,,,,
Engenho,AcuRite Iris®,2026/31/05 15:50,27.8,67.0,21.1,29.9,32.0,27.8,1022.01,1.0,0.0,0.0,0.0,,,,,,,,,
Engenho,AcuRite Iris®,2026/31/05 15:55,27.1,68.0,20.7,28.9,31.1,27.1,1022.01,1.0,0.0,0.0,0.0,,,,,,,,,
Engenho,AcuRite Iris®,2026/31/05 16:00,27.1,68.0,20.7,28.9,31.1,27.1,1022.01,1.0,0.0,0.0,0.0,,,,,,,,,
Engenho,AcuRite Iris®,2026/31/05 16:05,27.1,67.0,20.4,28.8,31.0,27.1,1022.01,1.0,0.0,0.0,0.0,,,,,,,,,
Engenho,AcuRite Iris®,2026/31/05 16:10,26.8,67.0,20.1,28.3,30.6,26.8,1022.01,1.0,0.0,0.0,0.0,,,,,,,,,
Engenho,AcuRite Iris®,2026/31/05 16:15,26.6,68.0,20.2,28.1,30.4,26.6,1022.01,1.0,0.0,0.0,0.0,,,,,,,,,
Engenho,AcuRite Iris®,2026/31/05 16:20,26.4,68.0,20.0,27.8,30.1,26.4,1022.01,1.0,0.0,0.0,0.0,,,,,,,,,
Engenho,AcuRite Iris®,2026/31/05 16:25,26.4,69.0,20.2,27.8,30.2,26.4,1022.01,1.0,0.0,0.0,0.0,,,,,,,,,
Engenho,AcuRite Iris®,2026/31/05 16:30,26.2,69.0,20.1,27.6,29.9,26.2,1022.01,1.0,0.0,0.0,0.0,,,,,,,,,
Engenho,AcuRite Iris®,2026/31/05 16:35,26.1,69.0,19.9,27.4,29.8,26.1,1022.01,1.0,0.0,0.0,0.0,,,,,,,,,
Engenho,AcuRite Iris®,2026/31/05 16:40,26.1,69.0,19.9,27.4,29.8,26.1,1022.01,1.0,0.0,0.0,0.0,,,,,,,,,
Engenho,AcuRite Iris®,2026/31/05 16:45,26.0,70.0,20.1,27.3,29.7,26.0,1022.01,1.0,0.0,0.0,0.0,,,,,,,,,
Engenho,AcuRite Iris®,2026/31/05 16:50,26.0,70.0,20.1,27.3,29.7,26.0,1022.01,1.0,0.0,0.0,0.0,,,,,,,,,
Engenho,AcuRite Iris®,2026/31/05 16:55,26.0,70.0,20.1,27.3,29.7,26.0,1022.01,1.0,0.0,0.0,0.0,,,,,,,,,
Engenho,AcuRite Iris®,2026/31/05 17:00,25.9,70.0,20.0,27.1,29.6,25.9,1022.01,1.0,0.0,0.0,0.0,,,,,,,,,
Engenho,AcuRite Iris®,2026/31/05 17:05,25.8,70.0,19.9,27.0,29.4,25.8,1022.01,1.0,0.0,0.0,0.0,,,,,,,,,
Engenho,AcuRite Iris®,2026/31/05 17:10,25.7,70.0,19.8,26.9,29.3,25.7,1022.35,1.0,0.0,0.0,0.0,,,,,,,,,
Engenho,AcuRite Iris®,2026/02/06 22:20,22.1,71.0,16.6,22.2,24.3,22.1,1049.78,0.0,3.0,2.0,180.0,,,,,,,,,
Engenho,AcuRite Iris®,2026/02/06 22:25,20.9,73.0,15.9,20.9,22.8,20.9,1049.78,0.0,2.0,0.0,180.0,,,,,,,,,
Engenho,AcuRite Iris®,2026/02/06 22:30,20.8,74.0,15.9,20.8,22.8,20.8,1049.78,0.0,0.0,0.0,180.0,,,,,,,,,
Engenho,AcuRite Iris®,2026/02/06 22:35,20.3,75.0,15.7,20.3,22.2,20.3,1049.78,0.0,2.0,0.0,180.0,,,,,,,,,
Engenho,AcuRite Iris®,2026/02/06 22:40,19.2,78.0,15.3,19.2,20.9,19.2,1049.78,0.0,3.0,2.0,180.0,,,,,,,,,
Engenho,AcuRite Iris®,2026/02/06 22:45,18.7,80.0,15.2,18.7,20.4,18.7,1049.78,0.0,2.0,2.0,180.0,,,,,,,,,
Engenho,AcuRite Iris®,2026/02/06 22:50,18.8,80.0,15.3,18.8,20.5,18.8,1049.78,0.0,5.0,2.0,180.0,,,,,,,,,
Engenho,AcuRite Iris®,2026/02/06 22:55,18.7,81.0,15.4,18.8,20.5,18.7,1049.78,0.0,3.0,2.0,180.0,,,,,,,,,
Engenho,AcuRite Iris®,2026/02/06 23:00,18.6,80.0,15.1,18.6,20.3,18.6,1049.78,0.0,5.0,3.0,180.0,,,,,,,,,
Engenho,AcuRite Iris®,2026/02/06 23:05,18.6,80.0,15.1,18.6,20.3,18.6,1049.78,0.0,5.0,3.0,180.0,,,,,,,,,
Engenho,AcuRite Iris®,2026/02/06 23:10,18.4,81.0,15.1,18.4,20.1,18.4,1049.78,0.0,2.0,3.0,180.0,,,,,,,,,
Engenho,AcuRite Iris®,2026/02/06 23:15,18.7,80.0,15.2,18.7,20.4,18.7,1049.78,0.0,5.0,3.0,180.0,,,,,,,,,
Engenho,AcuRite Iris®,2026/02/06 23:20,18.4,80.0,14.9,18.4,19.9,18.4,1049.44,0.0,5.0,3.0,180.0,,,,,,,,,
Engenho,AcuRite Iris®,2026/02/06 23:25,17.9,82.0,14.8,17.9,19.4,17.9,1049.44,0.0,2.0,2.0,180.0,,,,,,,,,
Engenho,AcuRite Iris®,2026/02/06 23:30,18.1,82.0,15.0,18.1,19.7,18.1,1049.44,0.0,0.0,0.0,180.0,,,,,,,,,
Engenho,AcuRite Iris®,2026/02/06 23:35,17.5,83.0,14.6,17.5,18.9,17.5,1049.44,0.0,2.0,2.0,180.0,,,,,,,,,
Engenho,AcuRite Iris®,2026/02/06 23:40,17.3,84.0,14.6,17.3,18.7,17.3,1049.44,0.0,5.0,3.0,180.0,,,,,,,,,
Engenho,AcuRite Iris®,2026/02/06 23:45,17.6,84.0,14.9,17.6,19.2,17.6,1049.44,0.0,3.0,3.0,180.0,,,,,,,,,
Engenho,AcuRite Iris®,2026/02/06 23:50,18.1,81.0,14.8,18.1,19.7,18.1,1049.44,0.0,0.0,0.0,180.0,,,,,,,,,
Engenho,AcuRite Iris®,2026/02/06 23:55,18.2,81.0,14.9,18.2,19.8,18.2,1049.44,0.0,2.0,0.0,180.0,,,,,,,,,
Engenho,AcuRite Iris®,2026/03/06 00:00,18.1,82.0,15.0,18.1,19.7,18.1,1049.44,0.0,0.0,0.0,180.0,,,,,,,,,
Engenho,AcuRite Iris®,2026/03/06 00:05,18.5,80.0,15.0,18.5,20.1,18.5,1049.44,0.0,0.0,0.0,180.0,,,,,,,,,
Engenho,AcuRite Iris®,2026/03/06 00:10,18.0,82.0,14.9,18.0,19.6,18.0,1049.44,0.0,0.0,0.0,180.0,,,,,,,,,
Engenho,AcuRite Iris®,2026/03/06 00:15,17.8,82.0,14.7,17.8,19.3,17.8,1049.44,0.0,0.0,0.0,180.0,,,,,,,,,
Engenho,AcuRite Iris®,2026/03/06 00:20,17.4,84.0,14.7,17.4,18.9,17.4,1049.44,0.0,0.0,0.0,180.0,,,,,,,,,
Engenho,AcuRite Iris®,2026/03/06 00:25,17.2,84.0,14.5,17.2,18.7,17.2,1049.44,0.0,0.0,0.0,180.0,,,,,,,,,
Engenho,AcuRite Iris®,2026/03/06 00:30,17.0,86.0,14.6,17.0,18.5,17.0,1049.44,0.0,3.0,2.0,180.0,,,,,,,,,
Engenho,AcuRite Iris®,2026/03/06 00:35,17.8,83.0,14.8,17.8,19.3,17.8,1049.1,0.0,2.0,0.0,180.0,,,,,,,,,
Engenho,AcuRite Iris®,2026/03/06 00:40,17.3,84.0,14.6,17.3,18.7,17.3,1049.44,0.0,2.0,2.0,180.0,,,,,,,,,
Engenho,AcuRite Iris®,2026/03/06 00:45,17.4,84.0,14.7,17.4,18.9,17.4,1049.1,0.0,2.0,2.0,180.0,,,,,,,,,
Engenho,AcuRite Iris®,2026/03/06 00:50,16.9,85.0,14.3,16.8,18.3,16.9,1049.44,0.0,2.0,2.0,180.0,,,,,,,,,
Engenho,AcuRite Iris®,2026/03/06 00:55,17.3,84.0,14.6,17.3,18.7,17.3,1049.1,0.0,0.0,0.0,180.0,,,,,,,,,
Engenho,AcuRite Iris®,2026/03/06 01:00,17.5,83.0,14.6,17.5,18.9,17.5,1049.44,0.0,0.0,0.0,180.0,,,,,,,,,
Engenho,AcuRite Iris®,2026/03/06 01:05,17.0,85.0,14.4,17.0,18.4,17.0,1049.1,0.0,0.0,0.0,180.0,,,,,,,,,
Engenho,AcuRite Iris®,2026/03/06 01:10,16.7,86.0,14.4,16.7,18.1,16.7,1049.44,0.0,0.0,0.0,180.0,,,,,,,,,
Engenho,AcuRite Iris®,2026/03/06 01:15,16.5,87.0,14.3,16.5,17.9,16.5,1049.44,0.0,3.0,2.0,180.0,,,,,,,,,
Engenho,AcuRite Iris®,2026/03/06 01:20,17.2,85.0,14.7,17.2,18.7,17.2,1049.44,0.0,0.0,0.0,180.0,,,,,,,,,
Engenho,AcuRite Iris®,2026/03/06 01:25,17.5,84.0,14.8,17.5,19.1,17.5,1049.44,0.0,2.0,0.0,180.0,,,,,,,,,
Engenho,AcuRite Iris®,2026/03/06 01:30,16.8,87.0,14.6,16.8,18.3,16.8,1049.44,0.0,2.0,2.0,180.0,,,,,,,,,
Engenho,AcuRite Iris®,2026/03/06 01:35,17.4,85.0,14.8,17.4,18.9,17.4,1049.44,0.0,0.0,0.0,180.0,,,,,,,,,
Engenho,AcuRite Iris®,2026/03/06 01:40,17.3,85.0,14.7,17.3,18.8,17.3,1049.44,0.0,2.0,0.0,180.0,,,,,,,,,
Engenho,AcuRite Iris®,2026/03/06 01:45,17.3,85.0,14.7,17.3,18.8,17.3,1049.44,0.0,2.0,2.0,180.0,,,,,,,,,
Engenho,AcuRite Iris®,2026/03/06 01:50,17.0,86.0,14.6,17.0,18.5,17.0,1049.44,0.0,3.0,3.0,180.0,,,,,,,,,
Engenho,AcuRite Iris®,2026/03/06 01:55,17.2,86.0,14.8,17.2,18.8,17.2,1049.1,0.0,3.0,2.0,180.0,,,,,,,,,
Engenho,AcuRite Iris®,2026/03/06 02:00,17.3,85.0,14.7,17.3,18.8,17.3,1049.1,0.0,3.0,3.0,180.0,,,,,,,,,
Engenho,AcuRite Iris®,2026/03/06 02:05,17.4,85.0,14.8,17.4,18.9,17.4,1049.1,0.0,3.0,3.0,180.0,,,,,,,,,
Engenho,AcuRite Iris®,2026/03/06 02:10,17.7,84.0,15.0,17.7,19.3,17.7,1049.1,0.0,3.0,2.0,180.0,,,,,,,,,
Engenho,AcuRite Iris®,2026/03/06 02:15,17.8,84.0,15.1,17.8,19.4,17.8,1049.1,0.0,3.0,2.0,180.0,,,,,,,,,
Engenho,AcuRite Iris®,2026/03/06 02:20,17.5,84.0,14.8,17.5,19.1,17.5,1049.1,0.0,6.0,3.0,180.0,,,,,,,,,
Engenho,AcuRite Iris®,2026/03/06 02:25,17.3,84.0,14.6,17.3,18.1,17.3,1049.1,0.0,8.0,5.0,180.0,,,,,,,,,
Engenho,AcuRite Iris®,2026/03/06 02:30,16.8,86.0,14.4,16.8,17.5,16.8,1049.1,0.0,8.0,6.0,180.0,,,,,,,,,
Engenho,AcuRite Iris®,2026/03/06 02:35,16.9,86.0,14.6,16.9,17.6,16.9,1049.1,0.0,6.0,5.0,180.0,,,,,,,,,
Engenho,AcuRite Iris®,2026/03/06 02:40,16.7,86.0,14.4,16.7,17.4,16.7,1049.1,0.0,6.0,5.0,180.0,,,,,,,,,
Engenho,AcuRite Iris®,2026/03/06 02:45,16.8,86.0,14.4,16.8,17.5,16.8,1049.1,0.0,3.0,5.0,180.0,,,,,,,,,
Engenho,AcuRite Iris®,2026/03/06 02:50,16.9,85.0,14.3,16.8,18.3,16.9,1048.76,0.0,3.0,3.0,180.0,,,,,,,,,
Engenho,AcuRite Iris®,2026/03/06 02:55,17.2,83.0,14.3,17.2,18.6,17.2,1048.76,0.0,2.0,2.0,180.0,,,,,,,,,
Engenho,AcuRite Iris®,2026/03/06 03:00,17.2,83.0,14.3,17.2,18.6,17.2,1049.1,0.0,5.0,2.0,180.0,,,,,,,,,
Engenho,AcuRite Iris®,2026/03/06 03:05,17.7,83.0,14.8,17.7,19.3,17.7,1048.76,0.0,0.0,2.0,180.0,,,,,,,,,
Engenho,AcuRite Iris®,2026/03/06 03:10,18.3,80.0,14.8,18.2,19.8,18.3,1049.1,0.0,0.0,0.0,180.0,,,,,,,,,
Engenho,AcuRite Iris®,2026/03/06 03:15,18.7,79.0,15.0,18.7,20.3,18.7,1049.1,0.0,0.0,0.0,180.0,,,,,,,,,
Engenho,AcuRite Iris®,2026/03/06 03:20,18.6,79.0,14.9,18.6,20.2,18.6,1049.1,0.0,0.0,0.0,180.0,,,,,,,,,
Engenho,AcuRite Iris®,2026/03/06 03:25,18.1,80.0,14.6,18.1,19.6,18.1,1049.1,0.0,0.0,0.0,180.0,,,,,,,,,
Engenho,AcuRite Iris®,2026/03/06 03:30,18.5,80.0,15.0,18.5,20.1,18.5,1049.1,0.0,0.0,0.0,180.0,,,,,,,,,
Engenho,AcuRite Iris®,2026/03/06 03:35,18.7,79.0,15.0,18.7,20.3,18.7,1049.1,0.0,0.0,0.0,180.0,,,,,,,,,
Engenho,AcuRite Iris®,2026/03/06 03:40,18.7,79.0,15.0,18.7,20.3,18.7,1049.1,0.0,0.0,0.0,180.0,,,,,,,,,
Engenho,AcuRite Iris®,2026/03/06 03:45,18.5,79.0,14.8,18.4,20.1,18.5,1049.1,0.0,0.0,0.0,180.0,,,,,,,,,
Engenho,AcuRite Iris®,2026/03/06 03:50,17.9,81.0,14.6,17.8,19.3,17.9,1049.1,0.0,0.0,0.0,180.0,,,,,,,,,
Engenho,AcuRite Iris®,2026/03/06 03:55,18.3,81.0,14.9,18.3,19.9,18.3,1048.76,0.0,0.0,0.0,180.0,,,,,,,,,
Engenho,AcuRite Iris®,2026/03/06 04:00,17.9,82.0,14.8,17.9,19.4,17.9,1048.76,0.0,0.0,0.0,180.0,,,,,,,,,
Engenho,AcuRite Iris®,2026/03/06 04:05,17.3,84.0,14.6,17.3,18.7,17.3,1048.76,0.0,0.0,0.0,180.0,,,,,,,,,
Engenho,AcuRite Iris®,2026/03/06 04:10,17.1,84.0,14.4,17.1,18.5,17.1,1048.76,0.0,2.0,0.0,180.0,,,,,,,,,
Engenho,AcuRite Iris®,2026/03/06 04:15,17.1,86.0,14.7,17.1,18.6,17.1,1048.43,0.0,0.0,2.0,180.0,,,,,,,,,
Engenho,AcuRite Iris®,2026/03/06 04:20,17.7,83.0,14.8,17.7,19.3,17.7,1048.76,0.0,0.0,0.0,180.0,,,,,,,,,
Engenho,AcuRite Iris®,2026/03/06 04:25,17.9,82.0,14.8,17.9,19.4,17.9,1048.76,0.0,0.0,0.0,180.0,,,,,,,,,
Engenho,AcuRite Iris®,2026/03/06 04:30,18.1,81.0,14.8,18.1,19.7,18.1,1048.76,0.0,0.0,0.0,180.0,,,,,,,,,
Engenho,AcuRite Iris®,2026/03/06 04:35,17.2,85.0,14.7,17.2,18.7,17.2,1048.76,0.0,0.0,0.0,180.0,,,,,,,,,
Engenho,AcuRite Iris®,2026/03/06 04:40,17.5,84.0,14.8,17.5,19.1,17.5,1048.76,0.0,0.0,0.0,180.0,,,,,,,,,
Engenho,AcuRite Iris®,2026/03/06 04:45,17.8,83.0,14.8,17.8,19.3,17.8,1048.76,0.0,0.0,0.0,180.0,,,,,,,,,
Engenho,AcuRite Iris®,2026/03/06 04:50,17.8,83.0,14.8,17.8,19.3,17.8,1048.76,0.0,0.0,0.0,180.0,,,,,,,,,
Engenho,AcuRite Iris®,2026/03/06 04:55,17.6,82.0,14.5,17.6,19.1,17.6,1048.76,0.0,0.0,0.0,180.0,,,,,,,,,
Engenho,AcuRite Iris®,2026/03/06 05:00,17.0,84.0,14.3,16.9,18.3,17.0,1048.76,0.0,2.0,0.0,180.0,,,,,,,,,
Engenho,AcuRite Iris®,2026/03/06 05:05,16.8,85.0,14.2,16.7,18.1,16.8,1048.76,0.0,0.0,0.0,180.0,,,,,,,,,
Engenho,AcuRite Iris®,2026/03/06 05:10,16.8,86.0,14.4,16.8,18.2,16.8,1048.76,0.0,2.0,0.0,180.0,,,,,,,,,
Engenho,AcuRite Iris®,2026/03/06 05:15,17.4,84.0,14.7,17.4,18.9,17.4,1048.76,0.0,0.0,0.0,180.0,,,,,,,,,
Engenho,AcuRite Iris®,2026/03/06 05:20,17.4,84.0,14.7,17.4,18.9,17.4,1048.43,0.0,0.0,0.0,180.0,,,,,,,,,
Engenho,AcuRite Iris®,2026/03/06 05:25,17.7,82.0,14.6,17.7,19.2,17.7,1048.76,0.0,0.0,0.0,180.0,,,,,,,,,
Engenho,AcuRite Iris®,2026/03/06 05:30,17.7,82.0,14.6,17.7,19.2,17.7,1048.43,0.0,0.0,0.0,180.0,,,,,,,,,
Engenho,AcuRite Iris®,2026/03/06 05:35,17.3,82.0,14.2,17.2,18.6,17.3,1048.76,0.0,0.0,0.0,180.0,,,,,,,,,
Engenho,AcuRite Iris®,2026/03/06 05:40,16.4,86.0,14.1,16.3,17.7,16.4,1048.76,0.0,0.0,0.0,180.0,,,,,,,,,
Engenho,AcuRite Iris®,2026/03/06 05:45,17.1,84.0,14.4,17.1,18.5,17.1,1048.43,0.0,0.0,0.0,180.0,,,,,,,,,
Engenho,AcuRite Iris®,2026/03/06 05:50,17.2,83.0,14.3,17.2,18.6,17.2,1048.43,0.0,0.0,0.0,180.0,,,,,,,,,
Engenho,AcuRite Iris®,2026/03/06 05:55,16.4,86.0,14.1,16.3,17.7,16.4,1048.76,0.0,2.0,0.0,180.0,,,,,,,,,
Engenho,AcuRite Iris®,2026/03/06 06:00,16.4,87.0,14.2,16.3,17.7,16.4,1048.76,0.0,2.0,0.0,180.0,,,,,,,,,
Engenho,AcuRite Iris®,2026/03/06 06:05,16.1,88.0,14.1,16.1,17.4,16.1,1048.76,0.0,2.0,2.0,180.0,,,,,,,,,
Engenho,AcuRite Iris®,2026/03/06 06:10,16.2,88.0,14.2,16.2,17.6,16.2,1049.1,0.0,2.0,0.0,180.0,,,,,,,,,
Engenho,AcuRite Iris®,2026/03/06 06:15,16.2,88.0,14.2,16.2,17.6,16.2,1048.76,0.0,3.0,2.0,180.0,,,,,,,,,
Engenho,AcuRite Iris®,2026/03/06 06:20,16.0,88.0,14.0,15.9,17.3,16.0,1049.1,0.0,5.0,3.0,180.0,,,,,,,,,
Engenho,AcuRite Iris®,2026/03/06 06:25,16.4,87.0,14.2,16.3,17.7,16.4,1049.1,0.0,2.0,2.0,180.0,,,,,,,,,
Engenho,AcuRite Iris®,2026/03/06 06:30,16.9,85.0,14.3,16.8,18.3,16.9,1049.1,0.0,0.0,0.0,180.0,,,,,,,,,
Engenho,AcuRite Iris®,2026/03/06 06:35,17.1,84.0,14.4,17.1,18.5,17.1,1049.1,0.0,2.0,0.0,180.0,,,,,,,,,
Engenho,AcuRite Iris®,2026/03/06 06:40,16.4,86.0,14.1,16.3,17.7,16.4,1049.44,0.0,2.0,2.0,180.0,,,,,,,,,
Engenho,AcuRite Iris®,2026/03/06 06:45,16.9,85.0,14.3,16.8,18.3,16.9,1049.1,0.0,2.0,0.0,180.0,,,,,,,,,
Engenho,AcuRite Iris®,2026/03/06 06:50,16.6,85.0,14.1,16.6,17.9,16.6,1049.1,0.0,2.0,0.0,180.0,,,,,,,,,
Engenho,AcuRite Iris®,2026/03/06 06:55,16.4,86.0,14.1,16.3,17.7,16.4,1049.44,0.0,3.0,2.0,180.0,,,,,,,,,
Engenho,AcuRite Iris®,2026/03/06 07:00,16.6,86.0,14.3,16.6,17.9,16.6,1049.1,0.0,2.0,2.0,180.0,,,,,,,,,
Engenho,AcuRite Iris®,2026/03/06 07:05,17.3,84.0,14.6,17.3,18.7,17.3,1049.44,0.0,0.0,0.0,180.0,,,,,,,,,
Engenho,AcuRite Iris®,2026/03/06 07:10,17.6,83.0,14.7,17.6,19.1,17.6,1049.44,0.0,0.0,0.0,180.0,,,,,,,,,
Engenho,AcuRite Iris®,2026/03/06 07:15,17.8,82.0,14.7,17.8,19.3,17.8,1049.44,0.0,0.0,0.0,180.0,,,,,,,,,
Engenho,AcuRite Iris®,2026/03/06 07:20,17.0,85.0,14.4,17.0,18.4,17.0,1049.44,0.0,0.0,0.0,180.0,,,,,,,,,
Engenho,AcuRite Iris®,2026/03/06 07:25,16.8,85.0,14.2,16.7,18.1,16.8,1049.44,0.0,3.0,2.0,180.0,,,,,,,,,
Engenho,AcuRite Iris®,2026/03/06 07:30,17.2,85.0,14.7,17.2,18.7,17.2,1049.44,0.0,3.0,3.0,180.0,,,,,,,,,
Engenho,AcuRite Iris®,2026/03/06 07:35,17.9,82.0,14.8,17.9,19.4,17.9,1049.44,0.0,3.0,2.0,180.0,,,,,,,,,
Engenho,AcuRite Iris®,2026/03/06 07:40,17.4,84.0,14.7,17.4,18.9,17.4,1049.44,0.0,3.0,3.0,180.0,,,,,,,,,
Engenho,AcuRite Iris®,2026/03/06 07:45,18.0,82.0,14.9,18.0,19.6,18.0,1049.44,0.0,0.0,0.0,180.0,,,,,,,,,
Engenho,AcuRite Iris®,2026/03/06 07:50,18.2,80.0,14.7,18.2,19.7,18.2,1049.78,0.0,3.0,0.0,180.0,,,,,,,,,
Engenho,AcuRite Iris®,2026/03/06 07:55,18.3,80.0,14.8,18.2,19.8,18.3,1049.78,0.0,0.0,0.0,180.0,,,,,,,,,
Engenho,AcuRite Iris®,2026/03/06 08:00,19.0,79.0,15.3,19.0,20.7,19.0,1049.78,0.0,2.0,0.0,180.0,,,,,,,,,
Engenho,AcuRite Iris®,2026/03/06 08:05,19.5,78.0,15.6,19.6,21.3,19.5,1049.78,0.0,0.0,0.0,180.0,,,,,,,,,
Engenho,AcuRite Iris®,2026/03/06 08:10,20.6,75.0,16.0,20.7,22.6,20.6,1049.78,0.0,0.0,0.0,180.0,,,,,,,,,
Engenho,AcuRite Iris®,2026/03/06 08:15,21.9,70.0,16.2,21.9,23.9,21.9,1049.78,0.0,0.0,0.0,180.0,,,,,,,,,
Engenho,AcuRite Iris®,2026/03/06 08:20,22.2,70.0,16.5,22.3,24.4,22.2,1049.78,0.0,0.0,0.0,180.0,,,,,,,,,
Engenho,AcuRite Iris®,2026/03/06 08:25,22.4,69.0,16.4,22.5,24.6,22.4,1050.12,0.0,0.0,0.0,180.0,,,,,,,,,
Engenho,AcuRite Iris®,2026/03/06 08:30,22.3,70.0,16.6,22.4,24.5,22.3,1050.12,0.0,3.0,2.0,180.0,,,,,,,,,
Engenho,AcuRite Iris®,2026/03/06 08:35,23.0,69.0,17.0,23.2,25.4,23.0,1050.12,0.0,0.0,0.0,180.0,,,,,,,,,
Engenho,AcuRite Iris®,2026/03/06 08:40,21.9,70.0,16.2,21.9,23.9,21.9,1050.12,0.0,5.0,2.0,180.0,,,,,,,,,
Engenho,AcuRite Iris®,2026/03/06 08:45,22.5,69.0,16.5,22.6,24.7,22.5,1050.12,0.0,3.0,2.0,180.0,,,,,,,,,
Engenho,AcuRite Iris®,2026/03/06 08:50,22.0,69.0,16.1,22.1,24.0,22.0,1050.12,0.0,2.0,3.0,180.0,,,,,,,,,
Engenho,AcuRite Iris®,2026/03/06 08:55,21.3,71.0,15.8,21.3,23.2,21.3,1050.12,0.0,3.0,3.0,180.0,,,,,,,,,
Engenho,AcuRite Iris®,2026/03/06 09:00,22.3,69.0,16.3,22.4,24.4,22.3,1050.12,0.0,0.0,0.0,180.0,,,,,,,,,
Engenho,AcuRite Iris®,2026/03/06 09:05,22.2,70.0,16.5,22.3,24.4,22.2,1050.12,0.0,3.0,3.0,180.0,,,,,,,,,
Engenho,AcuRite Iris®,2026/03/06 09:10,23.0,68.0,16.8,23.1,25.3,23.0,1050.12,0.0,3.0,2.0,180.0,,,,,,,,,
Engenho,AcuRite Iris®,2026/03/06 09:15,23.6,67.0,17.1,23.8,26.1,23.6,1050.12,0.0,0.0,2.0,180.0,,,,,,,,,
Engenho,AcuRite Iris®,2026/03/06 09:20,23.1,68.0,16.9,23.3,25.4,23.1,1050.46,0.0,2.0,2.0,180.0,,,,,,,,,
Engenho,AcuRite Iris®,2026/03/06 09:25,22.9,68.0,16.7,23.0,25.1,22.9,1050.46,0.0,5.0,3.0,180.0,,,,,,,,,
Engenho,AcuRite Iris®,2026/03/06 09:30,22.0,71.0,16.5,22.1,23.5,22.0,1050.8,0.0,3.0,5.0,180.0,,,,,,,,,
Engenho,AcuRite Iris®,2026/03/06 09:35,21.8,71.0,16.3,21.9,23.9,21.8,1050.8,0.0,6.0,3.0,180.0,,,,,,,,,
Engenho,AcuRite Iris®,2026/03/06 09:40,21.6,72.0,16.3,21.7,23.1,21.6,1050.8,0.0,6.0,5.0,180.0,,,,,,,,,
Engenho,AcuRite Iris®,2026/03/06 09:45,21.9,72.0,16.6,22.0,24.1,21.9,1050.8,0.0,5.0,3.0,180.0,,,,,,,,,
Engenho,AcuRite Iris®,2026/03/06 09:50,21.6,72.0,16.3,21.7,23.1,21.6,1050.8,0.0,6.0,5.0,180.0,,,,,,,,,
Engenho,AcuRite Iris®,2026/03/06 09:55,22.0,72.0,16.7,22.1,23.6,22.0,1050.8,0.0,3.0,5.0,180.0,,,,,,,,,
Engenho,AcuRite Iris®,2026/03/06 10:00,22.1,71.0,16.6,22.2,24.3,22.1,1050.8,0.0,3.0,3.0,180.0,,,,,,,,,
Engenho,AcuRite Iris®,2026/03/06 10:05,21.7,73.0,16.7,21.8,23.3,21.7,1050.8,0.0,3.0,5.0,180.0,,,,,,,,,
Engenho,AcuRite Iris®,2026/03/06 10:10,22.7,71.0,17.2,22.9,25.2,22.7,1050.8,0.0,0.0,2.0,180.0,,,,,,,,,
Engenho,AcuRite Iris®,2026/03/06 10:15,22.9,70.0,17.1,23.1,25.3,22.9,1050.8,0.0,5.0,2.0,180.0,,,,,,,,,
Engenho,AcuRite Iris®,2026/03/06 10:20,23.0,70.0,17.2,23.2,25.4,23.0,1051.14,0.0,2.0,0.0,180.0,,,,,,,,,
Engenho,AcuRite Iris®,2026/03/06 10:25,22.8,71.0,17.2,22.9,25.3,22.8,1050.8,0.0,3.0,2.0,180.0,,,,,,,,,
Engenho,AcuRite Iris®,2026/03/06 10:30,22.4,72.0,17.1,22.6,24.8,22.4,1050.8,0.0,3.0,3.0,180.0,,,,,,,,,
Engenho,AcuRite Iris®,2026/03/06 10:35,23.1,71.0,17.6,23.3,25.7,23.1,1050.8,0.0,2.0,2.0,180.0,,,,,,,,,
Engenho,AcuRite Iris®,2026/03/06 10:40,23.7,70.0,17.9,24.0,26.5,23.7,1050.8,0.0,0.0,0.0,180.0,,,,,,,,,
Engenho,AcuRite Iris®,2026/03/06 10:45,23.6,72.0,18.3,23.9,26.5,23.6,1050.8,0.0,3.0,2.0,180.0,,,,,,,,,
Engenho,AcuRite Iris®,2026/03/06 10:50,24.0,72.0,18.6,24.3,27.1,24.0,1050.8,0.0,2.0,2.0,180.0,,,,,,,,,
Engenho,AcuRite Iris®,2026/03/06 10:55,22.9,72.0,17.6,23.1,25.5,22.9,1050.8,0.0,3.0,2.0,180.0,,,,,,,,,
Engenho,AcuRite Iris®,2026/03/06 11:00,23.4,72.0,18.1,23.7,26.2,23.4,1050.8,0.0,3.0,2.0,180.0,,,,,,,,,
Engenho,AcuRite Iris®,2026/03/06 11:05,24.2,71.0,18.6,24.6,27.3,24.2,1050.8,0.0,3.0,2.0,180.0,,,,,,,,,
Engenho,AcuRite Iris®,2026/03/06 11:10,24.8,70.0,18.9,25.2,28.0,24.8,1050.8,0.0,3.0,3.0,180.0,,,,,,,,,
Engenho,AcuRite Iris®,2026/03/06 11:15,25.1,69.0,19.0,25.5,28.3,25.1,1050.8,0.0,8.0,3.0,180.0,,,,,,,,,
Engenho,AcuRite Iris®,2026/03/06 11:20,24.5,69.0,18.4,24.8,26.8,24.5,1050.8,0.0,6.0,5.0,180.0,,,,,,,,,
Engenho,AcuRite Iris®,2026/03/06 11:25,24.0,71.0,18.4,24.3,26.3,24.0,1050.8,0.0,5.0,5.0,180.0,,,,,,,,,
Engenho,AcuRite Iris®,2026/03/06 11:30,24.5,69.0,18.4,24.8,27.5,24.5,1050.8,0.0,3.0,3.0,180.0,,,,,,,,,
Engenho,AcuRite Iris®,2026/03/06 11:35,24.0,71.0,18.4,24.3,26.3,24.0,1050.46,0.0,3.0,5.0,180.0,,,,,,,,,
Engenho,AcuRite Iris®,2026/03/06 11:40,23.3,71.0,17.7,23.5,25.3,23.3,1050.46,0.0,6.0,5.0,180.0,,,,,,,,,
Engenho,AcuRite Iris®,2026/03/06 11:45,24.1,71.0,18.5,24.4,27.1,24.1,1050.46,0.0,3.0,3.0,180.0,,,,,,,,,
Engenho,AcuRite Iris®,2026/03/06 11:50,23.8,71.0,18.2,24.1,26.7,23.8,1050.46,0.0,3.0,3.0,180.0,,,,,,,,,
Engenho,AcuRite Iris®,2026/03/06 11:55,23.7,72.0,18.4,24.1,26.0,23.7,1050.12,0.0,6.0,5.0,180.0,,,,,,,,,
Engenho,AcuRite Iris®,2026/03/06 12:00,24.1,72.0,18.7,24.4,26.5,24.1,1050.12,0.0,3.0,5.0,180.0,,,,,,,,,
Engenho,AcuRite Iris®,2026/03/06 12:05,25.2,69.0,19.1,25.6,28.5,25.2,1050.12,0.0,2.0,2.0,180.0,,,,,,,,,
Engenho,AcuRite Iris®,2026/03/06 12:10,24.6,70.0,18.8,24.9,27.1,24.6,1050.12,0.0,8.0,5.0,180.0,,,,,,,,,
Engenho,AcuRite Iris®,2026/03/06 12:15,23.6,72.0,18.3,23.9,25.8,23.6,1050.12,0.0,8.0,6.0,180.0,,,,,,,,,
Engenho,AcuRite Iris®,2026/03/06 12:20,23.3,72.0,17.9,23.6,25.3,23.3,1050.12,0.0,5.0,6.0,180.0,,,,,,,,,
Engenho,AcuRite Iris®,2026/03/06 12:25,23.9,71.0,18.3,24.2,26.8,23.9,1049.78,0.0,6.0,3.0,180.0,,,,,,,,,
Engenho,AcuRite Iris®,2026/03/06 12:30,23.9,71.0,18.3,24.2,26.8,23.9,1049.78,0.0,3.0,3.0,180.0,,,,,,,,,
Engenho,AcuRite Iris®,2026/03/06 12:35,23.3,72.0,17.9,23.6,25.3,23.3,1049.78,0.0,5.0,5.0,180.0,,,,,,,,,
Engenho,AcuRite Iris®,2026/03/06 12:40,23.7,72.0,18.4,24.1,26.7,23.7,1049.78,0.0,3.0,3.0,180.0,,,,,,,,,
Engenho,AcuRite Iris®,2026/03/06 12:45,23.5,72.0,18.2,23.8,26.3,23.5,1049.44,0.0,5.0,3.0,180.0,,,,,,,,,
Engenho,AcuRite Iris®,2026/03/06 12:50,23.0,73.0,17.9,23.3,25.1,23.0,1049.44,0.0,3.0,5.0,180.0,,,,,,,,,
Engenho,AcuRite Iris®,2026/03/06 12:55,22.5,74.0,17.6,22.7,24.4,22.5,1049.44,0.0,8.0,5.0,180.0,,,,,,,,,
Engenho,AcuRite Iris®,2026/03/06 13:00,23.0,74.0,18.1,23.3,25.8,23.0,1049.44,0.0,3.0,3.0,180.0,,,,,,,,,
Engenho,AcuRite Iris®,2026/03/06 13:05,23.1,74.0,18.2,23.4,26.0,23.1,1049.1,0.0,3.0,3.0,180.0,,,,,,,,,
Engenho,AcuRite Iris®,2026/03/06 13:10,23.3,73.0,18.2,23.6,26.2,23.3,1049.1,0.0,5.0,3.0,180.0,,,,,,,,,
Engenho,AcuRite Iris®,2026/03/06 13:15,22.7,74.0,17.8,23.0,24.7,22.7,1049.1,0.0,6.0,5.0,180.0,,,,,,,,,
Engenho,AcuRite Iris®,2026/03/06 13:20,22.8,75.0,18.1,23.1,24.9,22.8,1048.76,0.0,5.0,5.0,180.0,,,,,,,,,
Engenho,AcuRite Iris®,2026/03/06 13:25,23.0,75.0,18.3,23.3,25.9,23.0,1048.76,0.0,6.0,3.0,180.0,,,,,,,,,
Engenho,AcuRite Iris®,2026/03/06 13:30,22.8,75.0,18.1,23.1,24.9,22.8,1048.76,0.0,5.0,5.0,180.0,,,,,,,,,
Engenho,AcuRite Iris®,2026/03/06 13:35,22.8,75.0,18.1,23.1,24.9,22.8,1048.76,0.0,6.0,5.0,180.0,,,,,,,,,
Engenho,AcuRite Iris®,2026/03/06 13:40,23.0,74.0,18.1,23.3,25.2,23.0,1048.76,0.0,5.0,5.0,180.0,,,,,,,,,
Engenho,AcuRite Iris®,2026/03/06 13:45,23.1,74.0,18.2,23.4,26.0,23.1,1048.76,0.0,3.0,3.0,180.0,,,,,,,,,
Engenho,AcuRite Iris®,2026/03/06 13:50,22.9,75.0,18.2,23.2,25.8,22.9,1048.43,0.0,3.0,3.0,180.0,,,,,,,,,
Engenho,AcuRite Iris®,2026/03/06 13:55,23.5,74.0,18.6,23.8,26.6,23.5,1048.76,0.0,2.0,2.0,180.0,,,,,,,,,
Engenho,AcuRite Iris®,2026/03/06 14:00,23.7,73.0,18.6,24.1,26.8,23.7,1048.76,0.0,5.0,2.0,180.0,,,,,,,,,
Engenho,AcuRite Iris®,2026/03/06 14:05,23.7,73.0,18.6,24.1,26.8,23.7,1048.76,0.0,5.0,3.0,180.0,,,,,,,,,
Engenho,AcuRite Iris®,2026/03/06 14:10,23.8,73.0,18.7,24.1,26.8,23.8,1048.43,0.0,3.0,2.0,180.0,,,,,,,,,
Engenho,AcuRite Iris®,2026/03/06 14:15,23.9,72.0,18.5,24.2,26.9,23.9,1048.76,0.0,2.0,2.0,180.0,,,,,,,,,
Engenho,AcuRite Iris®,2026/03/06 14:20,23.4,73.0,18.3,23.7,26.3,23.4,1048.76,0.0,3.0,2.0,180.0,,,,,,,,,
Engenho,AcuRite Iris®,2026/03/06 14:25,23.8,72.0,18.4,24.1,26.8,23.8,1048.76,0.0,0.0,2.0,180.0,,,,,,,,,
Engenho,AcuRite Iris®,2026/03/06 14:30,23.5,72.0,18.2,23.8,26.3,23.5,1048.76,0.0,3.0,3.0,180.0,,,,,,,,,
Engenho,AcuRite Iris®,2026/03/06 14:35,23.5,73.0,18.4,23.8,26.4,23.5,1048.76,0.0,2.0,2.0,180.0,,,,,,,,,
Engenho,AcuRite Iris®,2026/03/06 14:40,23.4,73.0,18.3,23.7,26.3,23.4,1048.76,0.0,5.0,2.0,180.0,,,,,,,,,
Engenho,AcuRite Iris®,2026/03/06 14:45,23.4,74.0,18.5,23.7,26.4,23.4,1048.76,0.0,5.0,3.0,180.0,,,,,,,,,
Engenho,AcuRite Iris®,2026/03/06 14:50,23.2,74.0,18.3,23.6,26.2,23.2,1048.76,0.0,5.0,3.0,180.0,,,,,,,,,
Engenho,AcuRite Iris®,2026/03/06 14:55,23.2,74.0,18.3,23.6,26.2,23.2,1048.76,0.0,3.0,3.0,180.0,,,,,,,,,
Engenho,AcuRite Iris®,2026/03/06 15:00,23.4,74.0,18.5,23.7,26.4,23.4,1048.76,0.0,3.0,2.0,180.0,,,,,,,,,
Engenho,AcuRite Iris®,2026/03/06 15:05,23.2,74.0,18.3,23.6,26.2,23.2,1048.76,0.0,5.0,3.0,180.0,,,,,,,,,
Engenho,AcuRite Iris®,2026/03/06 15:10,23.5,74.0,18.6,23.8,26.6,23.5,1048.76,0.0,6.0,3.0,180.0,,,,,,,,,
Engenho,AcuRite Iris®,2026/03/06 15:15,23.2,74.0,18.3,23.6,26.2,23.2,1048.76,0.0,3.0,3.0,180.0,,,,,,,,,
Engenho,AcuRite Iris®,2026/03/06 15:20,23.4,74.0,18.5,23.7,26.4,23.4,1048.76,0.0,3.0,3.0,180.0,,,,,,,,,
Engenho,AcuRite Iris®,2026/03/06 15:25,23.6,73.0,18.5,23.9,25.9,23.6,1048.76,0.0,6.0,5.0,180.0,,,,,,,,,
Engenho,AcuRite Iris®,2026/03/06 15:30,23.6,73.0,18.5,23.9,26.6,23.6,1048.76,0.0,6.0,3.0,180.0,,,,,,,,,
Engenho,AcuRite Iris®,2026/03/06 15:35,23.5,74.0,18.6,23.8,26.6,23.5,1048.76,0.0,6.0,3.0,180.0,,,,,,,,,
Engenho,AcuRite Iris®,2026/03/06 15:40,23.8,73.0,18.7,24.1,26.8,23.8,1048.76,0.0,3.0,2.0,180.0,,,,,,,,,
Engenho,AcuRite Iris®,2026/03/06 15:45,23.5,73.0,18.4,23.8,26.4,23.5,1048.76,0.0,5.0,3.0,180.0,,,,,,,,,
Engenho,AcuRite Iris®,2026/03/06 15:50,23.7,73.0,18.6,24.1,26.8,23.7,1048.76,0.0,3.0,3.0,180.0,,,,,,,,,
Engenho,AcuRite Iris®,2026/03/06 15:55,23.3,74.0,18.4,23.6,26.2,23.3,1048.76,0.0,3.0,3.0,180.0,,,,,,,,,
Engenho,AcuRite Iris®,2026/03/06 16:00,23.3,74.0,18.4,23.6,26.2,23.3,1048.76,0.0,3.0,3.0,180.0,,,,,,,,,
Engenho,AcuRite Iris®,2026/03/06 16:05,23.0,76.0,18.6,23.3,25.3,23.0,1048.76,0.0,6.0,5.0,180.0,,,,,,,,,
Engenho,AcuRite Iris®,2026/03/06 16:10,23.3,75.0,18.6,23.6,26.3,23.3,1048.76,0.0,2.0,3.0,180.0,,,,,,,,,
Engenho,AcuRite Iris®,2026/03/06 16:15,23.4,76.0,18.9,23.8,26.6,23.4,1048.76,0.0,2.0,2.0,180.0,,,,,,,,,
Engenho,AcuRite Iris®,2026/03/06 16:20,23.2,76.0,18.7,23.6,26.3,23.2,1048.76,0.0,3.0,3.0,180.0,,,,,,,,,
Engenho,AcuRite Iris®,2026/03/06 16:25,23.6,75.0,18.9,24.0,26.8,23.6,1048.76,0.0,3.0,2.0,180.0,,,,,,,,,
Engenho,AcuRite Iris®,2026/03/06 16:30,23.4,75.0,18.7,23.7,26.5,23.4,1048.76,0.0,2.0,2.0,180.0,,,,,,,,,
Engenho,AcuRite Iris®,2026/03/06 16:35,23.5,75.0,18.8,23.9,26.7,23.5,1048.76,0.0,2.0,2.0,180.0,,,,,,,,,
Engenho,AcuRite Iris®,2026/03/06 16:40,23.7,74.0,18.8,24.1,26.9,23.7,1048.76,0.0,2.0,0.0,180.0,,,,,,,,,
Engenho,AcuRite Iris®,2026/03/06 16:45,23.8,74.0,18.8,24.2,26.9,23.8,1048.76,0.0,3.0,0.0,180.0,,,,,,,,,
Engenho,AcuRite Iris®,2026/03/06 16:50,23.3,76.0,18.8,23.7,26.4,23.3,1049.1,0.0,3.0,3.0,180.0,,,,,,,,,
Engenho,AcuRite Iris®,2026/03/06 16:55,22.9,77.0,18.6,23.2,25.9,22.9,1049.1,0.0,5.0,3.0,180.0,,,,,,,,,
Engenho,AcuRite Iris®,2026/03/06 17:00,22.8,77.0,18.6,23.1,25.8,22.8,1049.1,0.0,6.0,3.0,180.0,,,,,,,,,
Engenho,AcuRite Iris®,2026/03/06 17:05,22.6,78.0,18.6,22.9,25.7,22.6,1049.1,0.0,5.0,3.0,180.0,,,,,,,,,
Engenho,AcuRite Iris®,2026/03/06 17:10,22.4,78.0,18.3,22.7,25.3,22.4,1049.1,0.0,3.0,3.0,180.0,,,,,,,,,
Engenho,AcuRite Iris®,2026/03/06 17:15,22.5,78.0,18.4,22.8,25.5,22.5,1049.1,0.0,3.0,3.0,180.0,,,,,,,,,
Engenho,AcuRite Iris®,2026/03/06 17:20,22.7,78.0,18.7,23.1,25.8,22.7,1049.44,0.0,3.0,2.0,180.0,,,,,,,,,
Engenho,AcuRite Iris®,2026/03/06 17:25,23.1,76.0,18.7,23.4,26.2,23.1,1049.44,0.0,2.0,2.0,180.0,,,,,,,,,
Engenho,AcuRite Iris®,2026/03/06 17:30,22.7,77.0,18.5,23.1,25.7,22.7,1049.44,0.0,0.0,2.0,180.0,,,,,,,,,
Engenho,AcuRite Iris®,2026/03/06 17:35,22.7,77.0,18.5,23.1,25.7,22.7,1049.44,0.0,3.0,2.0,180.0,,,,,,,,,
Engenho,AcuRite Iris®,2026/03/06 17:40,22.9,76.0,18.4,23.2,25.9,22.9,1049.44,0.0,3.0,2.0,180.0,,,,,,,,,
Engenho,AcuRite Iris®,2026/03/06 17:45,23.0,76.0,18.6,23.3,26.0,23.0,1049.44,0.0,0.0,2.0,180.0,,,,,,,,,
Engenho,AcuRite Iris®,2026/03/06 17:50,23.2,75.0,18.6,23.6,26.2,23.2,1049.44,0.0,3.0,2.0,180.0,,,,,,,,,
Engenho,AcuRite Iris®,2026/03/06 17:55,23.5,75.0,18.8,23.9,26.7,23.5,1049.44,0.0,0.0,0.0,180.0,,,,,,,,,
Engenho,AcuRite Iris®,2026/03/06 18:00,23.6,75.0,18.9,24.0,26.8,23.6,1049.44,0.0,2.0,0.0,180.0,,,,,,,,,
Engenho,AcuRite Iris®,2026/03/06 18:05,23.8,74.0,18.8,24.2,26.9,23.8,1049.44,0.0,0.0,0.0,180.0,,,,,,,,,
Engenho,AcuRite Iris®,2026/03/06 18:10,23.6,75.0,18.9,24.0,26.8,23.6,1049.44,0.0,2.0,0.0,180.0,,,,,,,,,
Engenho,AcuRite Iris®,2026/03/06 18:15,23.3,75.0,18.6,23.6,26.3,23.3,1049.44,0.0,2.0,0.0,180.0,,,,,,,,,
Engenho,AcuRite Iris®,2026/03/06 18:20,23.4,76.0,18.9,23.8,26.6,23.4,1049.44,0.0,0.0,0.0,180.0,,,,,,,,,
Engenho,AcuRite Iris®,2026/03/06 18:25,22.6,79.0,18.8,23.0,25.7,22.6,1049.78,0.0,3.0,2.0,180.0,,,,,,,,,
Engenho,AcuRite Iris®,2026/03/06 18:30,22.4,80.0,18.8,22.8,25.5,22.4,1049.44,0.0,2.0,2.0,180.0,,,,,,,,,
Engenho,AcuRite Iris®,2026/03/06 18:35,22.2,81.0,18.8,22.6,25.4,22.2,1049.44,0.0,3.0,3.0,180.0,,,,,,,,,
Engenho,AcuRite Iris®,2026/03/06 18:40,22.2,81.0,18.8,22.6,25.4,22.2,1049.44,0.0,3.0,2.0,180.0,,,,,,,,,
Engenho,AcuRite Iris®,2026/03/06 18:45,22.0,81.0,18.6,22.4,25.1,22.0,1049.44,0.0,2.0,2.0,180.0,,,,,,,,,
Engenho,AcuRite Iris®,2026/03/06 18:50,22.3,80.0,18.7,22.7,25.3,22.3,1049.78,0.0,2.0,0.0,180.0,,,,,,,,,
Engenho,AcuRite Iris®,2026/03/06 18:55,21.9,82.0,18.7,22.3,25.0,21.9,1049.78,0.0,3.0,2.0,180.0,,,,,,,,,
Engenho,AcuRite Iris®,2026/03/06 19:00,22.0,82.0,18.8,22.4,25.1,22.0,1049.78,0.0,3.0,2.0,180.0,,,,,,,,,
Engenho,AcuRite Iris®,2026/03/06 19:05,22.0,81.0,18.6,22.4,25.1,22.0,1049.78,0.0,3.0,2.0,180.0,,,,,,,,,
Engenho,AcuRite Iris®,2026/03/06 19:10,22.0,81.0,18.6,22.4,25.1,22.0,1049.78,0.0,5.0,2.0,180.0,,,,,,,,,
Engenho,AcuRite Iris®,2026/03/06 19:15,22.2,81.0,18.8,22.6,25.4,22.2,1049.78,0.0,2.0,2.0,180.0,,,,,,,,,
Engenho,AcuRite Iris®,2026/03/06 19:20,21.8,82.0,18.6,22.2,24.8,21.8,1049.78,0.0,2.0,2.0,180.0,,,,,,,,,
Engenho,AcuRite Iris®,2026/03/06 19:25,22.0,82.0,18.8,22.4,25.1,22.0,1050.12,0.0,5.0,2.0,180.0,,,,,,,,,
Engenho,AcuRite Iris®,2026/03/06 19:30,21.8,82.0,18.6,22.2,24.8,21.8,1050.12,0.0,3.0,2.0,180.0,,,,,,,,,
Engenho,AcuRite Iris®,2026/03/06 19:35,21.9,83.0,18.9,22.3,25.1,21.9,1050.12,0.0,3.0,2.0,180.0,,,,,,,,,
Engenho,AcuRite Iris®,2026/03/06 19:40,21.7,83.0,18.7,22.1,24.8,21.7,1050.12,0.0,3.0,2.0,180.0,,,,,,,,,
Engenho,AcuRite Iris®,2026/03/06 19:45,21.6,84.0,18.8,22.0,24.7,21.6,1050.46,0.0,2.0,2.0,180.0,,,,,,,,,
Engenho,AcuRite Iris®,2026/03/06 19:50,21.5,84.0,18.7,21.9,24.6,21.5,1050.46,0.0,3.0,3.0,180.0,,,,,,,,,
Engenho,AcuRite Iris®,2026/03/06 19:55,21.8,83.0,18.8,22.2,24.9,21.8,1050.46,0.0,3.0,2.0,180.0,,,,,,,,,
Engenho,AcuRite Iris®,2026/03/06 20:00,21.7,83.0,18.7,22.1,24.8,21.7,1050.46,0.0,3.0,2.0,180.0,,,,,,,,,
Engenho,AcuRite Iris®,2026/03/06 20:05,21.7,83.0,18.7,22.1,24.8,21.7,1050.46,0.0,3.0,2.0,180.0,,,,,,,,,
Engenho,AcuRite Iris®,2026/03/06 20:10,21.8,83.0,18.8,22.2,24.9,21.8,1050.8,0.0,5.0,3.0,180.0,,,,,,,,,
Engenho,AcuRite Iris®,2026/03/06 20:15,21.8,83.0,18.8,22.2,24.9,21.8,1050.8,0.0,2.0,2.0,180.0,,,,,,,,,
Engenho,AcuRite Iris®,2026/03/06 20:20,21.8,83.0,18.8,22.2,24.9,21.8,1050.8,0.0,0.0,2.0,180.0,,,,,,,,,
Engenho,AcuRite Iris®,2026/03/06 20:25,21.8,82.0,18.6,22.2,24.8,21.8,1050.8,0.0,2.0,2.0,180.0,,,,,,,,,
Engenho,AcuRite Iris®,2026/03/06 20:30,21.9,83.0,18.9,22.3,25.1,21.9,1050.8,0.0,2.0,2.0,180.0,,,,,,,,,
Engenho,AcuRite Iris®,2026/03/06 20:35,21.7,83.0,18.7,22.1,24.8,21.7,1050.8,0.0,2.0,2.0,180.0,,,,,,,,,
Engenho,AcuRite Iris®,2026/03/06 20:40,21.5,83.0,18.5,21.9,24.5,21.5,1050.8,0.0,3.0,3.0,180.0,,,,,,,,,
Engenho,AcuRite Iris®,2026/03/06 20:45,21.5,83.0,18.5,21.9,24.5,21.5,1050.8,0.0,3.0,3.0,180.0,,,,,,,,,
Engenho,AcuRite Iris®,2026/03/06 20:50,21.6,83.0,18.6,22.0,24.7,21.6,1050.8,0.0,2.0,2.0,180.0,,,,,,,,,
Engenho,AcuRite Iris®,2026/03/06 20:55,22.1,82.0,18.9,22.5,25.3,22.1,1050.8,0.0,0.0,0.0,180.0,,,,,,,,,
Engenho,AcuRite Iris®,2026/03/06 21:00,22.2,81.0,18.8,22.6,25.4,22.2,1050.8,0.0,0.0,0.0,180.0,,,,,,,,,
Engenho,AcuRite Iris®,2026/03/06 21:05,22.2,81.0,18.8,22.6,25.4,22.2,1050.8,0.0,2.0,0.0,180.0,,,,,,,,,
Engenho,AcuRite Iris®,2026/03/06 21:10,22.4,81.0,18.9,22.8,25.6,22.4,1050.8,0.0,0.0,0.0,180.0,,,,,,,,,
Engenho,AcuRite Iris®,2026/03/06 21:15,22.4,80.0,18.8,22.8,25.5,22.4,1050.8,0.0,0.0,0.0,180.0,,,,,,,,,
Engenho,AcuRite Iris®,2026/03/06 21:20,22.5,80.0,18.9,22.9,25.7,22.5,1050.8,0.0,2.0,0.0,180.0,,,,,,,,,
Engenho,AcuRite Iris®,2026/03/06 21:25,21.5,83.0,18.5,21.9,24.5,21.5,1050.8,0.0,3.0,2.0,180.0,,,,,,,,,
Engenho,AcuRite Iris®,2026/03/06 21:30,21.6,83.0,18.6,22.0,24.7,21.6,1050.8,0.0,3.0,2.0,180.0,,,,,,,,,
Engenho,AcuRite Iris®,2026/03/06 21:35,21.6,83.0,18.6,22.0,24.7,21.6,1050.8,0.0,3.0,3.0,180.0,,,,,,,,,
Engenho,AcuRite Iris®,2026/03/06 21:40,22.4,81.0,18.9,22.8,25.6,22.4,1050.8,0.0,0.0,0.0,180.0,,,,,,,,,
Engenho,AcuRite Iris®,2026/03/06 21:45,22.4,80.0,18.8,22.8,25.5,22.4,1050.8,0.0,2.0,0.0,180.0,,,,,,,,,
Engenho,AcuRite Iris®,2026/03/06 21:50,21.9,82.0,18.7,22.3,25.0,21.9,1051.14,0.0,0.0,0.0,180.0,,,,,,,,,
Engenho,AcuRite Iris®,2026/03/06 21:55,21.9,82.0,18.7,22.3,25.0,21.9,1051.14,0.0,3.0,0.0,180.0,,,,,,,,,
Engenho,AcuRite Iris®,2026/03/06 22:00,21.9,82.0,18.7,22.3,25.0,21.9,1051.14,0.0,2.0,0.0,180.0,,,,,,,,,
Engenho,AcuRite Iris®,2026/03/06 22:05,22.1,82.0,18.9,22.5,25.3,22.1,1051.14,0.0,0.0,2.0,180.0,,,,,,,,,
Engenho,AcuRite Iris®,2026/03/06 22:10,22.6,80.0,19.0,23.0,25.8,22.6,1051.14,0.0,0.0,0.0,180.0,,,,,,,,,
Engenho,AcuRite Iris®,2026/03/06 22:15,22.6,80.0,19.0,23.0,25.8,22.6,1051.14,0.0,0.0,0.0,180.0,,,,,,,,,
Engenho,AcuRite Iris®,2026/03/06 22:20,22.0,82.0,18.8,22.4,25.1,22.0,1051.14,0.0,0.0,0.0,180.0,,,,,,,,,
Engenho,AcuRite Iris®,2026/03/06 22:25,21.9,82.0,18.7,22.3,25.0,21.9,1051.14,0.0,2.0,0.0,180.0,,,,,,,,,
Engenho,AcuRite Iris®,2026/03/06 22:30,22.3,81.0,18.8,22.7,25.4,22.3,1051.14,0.0,0.0,0.0,180.0,,,,,,,,,
Engenho,AcuRite Iris®,2026/03/06 22:35,22.3,80.0,18.7,22.7,25.3,22.3,1051.14,0.0,2.0,0.0,180.0,,,,,,,,,
Engenho,AcuRite Iris®,2026/03/06 22:40,21.9,82.0,18.7,22.3,25.0,21.9,1051.14,0.0,0.0,0.0,180.0,,,,,,,,,
Engenho,AcuRite Iris®,2026/03/06 22:45,22.2,82.0,19.0,22.7,25.4,22.2,1051.14,0.0,0.0,0.0,180.0,,,,,,,,,
Engenho,AcuRite Iris®,2026/03/06 22:50,21.2,85.0,18.6,21.6,24.3,21.2,1051.14,0.0,2.0,0.0,180.0,,,,,,,,,
Engenho,AcuRite Iris®,2026/03/06 22:55,21.5,84.0,18.7,21.9,24.6,21.5,1051.14,0.0,0.0,0.0,180.0,,,,,,,,,
Engenho,AcuRite Iris®,2026/03/06 23:00,21.7,83.0,18.7,22.1,24.8,21.7,1051.14,0.0,0.0,0.0,180.0,,,,,,,,,
Engenho,AcuRite Iris®,2026/03/06 23:05,21.0,85.0,18.4,21.4,23.9,21.0,1051.14,0.0,2.0,0.0,180.0,,,,,,,,,
Engenho,AcuRite Iris®,2026/03/06 23:10,20.9,85.0,18.3,21.3,23.8,20.9,1051.14,0.0,3.0,0.0,180.0,,,,,,,,,
Engenho,AcuRite Iris®,2026/03/06 23:15,20.8,86.0,18.3,21.2,23.7,20.8,1051.14,0.0,2.0,2.0,180.0,,,,,,,,,
Engenho,AcuRite Iris®,2026/03/06 23:20,20.7,86.0,18.3,21.1,23.7,20.7,1051.14,0.0,3.0,2.0,180.0,,,,,,,,,
Engenho,AcuRite Iris®,2026/03/06 23:25,21.0,85.0,18.4,21.4,23.9,21.0,1051.14,0.0,0.0,0.0,180.0,,,,,,,,,
Engenho,AcuRite Iris®,2026/03/06 23:30,21.2,85.0,18.6,21.6,24.3,21.2,1051.14,0.0,0.0,0.0,180.0,,,,,,,,,
Engenho,AcuRite Iris®,2026/03/06 23:35,21.2,86.0,18.8,21.7,24.3,21.2,1051.14,0.0,0.0,0.0,180.0,,,,,,,,,
Engenho,AcuRite Iris®,2026/03/06 23:40,20.5,87.0,18.3,20.9,23.4,20.5,1051.14,0.0,3.0,2.0,180.0,,,,,,,,,
Engenho,AcuRite Iris®,2026/03/06 23:45,20.8,88.0,18.7,21.2,23.9,20.8,1051.14,0.0,0.0,0.0,180.0,,,,,,,,,
Engenho,AcuRite Iris®,2026/03/06 23:50,21.2,86.0,18.8,21.7,24.3,21.2,1051.14,0.0,0.0,0.0,180.0,,,,,,,,,
Engenho,AcuRite Iris®,2026/03/06 23:55,21.2,86.0,18.8,21.7,24.3,21.2,1051.47,1.0,0.0,0.0,180.0,,,,,,,,,
Engenho,AcuRite Iris®,2026/04/06 00:00,21.8,85.0,19.2,22.2,25.1,21.8,1051.47,0.0,0.0,0.0,180.0,,,,,,,,,
Engenho,AcuRite Iris®,2026/04/06 00:05,20.9,87.0,18.7,21.3,23.9,20.9,1051.47,0.0,2.0,0.0,180.0,,,,,,,,,
Engenho,AcuRite Iris®,2026/04/06 00:10,20.5,89.0,18.6,20.9,23.6,20.5,1051.47,0.0,3.0,2.0,180.0,,,,,,,,,
Engenho,AcuRite Iris®,2026/04/06 00:15,21.2,87.0,18.9,21.7,24.4,21.2,1051.47,0.0,0.0,0.0,180.0,,,,,,,,,
Engenho,AcuRite Iris®,2026/04/06 00:20,21.4,86.0,18.9,21.8,24.6,21.4,1051.47,0.0,0.0,0.0,180.0,,,,,,,,,
Engenho,AcuRite Iris®,2026/04/06 00:25,21.2,86.0,18.8,21.7,24.3,21.2,1051.47,0.0,0.0,0.0,180.0,,,,,,,,,
Engenho,AcuRite Iris®,2026/04/06 00:30,21.2,87.0,18.9,21.7,24.4,21.2,1051.47,0.0,0.0,0.0,180.0,,,,,,,,,
Engenho,AcuRite Iris®,2026/04/06 00:35,21.2,87.0,18.9,21.7,24.4,21.2,1051.47,1.0,0.0,0.0,180.0,,,,,,,,,
Engenho,AcuRite Iris®,2026/04/06 00:40,21.3,86.0,18.8,21.7,24.4,21.3,1051.47,1.0,0.0,0.0,180.0,,,,,,,,,
Engenho,AcuRite Iris®,2026/04/06 00:45,21.2,86.0,18.8,21.7,24.3,21.2,1051.47,1.0,0.0,0.0,180.0,,,,,,,,,
Engenho,AcuRite Iris®,2026/04/06 00:50,21.1,86.0,18.7,21.5,24.2,21.1,1051.47,1.0,3.0,0.0,180.0,,,,,,,,,
Engenho,AcuRite Iris®,2026/04/06 00:55,20.7,88.0,18.7,21.2,23.8,20.7,1051.47,1.0,5.0,2.0,180.0,,,,,,,,,
Engenho,AcuRite Iris®,2026/04/06 01:00,20.5,88.0,18.4,20.9,23.5,20.5,1051.47,1.0,3.0,2.0,180.0,,,,,,,,,
Engenho,AcuRite Iris®,2026/04/06 01:05,20.8,88.0,18.7,21.2,23.9,20.8,1051.47,1.0,3.0,2.0,180.0,,,,,,,,,
Engenho,AcuRite Iris®,2026/04/06 01:10,20.8,88.0,18.7,21.2,23.9,20.8,1051.47,1.0,0.0,0.0,180.0,,,,,,,,,
Engenho,AcuRite Iris®,2026/04/06 01:15,20.9,87.0,18.7,21.3,23.9,20.9,1051.47,1.0,3.0,0.0,180.0,,,,,,,,,
Engenho,AcuRite Iris®,2026/04/06 01:20,20.7,87.0,18.5,21.1,23.7,20.7,1051.47,1.0,0.0,2.0,180.0,,,,,,,,,
Engenho,AcuRite Iris®,2026/04/06 01:25,20.9,87.0,18.7,21.3,23.9,20.9,1051.47,1.0,2.0,0.0,180.0,,,,,,,,,
Engenho,AcuRite Iris®,2026/04/06 01:30,21.2,86.0,18.8,21.7,24.3,21.2,1051.47,1.0,0.0,0.0,180.0,,,,,,,,,
Engenho,AcuRite Iris®,2026/04/06 01:35,21.9,83.0,18.9,22.3,25.1,21.9,1051.47,1.0,0.0,0.0,180.0,,,,,,,,,
Engenho,AcuRite Iris®,2026/04/06 01:40,21.6,84.0,18.8,22.0,24.7,21.6,1051.47,1.0,0.0,0.0,180.0,,,,,,,,,
Engenho,AcuRite Iris®,2026/04/06 01:45,21.9,84.0,19.1,22.3,25.2,21.9,1051.47,1.0,0.0,0.0,180.0,,,,,,,,,
Engenho,AcuRite Iris®,2026/04/06 01:50,21.9,84.0,19.1,22.3,25.2,21.9,1051.14,1.0,0.0,0.0,180.0,,,,,,,,,
Engenho,AcuRite Iris®,2026/04/06 01:55,21.1,86.0,18.7,21.5,24.2,21.1,1051.14,1.0,0.0,0.0,180.0,,,,,,,,,
Engenho,AcuRite Iris®,2026/04/06 02:00,20.9,87.0,18.7,21.3,23.9,20.9,1051.14,1.0,3.0,0.0,180.0,,,,,,,,,
Engenho,AcuRite Iris®,2026/04/06 02:05,20.6,87.0,18.4,21.0,23.6,20.6,1051.14,2.0,0.0,0.0,180.0,,,,,,,,,
Engenho,AcuRite Iris®,2026/04/06 02:10,20.9,87.0,18.7,21.3,23.9,20.9,1051.14,2.0,0.0,0.0,180.0,,,,,,,,,
Engenho,AcuRite Iris®,2026/04/06 02:15,21.1,87.0,18.8,21.6,24.3,21.1,1051.14,2.0,0.0,0.0,180.0,,,,,,,,,
Engenho,AcuRite Iris®,2026/04/06 02:20,21.1,87.0,18.8,21.6,24.3,21.1,1050.8,2.0,0.0,0.0,180.0,,,,,,,,,
Engenho,AcuRite Iris®,2026/04/06 02:25,21.1,87.0,18.8,21.6,24.3,21.1,1050.8,2.0,0.0,0.0,180.0,,,,,,,,,
Engenho,AcuRite Iris®,2026/04/06 02:30,21.0,87.0,18.7,21.4,24.1,21.0,1050.8,2.0,0.0,0.0,180.0,,,,,,,,,
Engenho,AcuRite Iris®,2026/04/06 02:35,20.6,88.0,18.6,21.0,23.7,20.6,1050.8,2.0,2.0,0.0,180.0,,,,,,,,,
Engenho,AcuRite Iris®,2026/04/06 02:40,20.6,88.0,18.6,21.0,23.7,20.6,1050.8,2.0,0.0,0.0,180.0,,,,,,,,,
Engenho,AcuRite Iris®,2026/04/06 02:45,20.4,89.0,18.5,20.8,23.4,20.4,1050.8,2.0,2.0,0.0,180.0,,,,,,,,,
Engenho,AcuRite Iris®,2026/04/06 02:50,20.7,89.0,18.8,21.2,23.9,20.7,1050.8,2.0,0.0,0.0,180.0,,,,,,,,,
Engenho,AcuRite Iris®,2026/04/06 02:55,20.3,89.0,18.4,20.7,23.2,20.3,1050.8,2.0,2.0,0.0,180.0,,,,,,,,,
Engenho,AcuRite Iris®,2026/04/06 03:00,20.5,89.0,18.6,20.9,23.6,20.5,1050.8,2.0,0.0,0.0,180.0,,,,,,,,,
Engenho,AcuRite Iris®,2026/04/06 03:05,20.5,89.0,18.6,20.9,23.6,20.5,1050.8,2.0,3.0,2.0,180.0,,,,,,,,,
Engenho,AcuRite Iris®,2026/04/06 03:10,20.5,89.0,18.6,20.9,23.6,20.5,1050.8,2.0,2.0,2.0,180.0,,,,,,,,,
Engenho,AcuRite Iris®,2026/04/06 03:15,20.5,89.0,18.6,20.9,23.6,20.5,1050.8,2.0,3.0,2.0,180.0,,,,,,,,,
Engenho,AcuRite Iris®,2026/04/06 03:20,21.0,88.0,18.9,21.4,24.2,21.0,1050.8,2.0,0.0,0.0,180.0,,,,,,,,,
Engenho,AcuRite Iris®,2026/04/06 03:25,20.9,88.0,18.8,21.3,24.1,20.9,1050.8,2.0,0.0,0.0,180.0,,,,,,,,,
Engenho,AcuRite Iris®,2026/04/06 03:30,21.0,88.0,18.9,21.4,24.2,21.0,1050.8,2.0,0.0,0.0,180.0,,,,,,,,,
Engenho,AcuRite Iris®,2026/04/06 03:35,21.2,87.0,18.9,21.7,24.4,21.2,1050.8,3.0,0.0,0.0,180.0,,,,,,,,,
Engenho,AcuRite Iris®,2026/04/06 03:40,21.1,87.0,18.8,21.6,24.3,21.1,1050.8,3.0,2.0,0.0,180.0,,,,,,,,,
Engenho,AcuRite Iris®,2026/04/06 03:45,21.3,87.0,19.0,21.7,24.5,21.3,1050.8,3.0,0.0,0.0,180.0,,,,,,,,,
Engenho,AcuRite Iris®,2026/04/06 03:50,20.9,87.0,18.7,21.3,23.9,20.9,1050.8,3.0,0.0,0.0,180.0,,,,,,,,,
Engenho,AcuRite Iris®,2026/04/06 03:55,20.7,87.0,18.5,21.1,23.7,20.7,1050.8,3.0,2.0,0.0,180.0,,,,,,,,,
Engenho,AcuRite Iris®,2026/04/06 04:00,20.6,89.0,18.7,21.1,23.7,20.6,1050.46,3.0,2.0,2.0,180.0,,,,,,,,,
Engenho,AcuRite Iris®,2026/04/06 04:05,20.9,88.0,18.8,21.3,24.1,20.9,1050.8,3.0,0.0,0.0,180.0,,,,,,,,,
Engenho,AcuRite Iris®,2026/04/06 04:10,20.5,88.0,18.4,20.9,23.5,20.5,1050.46,3.0,5.0,2.0,180.0,,,,,,,,,
Engenho,AcuRite Iris®,2026/04/06 04:15,20.4,88.0,18.3,20.8,23.3,20.4,1050.46,3.0,3.0,2.0,180.0,,,,,,,,,
Engenho,AcuRite Iris®,2026/04/06 04:20,20.3,89.0,18.4,20.7,23.2,20.3,1050.46,3.0,3.0,3.0,180.0,,,,,,,,,
Engenho,AcuRite Iris®,2026/04/06 04:25,20.4,89.0,18.5,20.8,23.4,20.4,1050.46,3.0,0.0,2.0,180.0,,,,,,,,,
Engenho,AcuRite Iris®,2026/04/06 04:30,20.3,89.0,18.4,20.7,23.2,20.3,1050.46,3.0,5.0,2.0,180.0,,,,,,,,,
Engenho,AcuRite Iris®,2026/04/06 04:35,20.4,89.0,18.5,20.8,23.4,20.4,1050.46,3.0,2.0,2.0,180.0,,,,,,,,,
Engenho,AcuRite Iris®,2026/04/06 04:40,20.5,88.0,18.4,20.9,23.5,20.5,1050.46,3.0,2.0,0.0,180.0,,,,,,,,,
Engenho,AcuRite Iris®,2026/04/06 04:45,20.4,88.0,18.3,20.8,23.3,20.4,1050.46,3.0,0.0,0.0,180.0,,,,,,,,,
Engenho,AcuRite Iris®,2026/04/06 04:50,20.9,87.0,18.7,21.3,23.9,20.9,1050.12,3.0,0.0,0.0,180.0,,,,,,,,,
Engenho,AcuRite Iris®,2026/04/06 04:55,20.9,87.0,18.7,21.3,23.9,20.9,1050.12,3.0,0.0,0.0,180.0,,,,,,,,,
Engenho,AcuRite Iris®,2026/04/06 05:00,21.1,86.0,18.7,21.5,24.2,21.1,1050.12,3.0,0.0,0.0,180.0,,,,,,,,,
Engenho,AcuRite Iris®,2026/04/06 05:05,20.6,88.0,18.6,21.0,23.7,20.6,1050.12,3.0,2.0,0.0,180.0,,,,,,,,,
Engenho,AcuRite Iris®,2026/04/06 05:10,20.8,88.0,18.7,21.2,23.9,20.8,1050.12,3.0,0.0,0.0,180.0,,,,,,,,,
Engenho,AcuRite Iris®,2026/04/06 05:15,20.5,88.0,18.4,20.9,23.5,20.5,1050.12,3.0,0.0,0.0,180.0,,,,,,,,,
Engenho,AcuRite Iris®,2026/04/06 05:20,20.8,88.0,18.7,21.2,23.9,20.8,1050.12,3.0,0.0,0.0,180.0,,,,,,,,,
Engenho,AcuRite Iris®,2026/04/06 05:25,20.4,88.0,18.3,20.8,23.3,20.4,1050.12,3.0,2.0,0.0,180.0,,,,,,,,,
Engenho,AcuRite Iris®,2026/04/06 05:30,20.6,88.0,18.6,21.0,23.7,20.6,1050.12,3.0,0.0,0.0,180.0,,,,,,,,,
Engenho,AcuRite Iris®,2026/04/06 05:35,21.4,86.0,18.9,21.8,24.6,21.4,1050.46,3.0,0.0,0.0,180.0,,,,,,,,,
Engenho,AcuRite Iris®,2026/04/06 05:40,21.3,85.0,18.7,21.7,24.3,21.3,1050.46,3.0,0.0,0.0,180.0,,,,,,,,,
Engenho,AcuRite Iris®,2026/04/06 05:45,20.9,86.0,18.4,21.3,23.9,20.9,1050.46,3.0,0.0,0.0,180.0,,,,,,,,,
Engenho,AcuRite Iris®,2026/04/06 05:50,21.0,86.0,18.6,21.4,24.1,21.0,1050.46,3.0,0.0,0.0,180.0,,,,,,,,,
Engenho,AcuRite Iris®,2026/04/06 05:55,21.1,85.0,18.5,21.5,24.1,21.1,1050.8,3.0,0.0,0.0,180.0,,,,,,,,,
Engenho,AcuRite Iris®,2026/04/06 06:00,21.2,85.0,18.6,21.6,24.3,21.2,1050.46,3.0,0.0,0.0,180.0,,,,,,,,,
Engenho,AcuRite Iris®,2026/04/06 06:05,20.6,87.0,18.4,21.0,23.6,20.6,1050.46,3.0,0.0,0.0,180.0,,,,,,,,,
Engenho,AcuRite Iris®,2026/04/06 06:10,21.0,86.0,18.6,21.4,24.1,21.0,1050.8,3.0,0.0,0.0,180.0,,,,,,,,,
Engenho,AcuRite Iris®,2026/04/06 06:15,20.5,87.0,18.3,20.9,23.4,20.5,1050.8,3.0,0.0,0.0,180.0,,,,,,,,,
Engenho,AcuRite Iris®,2026/04/06 06:20,21.1,86.0,18.7,21.5,24.2,21.1,1050.8,3.0,0.0,0.0,180.0,,,,,,,,,
Engenho,AcuRite Iris®,2026/04/06 06:25,21.4,85.0,18.8,21.8,24.5,21.4,1050.8,3.0,0.0,0.0,180.0,,,,,,,,,
Engenho,AcuRite Iris®,2026/04/06 06:30,20.6,88.0,18.6,21.0,23.7,20.6,1050.8,3.0,0.0,0.0,180.0,,,,,,,,,
Engenho,AcuRite Iris®,2026/04/06 06:35,21.2,86.0,18.8,21.7,24.3,21.2,1051.14,4.0,0.0,0.0,180.0,,,,,,,,,
Engenho,AcuRite Iris®,2026/04/06 06:40,20.6,88.0,18.6,21.0,23.7,20.6,1051.14,4.0,0.0,0.0,180.0,,,,,,,,,
Engenho,AcuRite Iris®,2026/04/06 06:45,21.3,86.0,18.8,21.7,24.4,21.3,1051.14,4.0,0.0,0.0,180.0,,,,,,,,,
Engenho,AcuRite Iris®,2026/04/06 06:50,20.9,87.0,18.7,21.3,23.9,20.9,1051.14,4.0,0.0,0.0,180.0,,,,,,,,,
Engenho,AcuRite Iris®,2026/04/06 06:55,21.1,86.0,18.7,21.5,24.2,21.1,1051.14,4.0,0.0,0.0,180.0,,,,,,,,,
Engenho,AcuRite Iris®,2026/04/06 07:00,21.2,86.0,18.8,21.7,24.3,21.2,1051.14,4.0,0.0,0.0,180.0,,,,,,,,,
Engenho,AcuRite Iris®,2026/04/06 07:05,21.5,85.0,18.9,21.9,24.7,21.5,1051.14,4.0,0.0,0.0,180.0,,,,,,,,,
Engenho,AcuRite Iris®,2026/04/06 07:10,21.5,85.0,18.9,21.9,24.7,21.5,1051.47,4.0,0.0,0.0,180.0,,,,,,,,,
Engenho,AcuRite Iris®,2026/04/06 07:15,21.7,84.0,18.9,22.2,24.9,21.7,1051.47,4.0,0.0,0.0,180.0,,,,,,,,,
Engenho,AcuRite Iris®,2026/04/06 07:20,21.5,84.0,18.7,21.9,24.6,21.5,1051.47,4.0,0.0,0.0,180.0,,,,,,,,,
Engenho,AcuRite Iris®,2026/04/06 07:25,21.6,84.0,18.8,22.0,24.7,21.6,1051.47,4.0,0.0,0.0,180.0,,,,,,,,,
Engenho,AcuRite Iris®,2026/04/06 07:30,21.8,84.0,18.9,22.2,25.0,21.8,1051.47,4.0,0.0,0.0,180.0,,,,,,,,,
Engenho,AcuRite Iris®,2026/04/06 07:35,22.0,84.0,19.2,22.4,25.3,22.0,1051.47,4.0,0.0,0.0,180.0,,,,,,,,,
Engenho,AcuRite Iris®,2026/04/06 07:40,22.2,84.0,19.4,22.7,25.6,22.2,1051.47,4.0,0.0,0.0,180.0,,,,,,,,,
Engenho,AcuRite Iris®,2026/04/06 07:45,22.2,84.0,19.4,22.7,25.6,22.2,1051.47,4.0,0.0,0.0,180.0,,,,,,,,,
Engenho,AcuRite Iris®,2026/04/06 07:50,22.3,84.0,19.4,22.8,25.7,22.3,1051.47,4.0,0.0,0.0,180.0,,,,,,,,,
Engenho,AcuRite Iris®,2026/04/06 07:55,21.9,84.0,19.1,22.3,25.2,21.9,1051.47,4.0,0.0,0.0,180.0,,,,,,,,,
Engenho,AcuRite Iris®,2026/04/06 08:00,22.0,85.0,19.3,22.5,25.4,22.0,1051.47,4.0,0.0,0.0,180.0,,,,,,,,,
Engenho,AcuRite Iris®,2026/04/06 08:05,22.4,84.0,19.6,22.9,25.9,22.4,1051.81,4.0,0.0,0.0,180.0,,,,,,,,,
Engenho,AcuRite Iris®,2026/04/06 08:10,22.9,82.0,19.7,23.4,26.4,22.9,1051.81,4.0,0.0,0.0,180.0,,,,,,,,,
Engenho,AcuRite Iris®,2026/04/06 08:15,22.8,82.0,19.6,23.3,26.3,22.8,1051.81,4.0,0.0,0.0,180.0,,,,,,,,,
Engenho,AcuRite Iris®,2026/04/06 08:20,23.1,82.0,19.9,23.6,26.7,23.1,1051.81,4.0,0.0,0.0,180.0,,,,,,,,,
Engenho,AcuRite Iris®,2026/04/06 08:25,23.1,81.0,19.7,23.6,26.7,23.1,1051.81,4.0,0.0,0.0,180.0,,,,,,,,,
Engenho,AcuRite Iris®,2026/04/06 08:30,23.5,80.0,19.8,24.0,27.1,23.5,1051.81,4.0,0.0,0.0,180.0,,,,,,,,,
Engenho,AcuRite Iris®,2026/04/06 08:35,24.1,79.0,20.2,24.7,27.9,24.1,1051.81,4.0,0.0,0.0,180.0,,,,,,,,,
Engenho,AcuRite Iris®,2026/04/06 08:40,23.9,78.0,19.8,24.4,27.5,23.9,1052.15,4.0,0.0,0.0,180.0,,,,,,,,,
Engenho,AcuRite Iris®,2026/04/06 08:45,24.3,77.0,20.0,24.8,27.9,24.3,1052.15,4.0,0.0,0.0,180.0,,,,,,,,,
Engenho,AcuRite Iris®,2026/04/06 08:50,24.8,77.0,20.4,25.3,28.7,24.8,1052.15,4.0,0.0,0.0,180.0,,,,,,,,,
Engenho,AcuRite Iris®,2026/04/06 08:55,24.6,75.0,19.9,25.1,28.2,24.6,1052.15,4.0,2.0,0.0,180.0,,,,,,,,,
Engenho,AcuRite Iris®,2026/04/06 09:00,24.6,75.0,19.9,25.1,28.2,24.6,1052.15,4.0,0.0,0.0,180.0,,,,,,,,,
Engenho,AcuRite Iris®,2026/04/06 09:05,25.1,75.0,20.3,25.6,29.0,25.1,1052.15,4.0,0.0,0.0,180.0,,,,,,,,,
Engenho,AcuRite Iris®,2026/04/06 09:10,25.3,73.0,20.1,25.8,29.0,25.3,1052.49,4.0,0.0,0.0,180.0,,,,,,,,,
Engenho,AcuRite Iris®,2026/04/06 09:15,25.3,74.0,20.3,25.8,29.1,25.3,1052.49,4.0,0.0,0.0,180.0,,,,,,,,,
Engenho,AcuRite Iris®,2026/04/06 09:20,24.8,74.0,19.8,25.2,28.4,24.8,1052.49,4.0,0.0,0.0,180.0,,,,,,,,,
Engenho,AcuRite Iris®,2026/04/06 09:25,25.2,73.0,20.0,25.7,28.9,25.2,1052.49,4.0,2.0,0.0,180.0,,,,,,,,,
Engenho,AcuRite Iris®,2026/04/06 09:30,24.8,73.0,19.6,25.2,28.3,24.8,1052.49,4.0,0.0,0.0,180.0,,,,,,,,,
Engenho,AcuRite Iris®,2026/04/06 09:35,24.7,75.0,20.0,25.2,28.4,24.7,1052.83,4.0,2.0,0.0,180.0,,,,,,,,,
Engenho,AcuRite Iris®,2026/04/06 09:40,24.8,76.0,20.3,25.3,28.6,24.8,1052.83,4.0,2.0,0.0,180.0,,,,,,,,,
Engenho,AcuRite Iris®,2026/04/06 09:45,24.8,75.0,20.1,25.3,28.5,24.8,1052.83,4.0,0.0,2.0,180.0,,,,,,,,,
Engenho,AcuRite Iris®,2026/04/06 09:50,24.9,76.0,20.3,25.4,28.8,24.9,1052.83,4.0,2.0,0.0,180.0,,,,,,,,,
Engenho,AcuRite Iris®,2026/04/06 09:55,25.1,75.0,20.3,25.6,29.0,25.1,1052.83,4.0,2.0,2.0,180.0,,,,,,,,,
Engenho,AcuRite Iris®,2026/04/06 10:00,24.9,76.0,20.3,25.4,28.8,24.9,1052.83,4.0,2.0,0.0,180.0,,,,,,,,,
Engenho,AcuRite Iris®,2026/04/06 10:05,25.1,75.0,20.3,25.6,29.0,25.1,1052.83,4.0,3.0,2.0,180.0,,,,,,,,,
Engenho,AcuRite Iris®,2026/04/06 10:10,25.3,74.0,20.3,25.8,29.1,25.3,1052.83,4.0,5.0,0.0,180.0,,,,,,,,,
Engenho,AcuRite Iris®,2026/04/06 10:15,25.6,74.0,20.6,26.8,29.6,25.6,1052.83,4.0,0.0,0.0,180.0,,,,,,,,,
Engenho,AcuRite Iris®,2026/04/06 10:20,25.9,72.0,20.4,27.2,29.8,25.9,1052.83,4.0,0.0,0.0,180.0,,,,,,,,,
Engenho,AcuRite Iris®,2026/04/06 10:25,25.6,72.0,20.2,26.1,29.4,25.6,1052.83,4.0,0.0,0.0,180.0,,,,,,,,,
Engenho,AcuRite Iris®,2026/04/06 10:30,26.1,71.0,20.4,27.5,30.0,26.1,1052.83,4.0,0.0,0.0,180.0,,,,,,,,,
Engenho,AcuRite Iris®,2026/04/06 10:35,26.4,70.0,20.4,27.9,30.3,26.4,1052.83,4.0,0.0,0.0,180.0,,,,,,,,,
Engenho,AcuRite Iris®,2026/04/06 10:40,26.8,70.0,20.8,28.5,30.9,26.8,1052.83,4.0,2.0,0.0,180.0,,,,,,,,,
Engenho,AcuRite Iris®,2026/04/06 10:45,27.1,68.0,20.7,28.9,31.1,27.1,1052.83,4.0,2.0,2.0,180.0,,,,,,,,,
Engenho,AcuRite Iris®,2026/04/06 10:50,26.6,69.0,20.4,28.2,30.5,26.6,1052.83,4.0,3.0,2.0,180.0,,,,,,,,,
Engenho,AcuRite Iris®,2026/04/06 10:55,26.7,69.0,20.6,28.3,30.7,26.7,1052.83,4.0,2.0,0.0,180.0,,,,,,,,,
Engenho,AcuRite Iris®,2026/04/06 11:00,26.9,68.0,20.4,28.5,30.8,26.9,1052.83,4.0,5.0,2.0,180.0,,,,,,,,,
Engenho,AcuRite Iris®,2026/04/06 11:05,26.3,70.0,20.3,27.7,30.2,26.3,1052.83,4.0,0.0,2.0,180.0,,,,,,,,,
Engenho,AcuRite Iris®,2026/04/06 11:10,26.5,69.0,20.3,28.0,30.3,26.5,1052.83,4.0,3.0,2.0,180.0,,,,,,,,,
Engenho,AcuRite Iris®,2026/04/06 11:15,26.8,68.0,20.4,28.3,30.7,26.8,1052.83,4.0,0.0,2.0,180.0,,,,,,,,,
Engenho,AcuRite Iris®,2026/04/06 11:20,26.4,69.0,20.2,27.8,30.2,26.4,1052.83,4.0,3.0,2.0,180.0,,,,,,,,,
Engenho,AcuRite Iris®,2026/04/06 11:25,26.3,69.0,20.1,27.7,30.1,26.3,1052.49,4.0,3.0,2.0,180.0,,,,,,,,,
Engenho,AcuRite Iris®,2026/04/06 11:30,26.1,70.0,20.2,27.4,29.9,26.1,1052.49,4.0,5.0,3.0,180.0,,,,,,,,,
Engenho,AcuRite Iris®,2026/04/06 11:35,26.5,70.0,20.6,28.1,30.5,26.5,1052.49,4.0,2.0,2.0,180.0,,,,,,,,,
Engenho,AcuRite Iris®,2026/04/06 11:40,26.8,69.0,20.6,28.4,30.8,26.8,1052.49,4.0,3.0,2.0,180.0,,,,,,,,,
Engenho,AcuRite Iris®,2026/04/06 11:45,26.9,69.0,20.7,28.6,30.9,26.9,1052.49,4.0,3.0,2.0,180.0,,,,,,,,,
Engenho,AcuRite Iris®,2026/04/06 11:50,26.8,69.0,20.6,28.4,30.8,26.8,1052.15,4.0,3.0,2.0,180.0,,,,,,,,,
Engenho,AcuRite Iris®,2026/04/06 11:55,26.9,69.0,20.7,28.6,30.9,26.9,1052.15,4.0,2.0,2.0,180.0,,,,,,,,,
Engenho,AcuRite Iris®,2026/04/06 12:00,26.9,69.0,20.7,28.6,30.9,26.9,1052.15,4.0,3.0,3.0,180.0,,,,,,,,,
Engenho,AcuRite Iris®,2026/04/06 12:05,27.3,69.0,21.1,29.2,31.5,27.3,1052.15,4.0,2.0,2.0,180.0,,,,,,,,,
Engenho,AcuRite Iris®,2026/04/06 12:10,27.1,69.0,20.9,28.9,31.3,27.1,1052.15,4.0,2.0,2.0,180.0,,,,,,,,,
Engenho,AcuRite Iris®,2026/04/06 12:15,26.6,70.0,20.7,28.2,30.6,26.6,1051.81,4.0,3.0,3.0,180.0,,,,,,,,,
Engenho,AcuRite Iris®,2026/04/06 12:20,26.7,70.0,20.8,28.4,30.8,26.7,1051.81,4.0,5.0,3.0,180.0,,,,,,,,,
Engenho,AcuRite Iris®,2026/04/06 12:25,27.2,69.0,21.0,29.2,31.4,27.2,1051.81,4.0,3.0,2.0,180.0,,,,,,,,,
Engenho,AcuRite Iris®,2026/04/06 12:30,27.2,68.0,20.8,29.1,31.3,27.2,1051.81,4.0,3.0,2.0,180.0,,,,,,,,,
Engenho,AcuRite Iris®,2026/04/06 12:35,27.2,69.0,21.0,29.2,31.4,27.2,1051.47,4.0,2.0,2.0,180.0,,,,,,,,,
Engenho,AcuRite Iris®,2026/04/06 12:40,27.0,68.0,20.6,28.7,31.0,27.0,1051.47,4.0,5.0,2.0,180.0,,,,,,,,,
Engenho,AcuRite Iris®,2026/04/06 12:45,26.5,68.0,20.1,27.9,30.2,26.5,1051.47,4.0,5.0,3.0,180.0,,,,,,,,,
Engenho,AcuRite Iris®,2026/04/06 12:50,26.2,69.0,20.1,27.6,29.9,26.2,1051.47,4.0,3.0,2.0,180.0,,,,,,,,,
Engenho,AcuRite Iris®,2026/04/06 12:55,27.0,69.0,20.8,28.8,31.1,27.0,1051.47,4.0,3.0,2.0,180.0,,,,,,,,,
Engenho,AcuRite Iris®,2026/04/06 13:00,27.2,68.0,20.8,29.1,31.3,27.2,1051.47,4.0,6.0,2.0,180.0,,,,,,,,,
Engenho,AcuRite Iris®,2026/04/06 13:05,26.7,68.0,20.3,28.3,30.6,26.7,1051.14,4.0,5.0,2.0,180.0,,,,,,,,,
Engenho,AcuRite Iris®,2026/04/06 13:10,26.0,69.0,19.8,27.3,28.9,26.0,1051.14,4.0,5.0,5.0,180.0,,,,,,,,,
Engenho,AcuRite Iris®,2026/04/06 13:15,26.6,69.0,20.4,28.2,30.5,26.6,1051.14,4.0,6.0,3.0,180.0,,,,,,,,,
Engenho,AcuRite Iris®,2026/04/06 13:20,26.0,69.0,19.8,27.3,28.9,26.0,1050.8,4.0,6.0,5.0,180.0,,,,,,,,,
Engenho,AcuRite Iris®,2026/04/06 13:25,25.6,69.0,19.5,26.1,28.4,25.6,1050.8,4.0,8.0,5.0,180.0,,,,,,,,,
Engenho,AcuRite Iris®,2026/04/06 13:30,25.8,69.0,19.7,26.9,28.6,25.8,1050.8,4.0,2.0,5.0,180.0,,,,,,,,,
Engenho,AcuRite Iris®,2026/04/06 13:35,25.7,70.0,19.8,26.9,29.3,25.7,1050.8,4.0,5.0,3.0,180.0,,,,,,,,,
Engenho,AcuRite Iris®,2026/04/06 13:40,26.0,69.0,19.8,27.3,29.6,26.0,1050.8,4.0,3.0,2.0,180.0,,,,,,,,,
Engenho,AcuRite Iris®,2026/04/06 13:45,25.5,70.0,19.6,25.9,29.0,25.5,1050.8,4.0,5.0,3.0,180.0,,,,,,,,,
Engenho,AcuRite Iris®,2026/04/06 13:50,25.9,69.0,19.8,27.1,29.4,25.9,1050.8,4.0,6.0,3.0,180.0,,,,,,,,,
Engenho,AcuRite Iris®,2026/04/06 13:55,25.3,70.0,19.4,25.7,28.7,25.3,1050.46,4.0,3.0,3.0,180.0,,,,,,,,,
Engenho,AcuRite Iris®,2026/04/06 14:00,25.1,71.0,19.4,25.6,28.6,25.1,1050.46,4.0,2.0,3.0,180.0,,,,,,,,,
Engenho,AcuRite Iris®,2026/04/06 14:05,25.2,71.0,19.6,25.7,28.7,25.2,1050.46,4.0,5.0,3.0,180.0,,,,,,,,,
Engenho,AcuRite Iris®,2026/04/06 14:10,25.0,71.0,19.4,25.4,27.7,25.0,1050.46,4.0,5.0,5.0,180.0,,,,,,,,,
Engenho,AcuRite Iris®,2026/04/06 14:15,25.1,71.0,19.4,25.6,28.6,25.1,1050.46,4.0,6.0,3.0,180.0,,,,,,,,,
Engenho,AcuRite Iris®,2026/04/06 14:20,24.8,71.0,19.2,25.2,27.4,24.8,1050.46,4.0,6.0,5.0,180.0,,,,,,,,,
Engenho,AcuRite Iris®,2026/04/06 14:25,24.8,71.0,19.2,25.2,28.1,24.8,1050.46,4.0,6.0,3.0,180.0,,,,,,,,,
Engenho,AcuRite Iris®,2026/04/06 14:30,24.9,71.0,19.3,25.3,28.2,24.9,1050.46,4.0,10.0,3.0,180.0,,,,,,,,,
Engenho,AcuRite Iris®,2026/04/06 14:35,24.5,71.0,18.9,24.8,27.0,24.5,1050.12,4.0,6.0,5.0,180.0,,,,,,,,,
Engenho,AcuRite Iris®,2026/04/06 14:40,24.6,71.0,19.0,25.0,27.2,24.6,1050.12,4.0,6.0,5.0,180.0,,,,,,,,,
Engenho,AcuRite Iris®,2026/04/06 14:55,24.7,71.0,19.1,25.1,28.0,24.7,1050.12,0.0,2.0,2.0,180.0,,,,,,,,,
Engenho,AcuRite Iris®,2026/04/06 15:00,24.7,71.0,19.1,25.1,28.0,24.7,1050.12,0.0,2.0,2.0,180.0,,,,,,,,,
Engenho,AcuRite Iris®,2026/04/06 15:05,24.4,71.0,18.8,24.7,27.5,24.4,1050.12,0.0,3.0,3.0,180.0,,,,,,,,,
Engenho,AcuRite Iris®,2026/04/06 15:10,24.3,71.0,18.7,24.6,27.4,24.3,1050.12,0.0,6.0,3.0,180.0,,,,,,,,,
Engenho,AcuRite Iris®,2026/04/06 15:15,24.2,72.0,18.8,24.6,27.4,24.2,1050.12,0.0,5.0,3.0,180.0,,,,,,,,,
Engenho,AcuRite Iris®,2026/04/06 15:20,24.4,72.0,19.0,24.8,27.6,24.4,1050.12,0.0,2.0,3.0,180.0,,,,,,,,,
Engenho,AcuRite Iris®,2026/04/06 15:25,24.8,72.0,19.4,25.2,28.2,24.8,1049.78,0.0,2.0,2.0,180.0,,,,,,,,,
Engenho,AcuRite Iris®,2026/04/06 15:30,24.1,72.0,18.7,24.4,26.5,24.1,1049.78,0.0,6.0,5.0,180.0,,,,,,,,,
Engenho,AcuRite Iris®,2026/04/06 15:35,24.3,72.0,18.9,24.7,27.4,24.3,1049.78,0.0,3.0,3.0,180.0,,,,,,,,,
Engenho,AcuRite Iris®,2026/04/06 15:40,24.4,72.0,19.0,24.8,27.6,24.4,1049.78,0.0,2.0,3.0,180.0,,,,,,,,,
Engenho,AcuRite Iris®,2026/04/06 15:45,24.5,72.0,19.1,24.9,27.8,24.5,1049.78,0.0,5.0,2.0,180.0,,,,,,,,,
Engenho,AcuRite Iris®,2026/04/06 15:50,24.3,72.0,18.9,24.7,27.4,24.3,1049.78,0.0,3.0,3.0,180.0,,,,,,,,,
Engenho,AcuRite Iris®,2026/04/06 15:55,24.6,72.0,19.2,25.0,27.9,24.6,1049.78,0.0,2.0,2.0,180.0,,,,,,,,,
Engenho,AcuRite Iris®,2026/04/06 16:00,24.1,72.0,18.7,24.4,27.2,24.1,1049.78,0.0,2.0,3.0,180.0,,,,,,,,,
Engenho,AcuRite Iris®,2026/04/06 16:05,24.5,72.0,19.1,24.9,27.8,24.5,1049.78,0.0,0.0,2.0,180.0,,,,,,,,,
Engenho,AcuRite Iris®,2026/04/06 16:10,24.2,72.0,18.8,24.6,27.4,24.2,1049.78,0.0,2.0,2.0,180.0,,,,,,,,,
Engenho,AcuRite Iris®,2026/04/06 16:15,24.0,72.0,18.6,24.3,27.1,24.0,1049.78,0.0,3.0,2.0,180.0,,,,,,,,,
Engenho,AcuRite Iris®,2026/04/06 16:20,23.7,72.0,18.4,24.1,26.7,23.7,1049.78,0.0,3.0,3.0,180.0,,,,,,,,,
Engenho,AcuRite Iris®,2026/04/06 16:25,24.0,72.0,18.6,24.3,27.1,24.0,1049.78,0.0,6.0,2.0,180.0,,,,,,,,,
Engenho,AcuRite Iris®,2026/04/06 16:30,24.1,72.0,18.7,24.4,27.2,24.1,1049.78,0.0,0.0,2.0,180.0,,,,,,,,,
Engenho,AcuRite Iris®,2026/04/06 16:35,23.9,72.0,18.5,24.2,26.9,23.9,1050.12,0.0,2.0,3.0,180.0,,,,,,,,,
Engenho,AcuRite Iris®,2026/04/06 16:40,23.8,73.0,18.7,24.1,26.8,23.8,1050.12,0.0,2.0,2.0,180.0,,,,,,,,,
Engenho,AcuRite Iris®,2026/04/06 16:45,23.9,73.0,18.7,24.2,27.0,23.9,1050.12,0.0,3.0,2.0,180.0,,,,,,,,,
Engenho,AcuRite Iris®,2026/04/06 16:50,23.9,73.0,18.7,24.2,27.0,23.9,1050.12,0.0,0.0,0.0,180.0,,,,,,,,,
Engenho,AcuRite Iris®,2026/04/06 16:55,23.7,73.0,18.6,24.1,26.8,23.7,1050.12,0.0,5.0,2.0,180.0,,,,,,,,,
Engenho,AcuRite Iris®,2026/04/06 17:00,23.8,73.0,18.7,24.1,26.8,23.8,1050.12,0.0,0.0,0.0,180.0,,,,,,,,,
Engenho,AcuRite Iris®,2026/04/06 17:05,23.7,73.0,18.6,24.1,26.8,23.7,1050.12,0.0,2.0,0.0,180.0,,,,,,,,,
Engenho,AcuRite Iris®,2026/04/06 17:10,23.4,73.0,18.3,23.7,26.3,23.4,1050.12,0.0,2.0,2.0,180.0,,,,,,,,,
Engenho,AcuRite Iris®,2026/04/06 17:15,23.4,74.0,18.5,23.7,26.4,23.4,1050.12,0.0,2.0,2.0,180.0,,,,,,,,,
Engenho,AcuRite Iris®,2026/04/06 17:20,23.5,74.0,18.6,23.8,26.6,23.5,1050.12,0.0,0.0,0.0,180.0,,,,,,,,,
Engenho,AcuRite Iris®,2026/04/06 17:25,23.3,74.0,18.4,23.6,26.2,23.3,1050.12,0.0,6.0,2.0,180.0,,,,,,,,,
Engenho,AcuRite Iris®,2026/04/06 17:30,23.2,75.0,18.6,23.6,26.2,23.2,1050.12,0.0,2.0,2.0,180.0,,,,,,,,,
Engenho,AcuRite Iris®,2026/04/06 17:35,23.3,75.0,18.6,23.6,26.3,23.3,1050.12,0.0,0.0,0.0,180.0,,,,,,,,,
Engenho,AcuRite Iris®,2026/04/06 17:40,23.7,74.0,18.8,24.1,26.9,23.7,1050.12,0.0,0.0,0.0,180.0,,,,,,,,,
Engenho,AcuRite Iris®,2026/04/06 17:45,23.5,74.0,18.6,23.8,26.6,23.5,1050.12,0.0,3.0,0.0,180.0,,,,,,,,,
Engenho,AcuRite Iris®,2026/04/06 17:50,22.9,75.0,18.2,23.2,25.8,22.9,1050.12,0.0,3.0,2.0,180.0,,,,,,,,,
Engenho,AcuRite Iris®,2026/04/06 17:55,23.1,75.0,18.4,23.4,26.1,23.1,1050.12,0.0,2.0,2.0,180.0,,,,,,,,,
Engenho,AcuRite Iris®,2026/04/06 18:00,23.0,75.0,18.3,23.3,25.9,23.0,1050.12,0.0,2.0,2.0,180.0,,,,,,,,,
Engenho,AcuRite Iris®,2026/04/06 18:05,23.0,75.0,18.3,23.3,25.9,23.0,1050.46,0.0,3.0,2.0,180.0,,,,,,,,,
Engenho,AcuRite Iris®,2026/04/06 18:10,23.3,75.0,18.6,23.6,26.3,23.3,1050.46,0.0,5.0,2.0,180.0,,,,,,,,,
Engenho,AcuRite Iris®,2026/04/06 18:15,23.2,75.0,18.6,23.6,26.2,23.2,1050.46,0.0,3.0,2.0,180.0,,,,,,,,,
Engenho,AcuRite Iris®,2026/04/06 18:20,23.4,75.0,18.7,23.7,26.5,23.4,1050.46,0.0,2.0,2.0,180.0,,,,,,,,,
Engenho,AcuRite Iris®,2026/04/06 18:25,23.4,75.0,18.7,23.7,26.5,23.4,1050.46,0.0,2.0,2.0,180.0,,,,,,,,,
Engenho,AcuRite Iris®,2026/04/06 18:30,23.6,74.0,18.7,23.9,26.7,23.6,1050.46,0.0,2.0,0.0,180.0,,,,,,,,,
Engenho,AcuRite Iris®,2026/04/06 18:35,23.3,74.0,18.4,23.6,26.2,23.3,1050.46,0.0,2.0,0.0,180.0,,,,,,,,,
Engenho,AcuRite Iris®,2026/04/06 18:40,23.6,75.0,18.9,24.0,26.8,23.6,1050.46,0.0,2.0,0.0,180.0,,,,,,,,,
Engenho,AcuRite Iris®,2026/04/06 18:45,23.6,75.0,18.9,24.0,26.8,23.6,1050.46,0.0,0.0,0.0,180.0,,,,,,,,,
Engenho,AcuRite Iris®,2026/04/06 18:50,23.2,75.0,18.6,23.6,26.2,23.2,1050.46,0.0,3.0,0.0,180.0,,,,,,,,,
Engenho,AcuRite Iris®,2026/04/06 18:55,23.2,75.0,18.6,23.6,26.2,23.2,1050.46,0.0,0.0,0.0,180.0,,,,,,,,,
Engenho,AcuRite Iris®,2026/04/06 19:00,23.0,76.0,18.6,23.3,26.0,23.0,1050.46,0.0,2.0,0.0,180.0,,,,,,,,,
Engenho,AcuRite Iris®,2026/04/06 19:10,22.8,77.0,18.6,23.1,25.8,22.8,1050.46,0.0,3.0,2.0,180.0,,,,,,,,,
Engenho,AcuRite Iris®,2026/04/06 19:15,22.9,77.0,18.6,23.2,25.9,22.9,1050.46,0.0,2.0,2.0,180.0,,,,,,,,,
Engenho,AcuRite Iris®,2026/04/06 19:20,23.2,77.0,18.9,23.6,26.4,23.2,1050.46,0.0,0.0,0.0,180.0,,,,,,,,,
Engenho,AcuRite Iris®,2026/04/06 19:25,23.1,77.0,18.8,23.5,26.3,23.1,1050.46,0.0,0.0,0.0,180.0,,,,,,,,,
Engenho,AcuRite Iris®,2026/04/06 19:30,23.1,76.0,18.7,23.4,26.2,23.1,1050.46,0.0,0.0,0.0,180.0,,,,,,,,,
Engenho,AcuRite Iris®,2026/04/06 19:35,23.3,76.0,18.8,23.7,26.4,23.3,1050.46,0.0,0.0,0.0,180.0,,,,,,,,,
Engenho,AcuRite Iris®,2026/04/06 19:40,23.5,75.0,18.8,23.9,26.7,23.5,1050.46,0.0,0.0,0.0,180.0,,,,,,,,,
Engenho,AcuRite Iris®,2026/04/06 19:45,23.3,75.0,18.6,23.6,26.3,23.3,1050.46,0.0,0.0,0.0,0.0,,,,,,,,,
Engenho,AcuRite Iris®,2026/04/06 19:50,23.3,75.0,18.6,23.6,26.3,23.3,1050.46,0.0,0.0,0.0,0.0,,,,,,,,,
Engenho,AcuRite Iris®,2026/04/06 19:55,23.2,76.0,18.7,23.6,26.3,23.2,1050.8,0.0,0.0,0.0,0.0,,,,,,,,,
Engenho,AcuRite Iris®,2026/04/06 20:00,23.0,77.0,18.7,23.4,26.1,23.0,1050.8,0.0,2.0,0.0,0.0,,,,,,,,,
Engenho,AcuRite Iris®,2026/04/06 20:05,23.0,77.0,18.7,23.4,26.1,23.0,1050.8,0.0,0.0,0.0,0.0,,,,,,,,,
Engenho,AcuRite Iris®,2026/04/06 20:10,22.9,77.0,18.6,23.2,25.9,22.9,1050.8,0.0,0.0,0.0,0.0,,,,,,,,,
Engenho,AcuRite Iris®,2026/04/06 20:15,20.1,78.0,18.8,23.3,26.1,22.9,1050.8,0.0,0.0,0.0,0.0,,,,,,,,,
Engenho,AcuRite Iris®,2026/04/06 20:20,20.2,78.0,18.9,23.4,26.2,23.0,1050.8,0.0,0.0,0.0,0.0,,,,,,,,,
Engenho,AcuRite Iris®,2026/04/06 20:25,20.3,77.0,18.8,23.5,26.3,23.1,1050.8,0.0,0.0,0.0,0.0,,,,,,,,,
Engenho,AcuRite Iris®,2026/04/06 20:30,20.4,77.0,18.9,23.6,26.4,23.2,1050.8,0.0,0.0,0.0,0.0,,,,,,,,,
Engenho,AcuRite Iris®,2026/04/06 20:35,20.3,77.0,18.8,23.5,26.3,23.1,1051.14,0.0,0.0,0.0,0.0,,,,,,,,,
Engenho,AcuRite Iris®,2026/04/06 20:40,20.1,78.0,18.8,23.3,26.1,22.9,1028.78,0.0,0.0,0.0,0.0,,,,,,,,,
Engenho,AcuRite Iris®,2026/04/06 20:45,20.1,78.0,18.8,23.3,26.1,22.9,1028.78,0.0,0.0,0.0,0.0,,,,,,,,,
Engenho,AcuRite Iris®,2026/04/06 20:50,20.2,79.0,19.2,23.4,26.3,23.0,1028.45,0.0,0.0,0.0,0.0,,,,,,,,,
Engenho,AcuRite Iris®,2026/04/06 20:55,20.0,79.0,18.9,23.2,26.0,22.8,1028.45,0.0,0.0,0.0,0.0,,,,,,,,,
Engenho,AcuRite Iris®,2026/04/06 21:00,19.8,79.0,18.8,23.0,25.7,22.6,1028.45,0.0,2.0,2.0,0.0,,,,,,,,,
Engenho,AcuRite Iris®,2026/04/06 21:05,20.1,79.0,19.1,23.3,26.2,22.9,1028.45,0.0,0.0,0.0,0.0,,,,,,,,,
Engenho,AcuRite Iris®,2026/04/06 21:10,20.1,79.0,19.1,23.3,26.2,22.9,1028.45,0.0,0.0,0.0,0.0,,,,,,,,,
Engenho,AcuRite Iris®,2026/04/06 21:15,20.0,79.0,18.9,23.2,26.0,22.8,1028.45,0.0,2.0,0.0,0.0,,,,,,,,,
Engenho,AcuRite Iris®,2026/04/06 21:20,20.2,79.0,19.2,23.4,26.3,23.0,1028.45,0.0,0.0,0.0,0.0,,,,,,,,,
Engenho,AcuRite Iris®,2026/04/06 21:25,20.4,79.0,19.4,23.7,26.6,23.2,1028.45,0.0,0.0,0.0,0.0,,,,,,,,,
Engenho,AcuRite Iris®,2026/04/06 21:30,20.5,78.0,19.2,23.7,26.6,23.3,1028.45,0.0,0.0,0.0,0.0,,,,,,,,,
Engenho,AcuRite Iris®,2026/04/06 21:35,20.4,79.0,19.4,23.7,26.6,23.2,1028.45,0.0,0.0,0.0,0.0,,,,,,,,,
Engenho,AcuRite Iris®,2026/04/06 21:40,20.4,79.0,19.4,23.7,26.6,23.2,1028.45,0.0,0.0,0.0,0.0,,,,,,,,,
Engenho,AcuRite Iris®,2026/04/06 21:45,20.2,80.0,19.3,23.4,26.4,23.0,1028.45,0.0,2.0,0.0,0.0,,,,,,,,,
Engenho,AcuRite Iris®,2026/04/06 21:50,20.3,80.0,19.4,23.6,26.6,23.1,1028.45,0.0,0.0,0.0,0.0,,,,,,,,,
Engenho,AcuRite Iris®,2026/04/06 21:55,20.4,80.0,19.6,23.7,26.7,23.2,1028.45,0.0,0.0,0.0,0.0,,,,,,,,,
Engenho,AcuRite Iris®,2026/04/06 22:00,20.6,79.0,19.6,23.8,26.9,23.4,1028.45,0.0,0.0,0.0,0.0,,,,,,,,,
Engenho,AcuRite Iris®,2026/04/06 22:05,20.6,78.0,19.3,23.8,26.8,23.4,1028.45,0.0,0.0,0.0,0.0,,,,,,,,,
Engenho,AcuRite Iris®,2026/04/06 22:10,20.3,79.0,19.3,23.6,26.4,23.1,1028.45,0.0,0.0,0.0,0.0,,,,,,,,,
Engenho,AcuRite Iris®,2026/04/06 22:15,20.7,78.0,19.4,23.9,26.9,23.5,1028.45,0.0,0.0,0.0,0.0,,,,,,,,,
Engenho,AcuRite Iris®,2026/04/06 22:20,20.6,78.0,19.3,23.8,26.8,23.4,1028.45,0.0,0.0,0.0,0.0,,,,,,,,,
Engenho,AcuRite Iris®,2026/04/06 22:25,20.4,78.0,19.2,23.6,26.6,23.2,1028.78,0.0,0.0,0.0,0.0,,,,,,,,,
Engenho,AcuRite Iris®,2026/04/06 22:30,20.3,79.0,19.3,23.6,26.4,23.1,1028.78,0.0,0.0,0.0,0.0,,,,,,,,,
Engenho,AcuRite Iris®,2026/04/06 22:35,20.5,79.0,19.4,23.7,26.7,23.3,1028.45,0.0,0.0,0.0,0.0,,,,,,,,,
Engenho,AcuRite Iris®,2026/04/06 22:40,20.5,78.0,19.2,23.7,26.6,23.3,1028.78,0.0,0.0,0.0,0.0,,,,,,,,,
Engenho,AcuRite Iris®,2026/04/06 22:45,20.7,77.0,19.2,23.9,26.8,23.5,1028.45,0.0,0.0,0.0,0.0,,,,,,,,,
Engenho,AcuRite Iris®,2026/04/06 22:50,20.7,77.0,19.2,23.9,26.8,23.5,1028.45,0.0,0.0,0.0,0.0,,,,,,,,,
Engenho,AcuRite Iris®,2026/04/06 22:55,20.8,77.0,19.3,24.1,27.0,23.6,1028.45,0.0,0.0,0.0,0.0,,,,,,,,,
Engenho,AcuRite Iris®,2026/04/06 23:00,20.8,77.0,19.3,24.1,27.0,23.6,1028.45,0.0,0.0,0.0,0.0,,,,,,,,,
Engenho,AcuRite Iris®,2026/04/06 23:05,20.7,77.0,19.2,23.9,26.8,23.5,1028.45,0.0,0.0,0.0,0.0,,,,,,,,,
Engenho,AcuRite Iris®,2026/04/06 23:10,20.3,78.0,19.1,23.5,26.4,23.1,1028.45,0.0,0.0,0.0,0.0,,,,,,,,,
Engenho,AcuRite Iris®,2026/04/06 23:15,20.6,78.0,19.3,23.8,26.8,23.4,1028.45,0.0,0.0,0.0,0.0,,,,,,,,,
Engenho,AcuRite Iris®,2026/04/06 23:20,20.8,77.0,19.3,24.1,27.0,23.6,1028.45,0.0,0.0,0.0,0.0,,,,,,,,,
Engenho,AcuRite Iris®,2026/04/06 23:25,20.7,77.0,19.2,23.9,26.8,23.5,1028.45,0.0,0.0,0.0,0.0,,,,,,,,,
Engenho,AcuRite Iris®,2026/04/06 23:30,20.8,77.0,19.3,24.1,27.0,23.6,1028.45,0.0,0.0,0.0,0.0,,,,,,,,,
Engenho,AcuRite Iris®,2026/04/06 23:35,20.8,77.0,19.3,24.1,27.0,23.6,1028.45,0.0,0.0,0.0,0.0,,,,,,,,,
Engenho,AcuRite Iris®,2026/04/06 23:40,20.2,78.0,18.9,23.4,26.2,23.0,1028.45,0.0,0.0,0.0,0.0,,,,,,,,,
Engenho,AcuRite Iris®,2026/04/06 23:45,20.4,79.0,19.4,23.7,26.6,23.2,1028.45,0.0,0.0,0.0,0.0,,,,,,,,,
Engenho,AcuRite Iris®,2026/04/06 23:50,20.5,78.0,19.2,23.7,26.6,23.3,1028.45,0.0,0.0,0.0,0.0,,,,,,,,,
Engenho,AcuRite Iris®,2026/04/06 23:55,20.5,78.0,19.2,23.7,26.6,23.3,1028.45,0.0,0.0,0.0,0.0,,,,,,,,,
Engenho,AcuRite Iris®,2026/05/06 00:00,20.4,78.0,19.2,23.6,26.6,23.2,1028.45,0.0,0.0,0.0,0.0,,,,,,,,,
Engenho,AcuRite Iris®,2026/05/06 00:05,20.5,78.0,19.2,23.7,26.6,23.3,1028.45,0.0,0.0,0.0,0.0,,,,,,,,,
Engenho,AcuRite Iris®,2026/05/06 00:10,20.7,77.0,19.2,23.9,26.8,23.5,1028.11,0.0,0.0,0.0,0.0,,,,,,,,,
Engenho,AcuRite Iris®,2026/05/06 00:15,20.7,77.0,19.2,23.9,26.8,23.5,1028.45,0.0,0.0,0.0,0.0,,,,,,,,,
Engenho,AcuRite Iris®,2026/05/06 00:20,20.1,80.0,19.2,23.3,26.2,22.9,1028.11,0.0,2.0,0.0,0.0,,,,,,,,,
Engenho,AcuRite Iris®,2026/05/06 00:25,19.4,82.0,19.0,22.7,25.4,22.2,1028.11,0.0,2.0,0.0,0.0,,,,,,,,,
Engenho,AcuRite Iris®,2026/05/06 00:30,19.3,83.0,19.1,22.6,25.4,22.1,1028.11,0.0,0.0,2.0,0.0,,,,,,,,,
Engenho,AcuRite Iris®,2026/05/06 00:35,19.0,83.0,18.8,22.2,24.9,21.8,1028.11,0.0,2.0,0.0,0.0,,,,,,,,,
Engenho,AcuRite Iris®,2026/05/06 00:40,19.6,82.0,19.2,22.8,25.7,22.4,1028.11,0.0,0.0,0.0,0.0,,,,,,,,,
Engenho,AcuRite Iris®,2026/05/06 00:45,19.0,83.0,18.8,22.2,24.9,21.8,1028.11,0.0,2.0,0.0,0.0,,,,,,,,,
Engenho,AcuRite Iris®,2026/05/06 00:50,19.5,82.0,19.1,22.7,25.6,22.3,1028.11,0.0,0.0,0.0,0.0,,,,,,,,,
Engenho,AcuRite Iris®,2026/05/06 00:55,19.6,80.0,18.8,22.8,25.5,22.4,1028.11,0.0,0.0,0.0,0.0,,,,,,,,,
Engenho,AcuRite Iris®,2026/05/06 01:00,19.6,81.0,18.9,22.8,25.6,22.4,1028.11,0.0,0.0,0.0,0.0,,,,,,,,,
Engenho,AcuRite Iris®,2026/05/06 01:05,19.7,81.0,19.1,22.9,25.8,22.5,1028.11,0.0,0.0,0.0,0.0,,,,,,,,,
Engenho,AcuRite Iris®,2026/05/06 01:10,19.6,81.0,18.9,22.8,25.6,22.4,1027.77,0.0,0.0,0.0,0.0,,,,,,,,,
Engenho,AcuRite Iris®,2026/05/06 01:15,19.6,81.0,18.9,22.8,25.6,22.4,1027.77,0.0,0.0,0.0,0.0,,,,,,,,,
Engenho,AcuRite Iris®,2026/05/06 01:20,19.6,81.0,18.9,22.8,25.6,22.4,1027.77,0.0,0.0,0.0,0.0,,,,,,,,,
Engenho,AcuRite Iris®,2026/05/06 01:25,19.7,80.0,18.9,22.9,25.7,22.5,1027.77,0.0,0.0,0.0,0.0,,,,,,,,,
Engenho,AcuRite Iris®,2026/05/06 01:30,19.4,81.0,18.8,22.6,25.4,22.2,1027.77,0.0,0.0,0.0,0.0,,,,,,,,,
Engenho,AcuRite Iris®,2026/05/06 01:35,19.3,81.0,18.7,22.5,25.2,22.1,1027.77,0.0,0.0,0.0,0.0,,,,,,,,,
Engenho,AcuRite Iris®,2026/05/06 01:40,19.3,81.0,18.7,22.5,25.2,22.1,1027.77,0.0,0.0,0.0,0.0,,,,,,,,,
Engenho,AcuRite Iris®,2026/05/06 01:45,19.1,81.0,18.5,22.2,24.9,21.9,1027.43,0.0,0.0,0.0,0.0,,,,,,,,,
Engenho,AcuRite Iris®,2026/05/06 01:50,19.1,81.0,18.5,22.2,24.9,21.9,1027.77,0.0,0.0,0.0,0.0,,,,,,,,,
Engenho,AcuRite Iris®,2026/05/06 01:55,19.3,81.0,18.7,22.5,25.2,22.1,1027.43,0.0,3.0,0.0,0.0,,,,,,,,,
Engenho,AcuRite Iris®,2026/05/06 02:00,19.3,81.0,18.7,22.5,25.2,22.1,1027.43,0.0,0.0,0.0,0.0,,,,,,,,,
Engenho,AcuRite Iris®,2026/05/06 02:05,19.3,81.0,18.7,22.5,25.2,22.1,1027.43,0.0,0.0,0.0,0.0,,,,,,,,,
Engenho,AcuRite Iris®,2026/05/06 02:10,19.3,81.0,18.7,22.5,25.2,22.1,1027.43,0.0,0.0,0.0,0.0,,,,,,,,,
Engenho,AcuRite Iris®,2026/05/06 02:15,19.3,81.0,18.7,22.5,25.2,22.1,1027.43,0.0,0.0,0.0,0.0,,,,,,,,,
Engenho,AcuRite Iris®,2026/05/06 02:20,19.2,80.0,18.4,22.3,24.9,22.0,1027.43,0.0,0.0,0.0,0.0,,,,,,,,,
Engenho,AcuRite Iris®,2026/05/06 02:25,19.4,80.0,18.6,22.6,25.3,22.2,1027.09,0.0,0.0,0.0,0.0,,,,,,,,,
Engenho,AcuRite Iris®,2026/05/06 02:30,19.4,80.0,18.6,22.6,25.3,22.2,1027.09,0.0,0.0,0.0,0.0,,,,,,,,,
Engenho,AcuRite Iris®,2026/05/06 02:35,19.4,80.0,18.6,22.6,25.3,22.2,1027.09,0.0,0.0,0.0,0.0,,,,,,,,,
Engenho,AcuRite Iris®,2026/05/06 02:40,19.2,80.0,18.4,22.3,24.9,22.0,1027.09,0.0,0.0,0.0,0.0,,,,,,,,,
Engenho,AcuRite Iris®,2026/05/06 02:45,19.3,80.0,18.5,22.4,25.1,22.1,1026.75,0.0,0.0,0.0,0.0,,,,,,,,,
Engenho,AcuRite Iris®,2026/05/06 02:50,19.4,80.0,18.6,22.6,25.3,22.2,1026.75,0.0,0.0,0.0,0.0,,,,,,,,,
Engenho,AcuRite Iris®,2026/05/06 02:55,19.5,79.0,18.4,22.6,25.3,22.3,1026.75,0.0,0.0,0.0,0.0,,,,,,,,,
Engenho,AcuRite Iris®,2026/05/06 03:00,19.1,80.0,18.3,22.2,24.8,21.9,1026.75,0.0,0.0,0.0,0.0,,,,,,,,,
Engenho,AcuRite Iris®,2026/05/06 03:05,19.3,80.0,18.5,22.4,25.1,22.1,1026.75,0.0,0.0,0.0,0.0,,,,,,,,,
Engenho,AcuRite Iris®,2026/05/06 03:10,19.2,79.0,18.2,22.3,24.9,22.0,1026.75,0.0,0.0,0.0,0.0,,,,,,,,,
Engenho,AcuRite Iris®,2026/05/06 03:15,19.5,79.0,18.4,22.6,25.3,22.3,1026.75,0.0,0.0,0.0,0.0,,,,,,,,,
Engenho,AcuRite Iris®,2026/05/06 03:20,19.1,79.0,18.1,22.2,24.7,21.9,1026.75,0.0,0.0,0.0,0.0,,,,,,,,,
Engenho,AcuRite Iris®,2026/05/06 03:25,19.2,79.0,18.2,22.3,24.9,22.0,1026.41,0.0,0.0,0.0,0.0,,,,,,,,,
Engenho,AcuRite Iris®,2026/05/06 03:30,19.0,79.0,17.9,22.1,24.6,21.8,1026.41,0.0,2.0,0.0,0.0,,,,,,,,,
Engenho,AcuRite Iris®,2026/05/06 03:35,19.1,79.0,18.1,22.2,24.7,21.9,1026.41,0.0,0.0,0.0,0.0,,,,,,,,,
Engenho,AcuRite Iris®,2026/05/06 03:40,19.1,79.0,18.1,22.2,24.7,21.9,1026.41,0.0,0.0,0.0,0.0,,,,,,,,,
Engenho,AcuRite Iris®,2026/05/06 03:45,19.2,78.0,18.0,22.3,24.8,22.0,1026.41,0.0,0.0,0.0,0.0,,,,,,,,,
Engenho,AcuRite Iris®,2026/05/06 03:50,19.0,78.0,17.8,22.1,24.5,21.8,1026.41,0.0,0.0,0.0,0.0,,,,,,,,,
Engenho,AcuRite Iris®,2026/05/06 03:55,19.0,79.0,17.9,22.1,24.6,21.8,1026.41,0.0,0.0,0.0,0.0,,,,,,,,,
Engenho,AcuRite Iris®,2026/05/06 04:00,18.9,79.0,17.9,22.0,24.5,21.7,1026.41,0.0,0.0,0.0,0.0,,,,,,,,,
Engenho,AcuRite Iris®,2026/05/06 04:05,18.9,79.0,17.9,22.0,24.5,21.7,1026.41,0.0,0.0,0.0,0.0,,,,,,,,,
Engenho,AcuRite Iris®,2026/05/06 04:10,19.5,78.0,18.3,22.6,25.2,22.3,1026.41,0.0,0.0,0.0,0.0,,,,,,,,,
Engenho,AcuRite Iris®,2026/05/06 04:15,19.8,77.0,18.4,22.9,25.6,22.6,1026.08,0.0,0.0,0.0,0.0,,,,,,,,,
Engenho,AcuRite Iris®,2026/05/06 04:20,19.7,77.0,18.3,22.8,25.4,22.5,1026.08,0.0,0.0,0.0,0.0,,,,,,,,,
Engenho,AcuRite Iris®,2026/05/06 04:25,19.3,78.0,18.1,22.4,24.9,22.1,1026.08,0.0,0.0,0.0,0.0,,,,,,,,,
Engenho,AcuRite Iris®,2026/05/06 04:30,19.6,77.0,18.2,22.7,25.2,22.4,1026.08,0.0,0.0,0.0,0.0,,,,,,,,,
Engenho,AcuRite Iris®,2026/05/06 04:35,19.5,77.0,18.1,22.6,25.1,22.3,1026.08,0.0,0.0,0.0,0.0,,,,,,,,,
Engenho,AcuRite Iris®,2026/05/06 04:40,19.5,77.0,18.1,22.6,25.1,22.3,1026.08,0.0,0.0,0.0,0.0,,,,,,,,,
Engenho,AcuRite Iris®,2026/05/06 04:45,19.6,77.0,18.2,22.7,25.2,22.4,1026.08,0.0,0.0,0.0,0.0,,,,,,,,,
Engenho,AcuRite Iris®,2026/05/06 04:50,19.4,76.0,17.8,22.5,24.9,22.2,1026.08,0.0,0.0,0.0,0.0,,,,,,,,,
Engenho,AcuRite Iris®,2026/05/06 04:55,19.5,76.0,17.8,22.6,25.0,22.3,1026.08,0.0,0.0,0.0,0.0,,,,,,,,,
Engenho,AcuRite Iris®,2026/05/06 05:00,19.2,77.0,17.8,22.3,24.7,22.0,1026.08,0.0,0.0,0.0,0.0,,,,,,,,,
Engenho,AcuRite Iris®,2026/05/06 05:05,19.1,77.0,17.7,22.2,24.6,21.9,1026.08,0.0,0.0,0.0,0.0,,,,,,,,,
Engenho,AcuRite Iris®,2026/05/06 05:10,18.7,78.0,17.5,21.7,24.1,21.5,1026.41,0.0,0.0,0.0,0.0,,,,,,,,,
Engenho,AcuRite Iris®,2026/05/06 05:15,18.9,78.0,17.7,22.0,24.4,21.7,1026.41,0.0,0.0,0.0,0.0,,,,,,,,,
Engenho,AcuRite Iris®,2026/05/06 05:20,18.6,78.0,17.4,21.6,23.9,21.4,1026.08,0.0,0.0,0.0,0.0,,,,,,,,,
Engenho,AcuRite Iris®,2026/05/06 05:25,18.8,78.0,17.6,21.9,24.2,21.6,1026.41,0.0,0.0,0.0,0.0,,,,,,,,,
Engenho,AcuRite Iris®,2026/05/06 05:30,18.9,78.0,17.7,22.0,24.4,21.7,1026.41,0.0,0.0,0.0,0.0,,,,,,,,,
Engenho,AcuRite Iris®,2026/05/06 05:35,18.5,79.0,17.5,21.5,23.8,21.3,1026.41,0.0,0.0,0.0,0.0,,,,,,,,,
Engenho,AcuRite Iris®,2026/05/06 05:40,18.6,79.0,17.6,21.7,24.0,21.4,1026.41,0.0,0.0,0.0,0.0,,,,,,,,,
Engenho,AcuRite Iris®,2026/05/06 05:45,18.7,78.0,17.5,21.7,24.1,21.5,1026.41,0.0,0.0,0.0,0.0,,,,,,,,,
Engenho,AcuRite Iris®,2026/05/06 05:50,18.7,78.0,17.5,21.7,24.1,21.5,1026.41,0.0,0.0,0.0,0.0,,,,,,,,,
Engenho,AcuRite Iris®,2026/05/06 05:55,18.5,78.0,17.3,21.5,23.8,21.3,1026.41,0.0,0.0,0.0,0.0,,,,,,,,,
Engenho,AcuRite Iris®,2026/05/06 06:00,18.3,79.0,17.3,21.3,23.6,21.1,1026.75,0.0,0.0,0.0,0.0,,,,,,,,,
Engenho,AcuRite Iris®,2026/05/06 06:05,18.3,79.0,17.3,21.3,23.6,21.1,1026.75,0.0,0.0,0.0,0.0,,,,,,,,,
Engenho,AcuRite Iris®,2026/05/06 06:10,18.3,78.0,17.1,21.3,23.6,21.1,1026.41,0.0,0.0,0.0,0.0,,,,,,,,,
Engenho,AcuRite Iris®,2026/05/06 06:15,18.1,79.0,17.1,21.1,23.3,20.9,1026.75,0.0,0.0,0.0,0.0,,,,,,,,,
Engenho,AcuRite Iris®,2026/05/06 06:20,17.9,80.0,17.2,20.9,23.2,20.7,1026.75,0.0,0.0,0.0,0.0,,,,,,,,,
Engenho,AcuRite Iris®,2026/05/06 06:25,18.0,80.0,17.2,21.0,23.2,20.8,1026.75,0.0,0.0,0.0,0.0,,,,,,,,,
Engenho,AcuRite Iris®,2026/05/06 06:30,18.0,80.0,17.2,21.0,23.2,20.8,1026.75,0.0,0.0,0.0,0.0,,,,,,,,,
Engenho,AcuRite Iris®,2026/05/06 06:35,18.0,79.0,17.0,21.0,23.2,20.8,1026.75,0.0,0.0,0.0,0.0,,,,,,,,,
Engenho,AcuRite Iris®,2026/05/06 06:40,18.0,79.0,17.0,21.0,23.2,20.8,1026.75,0.0,0.0,0.0,0.0,,,,,,,,,
Engenho,AcuRite Iris®,2026/05/06 06:45,17.9,79.0,16.9,20.9,23.1,20.7,1026.75,0.0,0.0,0.0,0.0,,,,,,,,,
Engenho,AcuRite Iris®,2026/05/06 06:50,17.6,80.0,16.8,20.6,22.7,20.4,1026.75,0.0,0.0,0.0,0.0,,,,,,,,,
Engenho,AcuRite Iris®,2026/05/06 06:55,17.8,80.0,17.1,20.8,23.0,20.6,1026.75,0.0,0.0,0.0,0.0,,,,,,,,,
Engenho,AcuRite Iris®,2026/05/06 07:00,17.9,80.0,17.2,20.9,23.2,20.7,1026.75,0.0,0.0,0.0,0.0,,,,,,,,,
Engenho,AcuRite Iris®,2026/05/06 07:05,18.0,79.0,17.0,21.0,23.2,20.8,1026.75,0.0,0.0,0.0,0.0,,,,,,,,,
Engenho,AcuRite Iris®,2026/05/06 07:10,17.5,80.0,16.7,20.4,22.6,20.3,1026.75,0.0,0.0,0.0,0.0,,,,,,,,,
Engenho,AcuRite Iris®,2026/05/06 07:15,17.1,82.0,16.7,20.1,22.2,19.9,1026.75,0.0,0.0,0.0,0.0,,,,,,,,,
Engenho,AcuRite Iris®,2026/05/06 07:20,16.7,84.0,16.7,19.7,21.8,19.5,1026.75,0.0,0.0,0.0,0.0,,,,,,,,,
Engenho,AcuRite Iris®,2026/05/06 07:25,17.1,83.0,16.9,20.1,22.2,19.9,1026.75,0.0,0.0,0.0,0.0,,,,,,,,,
Engenho,AcuRite Iris®,2026/05/06 07:30,17.7,82.0,17.3,20.7,23.0,20.5,1026.75,0.0,0.0,0.0,0.0,,,,,,,,,
Engenho,AcuRite Iris®,2026/05/06 07:35,17.9,81.0,17.3,20.9,23.2,20.7,1026.75,0.0,0.0,0.0,0.0,,,,,,,,,
Engenho,AcuRite Iris®,2026/05/06 07:40,19.0,79.0,17.9,22.1,24.6,21.8,1026.75,0.0,0.0,0.0,0.0,,,,,,,,,
Engenho,AcuRite Iris®,2026/05/06 07:45,19.7,76.0,18.1,22.8,25.3,22.5,1026.75,0.0,0.0,0.0,0.0,,,,,,,,,
Engenho,AcuRite Iris®,2026/05/06 07:50,20.2,75.0,18.3,23.3,25.9,23.0,1026.75,0.0,0.0,0.0,0.0,,,,,,,,,
Engenho,AcuRite Iris®,2026/05/06 07:55,20.5,73.0,18.2,23.6,26.2,23.3,1026.75,0.0,0.0,0.0,0.0,,,,,,,,,
Engenho,AcuRite Iris®,2026/05/06 08:00,21.2,71.0,18.4,24.3,26.9,24.0,1027.09,0.0,0.0,0.0,0.0,,,,,,,,,
Engenho,AcuRite Iris®,2026/05/06 08:05,21.3,71.0,18.5,24.4,27.1,24.1,1026.75,0.0,0.0,0.0,0.0,,,,,,,,,
Engenho,AcuRite Iris®,2026/05/06 08:10,21.4,70.0,18.4,24.6,27.2,24.2,1026.75,0.0,0.0,0.0,0.0,,,,,,,,,
Engenho,AcuRite Iris®,2026/05/06 08:15,21.9,71.0,19.1,25.1,28.0,24.7,1027.09,0.0,0.0,0.0,0.0,,,,,,,,,
Engenho,AcuRite Iris®,2026/05/06 08:20,22.5,69.0,19.2,25.7,28.6,25.3,1027.09,0.0,0.0,0.0,0.0,,,,,,,,,
Engenho,AcuRite Iris®,2026/05/06 08:25,22.8,68.0,19.3,26.0,28.9,25.6,1027.09,0.0,0.0,0.0,0.0,,,,,,,,,
Engenho,AcuRite Iris®,2026/05/06 08:30,23.3,67.0,19.5,27.3,29.6,26.1,1027.09,0.0,2.0,0.0,0.0,,,,,,,,,
Engenho,AcuRite Iris®,2026/05/06 08:35,24.2,65.0,19.8,28.4,30.6,27.0,1027.09,0.0,0.0,0.0,0.0,,,,,,,,,
Engenho,AcuRite Iris®,2026/05/06 08:40,23.7,66.0,19.6,27.8,30.0,26.5,1027.09,0.0,0.0,0.0,0.0,,,,,,,,,
Engenho,AcuRite Iris®,2026/05/06 08:45,24.7,65.0,20.3,29.2,31.3,27.5,1027.09,0.0,0.0,0.0,0.0,,,,,,,,,
Engenho,AcuRite Iris®,2026/05/06 08:50,25.1,64.0,20.4,29.7,31.8,27.9,1027.09,0.0,2.0,0.0,0.0,,,,,,,,,
Engenho,AcuRite Iris®,2026/05/06 08:55,24.6,65.0,20.2,29.1,31.2,27.4,1027.09,0.0,5.0,0.0,0.0,,,,,,,,,
Engenho,AcuRite Iris®,2026/05/06 09:00,25.3,65.0,20.9,30.2,32.2,28.1,1027.09,0.0,0.0,0.0,0.0,,,,,,,,,
Engenho,AcuRite Iris®,2026/05/06 09:05,25.1,65.0,20.7,29.8,31.9,27.9,1027.43,0.0,0.0,0.0,0.0,,,,,,,,,
Engenho,AcuRite Iris®,2026/05/06 09:10,24.9,66.0,20.8,29.7,31.8,27.7,1027.43,0.0,3.0,0.0,0.0,,,,,,,,,
Engenho,AcuRite Iris®,2026/05/06 09:15,24.8,67.0,20.9,29.6,31.8,27.6,1027.43,0.0,2.0,2.0,0.0,,,,,,,,,
Engenho,AcuRite Iris®,2026/05/06 09:20,25.3,66.0,21.2,30.3,32.4,28.1,1027.43,0.0,2.0,0.0,0.0,,,,,,,,,
Engenho,AcuRite Iris®,2026/05/06 09:25,25.5,65.0,21.1,30.5,32.5,28.3,1027.43,0.0,3.0,2.0,0.0,,,,,,,,,
Engenho,AcuRite Iris®,2026/05/06 09:30,26.7,63.0,21.7,32.4,34.1,29.5,1027.43,0.0,2.0,2.0,0.0,,,,,,,,,
Engenho,AcuRite Iris®,2026/05/06 09:35,27.1,63.0,22.1,33.2,34.6,29.9,1027.43,0.0,0.0,0.0,0.0,,,,,,,,,
Engenho,AcuRite Iris®,2026/05/06 09:40,26.9,62.0,21.7,32.7,34.2,29.7,1027.43,0.0,3.0,2.0,0.0,,,,,,,,,
Engenho,AcuRite Iris®,2026/05/06 09:45,26.8,63.0,21.8,32.7,34.2,29.6,1027.43,0.0,3.0,2.0,0.0,,,,,,,,,
Engenho,AcuRite Iris®,2026/05/06 09:50,26.2,64.0,21.5,31.7,33.4,29.0,1027.43,0.0,3.0,2.0,0.0,,,,,,,,,
Engenho,AcuRite Iris®,2026/05/06 09:55,26.4,62.0,21.2,31.7,33.5,29.2,1027.43,0.0,5.0,3.0,0.0,,,,,,,,,
Engenho,AcuRite Iris®,2026/05/06 10:00,26.5,63.0,21.5,32.0,33.7,29.3,1027.43,0.0,2.0,2.0,0.0,,,,,,,,,
Engenho,AcuRite Iris®,2026/05/06 10:05,25.7,64.0,21.0,30.8,32.7,28.5,1027.43,0.0,6.0,2.0,0.0,,,,,,,,,
Engenho,AcuRite Iris®,2026/05/06 10:10,26.5,63.0,21.5,32.0,33.7,29.3,1027.43,0.0,5.0,2.0,0.0,,,,,,,,,
Engenho,AcuRite Iris®,2026/05/06 10:15,26.1,63.0,21.1,31.3,32.4,28.9,1027.43,0.0,3.0,5.0,0.0,,,,,,,,,
Engenho,AcuRite Iris®,2026/05/06 10:20,27.0,62.0,21.7,32.8,34.3,29.8,1027.43,0.0,5.0,2.0,0.0,,,,,,,,,
Engenho,AcuRite Iris®,2026/05/06 10:25,25.9,63.0,20.9,31.0,32.2,28.7,1027.43,0.0,5.0,5.0,0.0,,,,,,,,,
Engenho,AcuRite Iris®,2026/05/06 10:30,27.0,62.0,21.7,32.8,34.3,29.8,1027.09,0.0,5.0,2.0,0.0,,,,,,,,,
Engenho,AcuRite Iris®,2026/05/06 10:35,26.5,62.0,21.2,31.8,33.6,29.3,1027.09,0.0,3.0,3.0,0.0,,,,,,,,,
Engenho,AcuRite Iris®,2026/05/06 10:40,25.2,64.0,20.6,29.9,31.3,28.0,1027.09,0.0,6.0,5.0,0.0,,,,,,,,,
Engenho,AcuRite Iris®,2026/05/06 10:45,25.6,64.0,20.9,30.6,31.8,28.4,1027.09,0.0,5.0,5.0,0.0,,,,,,,,,
Engenho,AcuRite Iris®,2026/05/06 10:50,26.1,63.0,21.1,31.3,32.4,28.9,1027.09,0.0,6.0,5.0,0.0,,,,,,,,,
Engenho,AcuRite Iris®,2026/05/06 10:55,26.0,62.0,20.8,30.9,32.2,28.8,1027.09,0.0,6.0,5.0,0.0,,,,,,,,,
Engenho,AcuRite Iris®,2026/05/06 11:00,26.6,61.0,21.1,31.9,33.6,29.4,1026.75,0.0,2.0,3.0,0.0,,,,,,,,,
Engenho,AcuRite Iris®,2026/05/06 11:05,26.0,62.0,20.8,30.9,32.2,28.8,1026.75,0.0,0.0,5.0,0.0,,,,,,,,,
Engenho,AcuRite Iris®,2026/05/06 11:10,26.3,62.0,21.1,31.6,33.3,29.1,1026.75,0.0,5.0,3.0,0.0,,,,,,,,,
Engenho,AcuRite Iris®,2026/05/06 11:15,26.9,61.0,21.4,32.5,34.1,29.7,1026.75,0.0,5.0,3.0,0.0,,,,,,,,,
Engenho,AcuRite Iris®,2026/05/06 11:20,25.3,63.0,20.4,29.9,31.3,28.1,1026.75,0.0,3.0,6.0,0.0,,,,,,,,,
Engenho,AcuRite Iris®,2026/05/06 11:25,24.7,65.0,20.3,29.2,30.7,27.5,1026.41,0.0,6.0,5.0,0.0,,,,,,,,,
Engenho,AcuRite Iris®,2026/05/06 11:30,24.1,66.0,20.0,28.4,29.9,26.9,1026.41,0.0,2.0,5.0,0.0,,,,,,,,,
Engenho,AcuRite Iris®,2026/05/06 11:35,24.1,66.0,20.0,28.4,30.6,26.9,1026.41,0.0,5.0,3.0,0.0,,,,,,,,,
Engenho,AcuRite Iris®,2026/05/06 11:40,24.1,66.0,20.0,28.4,30.6,26.9,1026.41,0.0,3.0,3.0,0.0,,,,,,,,,
Engenho,AcuRite Iris®,2026/05/06 11:45,23.8,66.0,19.7,27.9,30.2,26.6,1026.41,0.0,5.0,3.0,0.0,,,,,,,,,
Engenho,AcuRite Iris®,2026/05/06 11:50,23.8,66.0,19.7,27.9,29.5,26.6,1026.08,0.0,8.0,5.0,0.0,,,,,,,,,
Engenho,AcuRite Iris®,2026/05/06 11:55,23.5,67.0,19.7,27.6,29.1,26.3,1026.08,0.0,2.0,5.0,0.0,,,,,,,,,
Engenho,AcuRite Iris®,2026/05/06 12:00,23.8,67.0,19.9,28.1,30.3,26.6,1026.08,0.0,3.0,3.0,0.0,,,,,,,,,
Engenho,AcuRite Iris®,2026/05/06 12:05,24.6,66.0,20.4,29.1,31.3,27.4,1026.08,0.0,3.0,2.0,0.0,,,,,,,,,
Engenho,AcuRite Iris®,2026/05/06 12:10,25.0,65.0,20.6,29.7,31.8,27.8,1026.08,0.0,0.0,2.0,0.0,,,,,,,,,
Engenho,AcuRite Iris®,2026/05/06 12:15,24.7,65.0,20.3,29.2,31.3,27.5,1026.08,0.0,8.0,2.0,0.0,,,,,,,,,
Engenho,AcuRite Iris®,2026/05/06 12:20,24.2,67.0,20.3,28.6,30.8,27.0,1025.74,0.0,5.0,3.0,0.0,,,,,,,,,
Engenho,AcuRite Iris®,2026/05/06 12:25,24.5,67.0,20.6,29.1,31.3,27.3,1025.74,0.0,2.0,3.0,0.0,,,,,,,,,
Engenho,AcuRite Iris®,2026/05/06 12:30,24.3,67.0,20.4,28.8,31.0,27.1,1025.74,0.0,2.0,3.0,0.0,,,,,,,,,
Engenho,AcuRite Iris®,2026/05/06 12:35,24.3,65.0,19.9,28.6,30.8,27.1,1025.74,0.0,6.0,3.0,0.0,,,,,,,,,
Engenho,AcuRite Iris®,2026/05/06 12:40,23.7,67.0,19.9,27.9,30.1,26.5,1025.74,0.0,5.0,3.0,0.0,,,,,,,,,
Engenho,AcuRite Iris®,2026/05/06 12:45,23.9,67.0,20.1,28.2,30.4,26.7,1025.74,0.0,3.0,2.0,0.0,,,,,,,,,
Engenho,AcuRite Iris®,2026/05/06 12:50,23.6,67.0,19.8,27.7,29.9,26.4,1025.4,0.0,8.0,3.0,0.0,,,,,,,,,
Engenho,AcuRite Iris®,2026/05/06 12:55,23.1,68.0,19.5,27.1,28.7,25.9,1025.4,0.0,5.0,5.0,0.0,,,,,,,,,
Engenho,AcuRite Iris®,2026/05/06 13:00,23.5,69.0,20.1,27.7,30.1,26.3,1025.4,0.0,5.0,3.0,0.0,,,,,,,,,
Engenho,AcuRite Iris®,2026/05/06 13:05,23.4,68.0,19.8,27.5,29.8,26.2,1025.4,0.0,2.0,2.0,0.0,,,,,,,,,
Engenho,AcuRite Iris®,2026/05/06 13:10,23.0,68.0,19.4,26.9,29.2,25.8,1025.4,0.0,3.0,3.0,0.0,,,,,,,,,
Engenho,AcuRite Iris®,2026/05/06 13:15,23.2,68.0,19.6,27.2,29.5,26.0,1025.4,0.0,6.0,3.0,0.0,,,,,,,,,
Engenho,AcuRite Iris®,2026/05/06 13:20,23.5,68.0,19.9,27.6,29.9,26.3,1025.06,0.0,2.0,2.0,0.0,,,,,,,,,
Engenho,AcuRite Iris®,2026/05/06 13:25,23.9,67.0,20.1,28.2,30.4,26.7,1025.06,0.0,2.0,0.0,0.0,,,,,,,,,
Engenho,AcuRite Iris®,2026/05/06 13:30,23.6,67.0,19.8,27.7,29.9,26.4,1025.06,0.0,2.0,3.0,0.0,,,,,,,,,
Engenho,AcuRite Iris®,2026/05/06 13:35,24.0,66.0,19.9,28.2,30.4,26.8,1025.06,0.0,3.0,2.0,0.0,,,,,,,,,
Engenho,AcuRite Iris®,2026/05/06 13:40,24.5,66.0,20.3,28.9,31.2,27.3,1025.06,0.0,0.0,2.0,0.0,,,,,,,,,
Engenho,AcuRite Iris®,2026/05/06 13:45,24.5,66.0,20.3,28.9,31.2,27.3,1025.06,0.0,2.0,2.0,0.0,,,,,,,,,
Engenho,AcuRite Iris®,2026/05/06 13:50,24.1,67.0,20.2,28.4,30.7,26.9,1024.72,0.0,3.0,2.0,0.0,,,,,,,,,
Engenho,AcuRite Iris®,2026/05/06 13:55,24.0,67.0,20.1,28.3,30.6,26.8,1024.72,0.0,2.0,2.0,0.0,,,,,,,,,
Engenho,AcuRite Iris®,2026/05/06 14:00,23.7,68.0,20.1,27.9,30.2,26.5,1025.06,0.0,2.0,3.0,0.0,,,,,,,,,
Engenho,AcuRite Iris®,2026/05/06 14:05,23.7,68.0,20.1,27.9,30.2,26.5,1024.72,0.0,3.0,2.0,0.0,,,,,,,,,
Engenho,AcuRite Iris®,2026/05/06 14:10,23.3,68.0,19.7,27.4,29.0,26.1,1024.72,0.0,2.0,5.0,0.0,,,,,,,,,
Engenho,AcuRite Iris®,2026/05/06 14:15,23.4,67.0,19.6,27.5,29.7,26.2,1024.72,0.0,6.0,3.0,0.0,,,,,,,,,
Engenho,AcuRite Iris®,2026/05/06 14:20,23.3,68.0,19.7,27.4,29.7,26.1,1024.72,0.0,3.0,3.0,0.0,,,,,,,,,
Engenho,AcuRite Iris®,2026/05/06 14:25,23.5,68.0,19.9,27.6,29.9,26.3,1024.72,0.0,5.0,3.0,0.0,,,,,,,,,
Engenho,AcuRite Iris®,2026/05/06 14:30,23.2,68.0,19.6,27.2,29.5,26.0,1024.38,0.0,6.0,3.0,0.0,,,,,,,,,
Engenho,AcuRite Iris®,2026/05/06 14:35,23.2,68.0,19.6,27.2,28.8,26.0,1024.38,0.0,11.0,5.0,0.0,,,,,,,,,
Engenho,AcuRite Iris®,2026/05/06 14:40,23.2,68.0,19.6,27.2,29.5,26.0,1024.38,0.0,6.0,3.0,0.0,,,,,,,,,
Engenho,AcuRite Iris®,2026/05/06 14:45,22.8,69.0,19.5,26.1,28.4,25.6,1024.38,0.0,8.0,6.0,0.0,,,,,,,,,
Engenho,AcuRite Iris®,2026/05/06 14:50,23.0,69.0,19.7,26.9,29.3,25.8,1024.04,0.0,6.0,3.0,0.0,,,,,,,,,
Engenho,AcuRite Iris®,2026/05/06 14:55,22.5,70.0,19.4,25.7,28.0,25.3,1024.04,0.0,3.0,6.0,0.0,,,,,,,,,
Engenho,AcuRite Iris®,2026/05/06 15:00,22.9,70.0,19.8,26.9,29.3,25.7,1024.04,0.0,3.0,3.0,0.0,,,,,,,,,
Engenho,AcuRite Iris®,2026/05/06 15:05,22.9,70.0,19.8,26.9,29.3,25.7,1023.71,0.0,6.0,3.0,0.0,,,,,,,,,
Engenho,AcuRite Iris®,2026/05/06 15:10,22.4,70.0,19.3,25.6,27.9,25.2,1024.04,0.0,5.0,5.0,0.0,,,,,,,,,
Engenho,AcuRite Iris®,2026/05/06 15:15,23.1,70.0,20.0,27.1,29.6,25.9,1023.71,0.0,0.0,2.0,0.0,,,,,,,,,
Engenho,AcuRite Iris®,2026/05/06 15:20,22.8,70.0,19.7,26.1,29.2,25.6,1023.71,0.0,2.0,2.0,0.0,,,,,,,,,
Engenho,AcuRite Iris®,2026/05/06 15:25,23.0,70.0,19.9,27.0,29.4,25.8,1023.71,0.0,5.0,2.0,0.0,,,,,,,,,
Engenho,AcuRite Iris®,2026/05/06 15:30,23.5,69.0,20.1,27.7,30.1,26.3,1023.71,0.0,0.0,0.0,0.0,,,,,,,,,
Engenho,AcuRite Iris®,2026/05/06 15:35,23.3,70.0,20.2,27.4,29.9,26.1,1023.71,0.0,0.0,2.0,0.0,,,,,,,,,
Engenho,AcuRite Iris®,2026/05/06 15:40,23.0,70.0,19.9,27.0,29.4,25.8,1023.71,0.0,0.0,2.0,0.0,,,,,,,,,
Engenho,AcuRite Iris®,2026/05/06 15:45,22.5,70.0,19.4,25.7,28.7,25.3,1023.71,0.0,3.0,3.0,0.0,,,,,,,,,
Engenho,AcuRite Iris®,2026/05/06 15:50,22.3,71.0,19.4,25.6,27.8,25.1,1023.71,0.0,3.0,5.0,0.0,,,,,,,,,
Engenho,AcuRite Iris®,2026/05/06 15:55,22.0,71.0,19.2,25.2,27.4,24.8,1023.71,0.0,5.0,5.0,0.0,,,,,,,,,
Engenho,AcuRite Iris®,2026/05/06 16:00,21.9,71.0,19.1,25.1,27.3,24.7,1023.71,0.0,5.0,5.0,0.0,,,,,,,,,
Engenho,AcuRite Iris®,2026/05/06 16:05,22.0,71.0,19.2,25.2,27.4,24.8,1023.37,0.0,6.0,5.0,0.0,,,,,,,,,
Engenho,AcuRite Iris®,2026/05/06 16:10,22.4,71.0,19.6,25.7,28.7,25.2,1023.37,0.0,2.0,2.0,0.0,,,,,,,,,
Engenho,AcuRite Iris®,2026/05/06 16:15,22.3,72.0,19.7,25.6,28.7,25.1,1023.71,0.0,0.0,2.0,0.0,,,,,,,,,
Engenho,AcuRite Iris®,2026/05/06 16:20,22.9,70.0,19.8,26.9,29.3,25.7,1023.71,0.0,0.0,0.0,0.0,,,,,,,,,
Engenho,AcuRite Iris®,2026/05/06 16:25,23.0,71.0,20.1,27.0,29.5,25.8,1023.71,0.0,0.0,0.0,0.0,,,,,,,,,
Engenho,AcuRite Iris®,2026/05/06 16:30,22.9,70.0,19.8,26.9,29.3,25.7,1023.71,0.0,2.0,0.0,0.0,,,,,,,,,
Engenho,AcuRite Iris®,2026/05/06 16:35,22.0,71.0,19.2,25.2,28.1,24.8,1023.71,0.0,2.0,3.0,0.0,,,,,,,,,
Engenho,AcuRite Iris®,2026/05/06 16:40,22.5,71.0,19.6,25.7,28.8,25.3,1024.04,0.0,0.0,0.0,0.0,,,,,,,,,
Engenho,AcuRite Iris®,2026/05/06 16:45,22.5,71.0,19.6,25.7,28.8,25.3,1023.71,0.0,5.0,2.0,0.0,,,,,,,,,
Engenho,AcuRite Iris®,2026/05/06 16:50,22.1,71.0,19.3,25.3,28.2,24.9,1023.71,0.0,0.0,2.0,0.0,,,,,,,,,
Engenho,AcuRite Iris®,2026/05/06 16:55,21.9,70.0,18.9,25.1,27.9,24.7,1023.71,0.0,5.0,2.0,0.0,,,,,,,,,
Engenho,AcuRite Iris®,2026/05/06 17:00,21.5,71.0,18.7,24.6,27.4,24.3,1023.71,0.0,5.0,3.0,0.0,,,,,,,,,
Engenho,AcuRite Iris®,2026/05/06 17:05,21.6,71.0,18.8,24.7,27.5,24.4,1023.71,0.0,5.0,2.0,0.0,,,,,,,,,
Engenho,AcuRite Iris®,2026/05/06 17:10,21.3,71.0,18.5,24.4,27.1,24.1,1023.71,0.0,2.0,3.0,0.0,,,,,,,,,
Engenho,AcuRite Iris®,2026/05/06 17:15,21.5,71.0,18.7,24.6,27.4,24.3,1023.37,0.0,3.0,2.0,0.0,,,,,,,,,
Engenho,AcuRite Iris®,2026/05/06 17:20,21.3,71.0,18.5,24.4,27.1,24.1,1023.37,0.0,3.0,2.0,0.0,,,,,,,,,
Engenho,AcuRite Iris®,2026/05/06 17:25,21.5,71.0,18.7,24.6,27.4,24.3,1023.37,0.0,2.0,2.0,0.0,,,,,,,,,
Engenho,AcuRite Iris®,2026/05/06 17:30,21.5,71.0,18.7,24.6,27.4,24.3,1023.37,0.0,0.0,2.0,0.0,,,,,,,,,
Engenho,AcuRite Iris®,2026/05/06 17:35,21.1,71.0,18.3,24.2,26.8,23.9,1023.37,0.0,3.0,3.0,0.0,,,,,,,,,
Engenho,AcuRite Iris®,2026/05/06 17:40,21.1,71.0,18.3,24.2,26.8,23.9,1023.37,0.0,3.0,3.0,0.0,,,,,,,,,
Engenho,AcuRite Iris®,2026/05/06 17:45,21.0,72.0,18.4,24.1,26.8,23.8,1023.37,0.0,5.0,2.0,0.0,,,,,,,,,
Engenho,AcuRite Iris®,2026/05/06 17:50,20.7,72.0,18.2,23.8,26.3,23.5,1023.37,0.0,2.0,3.0,0.0,,,,,,,,,
Engenho,AcuRite Iris®,2026/05/06 17:55,21.0,72.0,18.4,24.1,26.8,23.8,1023.37,0.0,3.0,3.0,0.0,,,,,,,,,
Engenho,AcuRite Iris®,2026/05/06 18:00,20.8,73.0,18.5,23.9,26.6,23.6,1023.03,0.0,5.0,2.0,0.0,,,,,,,,,
Engenho,AcuRite Iris®,2026/05/06 18:05,20.6,73.0,18.3,23.7,26.3,23.4,1023.03,0.0,6.0,3.0,0.0,,,,,,,,,
Engenho,AcuRite Iris®,2026/05/06 18:10,20.5,73.0,18.2,23.6,26.2,23.3,1022.69,0.0,2.0,3.0,0.0,,,,,,,,,
Engenho,AcuRite Iris®,2026/05/06 18:15,21.0,72.0,18.4,24.1,26.8,23.8,1023.03,0.0,2.0,2.0,0.0,,,,,,,,,
Engenho,AcuRite Iris®,2026/05/06 18:20,21.0,72.0,18.4,24.1,26.8,23.8,1023.03,0.0,3.0,0.0,0.0,,,,,,,,,
Engenho,AcuRite Iris®,2026/05/06 18:25,20.9,73.0,18.6,24.1,26.8,23.7,1023.03,0.0,0.0,0.0,0.0,,,,,,,,,
Engenho,AcuRite Iris®,2026/05/06 18:30,20.8,73.0,18.5,23.9,26.6,23.6,1023.03,0.0,0.0,0.0,0.0,,,,,,,,,
Engenho,AcuRite Iris®,2026/05/06 18:35,20.6,73.0,18.3,23.7,26.3,23.4,1023.03,0.0,0.0,0.0,0.0,,,,,,,,,
Engenho,AcuRite Iris®,2026/05/06 18:40,20.7,73.0,18.4,23.8,26.4,23.5,1023.03,0.0,2.0,0.0,0.0,,,,,,,,,
Engenho,AcuRite Iris®,2026/05/06 18:45,20.5,73.0,18.2,23.6,26.2,23.3,1023.03,0.0,0.0,0.0,0.0,,,,,,,,,
Engenho,AcuRite Iris®,2026/05/06 18:50,20.5,73.0,18.2,23.6,26.2,23.3,1023.03,0.0,0.0,0.0,0.0,,,,,,,,,
Engenho,AcuRite Iris®,2026/05/06 18:55,20.6,73.0,18.3,23.7,26.3,23.4,1023.37,0.0,6.0,2.0,0.0,,,,,,,,,
Engenho,AcuRite Iris®,2026/05/06 19:00,20.8,73.0,18.5,23.9,26.6,23.6,1023.37,0.0,3.0,0.0,0.0,,,,,,,,,
Engenho,AcuRite Iris®,2026/05/06 19:05,20.6,72.0,18.1,23.7,26.2,23.4,1023.37,0.0,0.0,0.0,0.0,,,,,,,,,
Engenho,AcuRite Iris®,2026/05/06 19:10,20.8,72.0,18.3,23.9,26.5,23.6,1023.37,0.0,5.0,0.0,0.0,,,,,,,,,
Engenho,AcuRite Iris®,2026/05/06 19:15,20.2,72.0,17.7,23.2,25.7,23.0,1023.37,0.0,2.0,3.0,0.0,,,,,,,,,
Engenho,AcuRite Iris®,2026/05/06 19:20,20.5,72.0,17.9,23.6,26.1,23.3,1023.37,0.0,3.0,2.0,0.0,,,,,,,,,
Engenho,AcuRite Iris®,2026/05/06 19:25,20.5,72.0,17.9,23.6,26.1,23.3,1023.37,0.0,2.0,2.0,0.0,,,,,,,,,
Engenho,AcuRite Iris®,2026/05/06 19:30,20.6,72.0,18.1,23.7,26.2,23.4,1023.37,0.0,2.0,0.0,0.0,,,,,,,,,
Engenho,AcuRite Iris®,2026/05/06 19:35,20.9,72.0,18.4,24.1,26.7,23.7,1023.37,0.0,0.0,0.0,0.0,,,,,,,,,
Engenho,AcuRite Iris®,2026/05/06 19:40,20.8,72.0,18.3,23.9,26.5,23.6,1023.71,0.0,0.0,0.0,0.0,,,,,,,,,
Engenho,AcuRite Iris®,2026/05/06 19:45,20.8,72.0,18.3,23.9,26.5,23.6,1023.71,0.0,2.0,0.0,0.0,,,,,,,,,
Engenho,AcuRite Iris®,2026/05/06 19:50,20.6,72.0,18.1,23.7,26.2,23.4,1023.37,0.0,2.0,0.0,0.0,,,,,,,,,
Engenho,AcuRite Iris®,2026/05/06 19:55,20.5,73.0,18.2,23.6,26.2,23.3,1023.37,0.0,5.0,2.0,0.0,,,,,,,,,
Engenho,AcuRite Iris®,2026/05/06 20:00,20.3,73.0,18.0,23.4,25.9,23.1,1023.37,0.0,2.0,2.0,0.0,,,,,,,,,
Engenho,AcuRite Iris®,2026/05/06 20:05,20.6,73.0,18.3,23.7,26.3,23.4,1023.71,0.0,0.0,0.0,0.0,,,,,,,,,
Engenho,AcuRite Iris®,2026/05/06 20:10,20.6,73.0,18.3,23.7,26.3,23.4,1023.37,0.0,3.0,0.0,0.0,,,,,,,,,
Engenho,AcuRite Iris®,2026/05/06 20:15,20.5,73.0,18.2,23.6,26.2,23.3,1023.37,0.0,0.0,2.0,0.0,,,,,,,,,
Engenho,AcuRite Iris®,2026/05/06 20:20,20.4,73.0,18.1,23.5,26.1,23.2,1023.37,0.0,3.0,2.0,0.0,,,,,,,,,
Engenho,AcuRite Iris®,2026/05/06 20:25,20.5,73.0,18.2,23.6,26.2,23.3,1023.37,0.0,3.0,0.0,0.0,,,,,,,,,
Engenho,AcuRite Iris®,2026/05/06 20:30,20.2,73.0,17.9,23.3,25.7,23.0,1023.37,0.0,2.0,2.0,0.0,,,,,,,,,
Engenho,AcuRite Iris®,2026/05/06 20:35,20.3,73.0,18.0,23.4,25.9,23.1,1023.37,0.0,3.0,2.0,0.0,,,,,,,,,
Engenho,AcuRite Iris®,2026/05/06 20:40,20.3,73.0,18.0,23.4,25.9,23.1,1023.37,0.0,2.0,2.0,0.0,,,,,,,,,
Engenho,AcuRite Iris®,2026/05/06 20:45,20.1,73.0,17.8,23.2,25.6,22.9,1023.37,0.0,2.0,2.0,0.0,,,,,,,,,
Engenho,AcuRite Iris®,2026/05/06 20:50,20.2,73.0,17.9,23.3,25.7,23.0,1023.37,0.0,2.0,2.0,0.0,,,,,,,,,
Engenho,AcuRite Iris®,2026/05/06 20:55,20.6,73.0,18.3,23.7,26.3,23.4,1023.37,0.0,0.0,0.0,0.0,,,,,,,,,
Engenho,AcuRite Iris®,2026/05/06 21:00,20.4,73.0,18.1,23.5,26.1,23.2,1023.37,0.0,2.0,2.0,0.0,,,,,,,,,
Engenho,AcuRite Iris®,2026/05/06 21:05,20.3,73.0,18.0,23.4,25.9,23.1,1023.37,0.0,0.0,0.0,0.0,,,,,,,,,
Engenho,AcuRite Iris®,2026/05/06 21:10,20.4,73.0,18.1,23.5,26.1,23.2,1023.37,0.0,0.0,0.0,0.0,,,,,,,,,
Engenho,AcuRite Iris®,2026/05/06 21:15,20.2,73.0,17.9,23.3,25.7,23.0,1023.37,0.0,2.0,2.0,0.0,,,,,,,,,
Engenho,AcuRite Iris®,2026/05/06 21:20,20.0,74.0,17.9,23.1,25.5,22.8,1023.37,0.0,3.0,2.0,0.0,,,,,,,,,
Engenho,AcuRite Iris®,2026/05/06 21:25,20.3,74.0,18.2,23.4,26.0,23.1,1023.37,0.0,3.0,0.0,0.0,,,,,,,,,
Engenho,AcuRite Iris®,2026/05/06 21:30,20.1,74.0,18.0,23.2,25.7,22.9,1023.03,0.0,0.0,2.0,0.0,,,,,,,,,
Engenho,AcuRite Iris®,2026/05/06 21:35,20.1,74.0,18.0,23.2,25.7,22.9,1023.03,0.0,2.0,0.0,0.0,,,,,,,,,
Engenho,AcuRite Iris®,2026/05/06 21:40,19.8,74.0,17.7,22.8,25.3,22.6,1023.03,0.0,3.0,0.0,0.0,,,,,,,,,
Engenho,AcuRite Iris®,2026/05/06 21:45,19.8,74.0,17.7,22.8,25.3,22.6,1023.03,0.0,0.0,0.0,0.0,,,,,,,,,
Engenho,AcuRite Iris®,2026/05/06 21:50,20.1,73.0,17.8,23.2,25.6,22.9,1023.03,0.0,0.0,0.0,0.0,,,,,,,,,
Engenho,AcuRite Iris®,2026/05/06 21:55,19.5,74.0,17.4,22.5,24.8,22.3,1023.03,0.0,5.0,2.0,0.0,,,,,,,,,
Engenho,AcuRite Iris®,2026/05/06 22:00,19.5,74.0,17.4,22.5,24.8,22.3,1023.03,0.0,3.0,2.0,0.0,,,,,,,,,
Engenho,AcuRite Iris®,2026/05/06 22:05,19.4,74.0,17.3,22.4,24.7,22.2,1023.03,0.0,3.0,2.0,0.0,,,,,,,,,
Engenho,AcuRite Iris®,2026/05/06 22:10,19.4,74.0,17.3,22.4,24.7,22.2,1023.03,0.0,3.0,0.0,0.0,,,,,,,,,
Engenho,AcuRite Iris®,2026/05/06 22:15,19.2,74.0,17.2,22.2,24.4,22.0,1023.03,0.0,2.0,2.0,0.0,,,,,,,,,
Engenho,AcuRite Iris®,2026/05/06 22:20,19.2,74.0,17.2,22.2,24.4,22.0,1023.03,0.0,3.0,2.0,0.0,,,,,,,,,
Engenho,AcuRite Iris®,2026/05/06 22:25,19.6,74.0,17.5,22.6,25.0,22.4,1023.03,0.0,0.0,0.0,0.0,,,,,,,,,
Engenho,AcuRite Iris®,2026/05/06 22:30,19.0,74.0,16.9,21.9,24.1,21.8,1023.03,0.0,3.0,2.0,0.0,,,,,,,,,
Engenho,AcuRite Iris®,2026/05/06 22:35,19.2,74.0,17.2,22.2,24.4,22.0,1023.03,0.0,2.0,0.0,0.0,,,,,,,,,
Engenho,AcuRite Iris®,2026/05/06 22:40,19.0,74.0,16.9,21.9,24.1,21.8,1023.03,0.0,0.0,0.0,0.0,,,,,,,,,
Engenho,AcuRite Iris®,2026/05/06 22:45,19.2,74.0,17.2,22.2,24.4,22.0,1023.03,0.0,0.0,0.0,0.0,,,,,,,,,
Engenho,AcuRite Iris®,2026/05/06 22:50,19.0,74.0,16.9,21.9,24.1,21.8,1023.03,0.0,0.0,0.0,0.0,,,,,,,,,
Engenho,AcuRite Iris®,2026/05/06 22:55,19.0,74.0,16.9,21.9,24.1,21.8,1023.03,0.0,0.0,0.0,0.0,,,,,,,,,
Engenho,AcuRite Iris®,2026/05/06 23:00,19.2,74.0,17.2,22.2,24.4,22.0,1022.69,0.0,0.0,0.0,0.0,,,,,,,,,
Engenho,AcuRite Iris®,2026/05/06 23:05,18.5,74.0,16.4,21.4,23.4,21.3,1022.69,0.0,3.0,2.0,0.0,,,,,,,,,
Engenho,AcuRite Iris®,2026/05/06 23:10,18.6,74.0,16.6,21.5,23.6,21.4,1022.69,0.0,2.0,0.0,0.0,,,,,,,,,
Engenho,AcuRite Iris®,2026/05/06 23:15,18.3,75.0,16.5,21.2,23.3,21.1,1022.35,0.0,2.0,2.0,0.0,,,,,,,,,
Engenho,AcuRite Iris®,2026/05/06 23:20,18.7,74.0,16.7,21.6,23.7,21.5,1022.35,0.0,2.0,0.0,0.0,,,,,,,,,
Engenho,AcuRite Iris®,2026/05/06 23:25,18.6,75.0,16.8,21.6,23.7,21.4,1022.35,0.0,0.0,0.0,0.0,,,,,,,,,
Engenho,AcuRite Iris®,2026/05/06 23:30,18.7,75.0,16.9,21.7,23.8,21.5,1022.35,0.0,0.0,0.0,0.0,,,,,,,,,
Engenho,AcuRite Iris®,2026/05/06 23:35,18.1,76.0,16.5,21.0,23.1,20.9,1022.01,0.0,2.0,0.0,0.0,,,,,,,,,
Engenho,AcuRite Iris®,2026/05/06 23:40,18.5,75.0,16.7,21.4,23.5,21.3,1022.01,0.0,0.0,0.0,0.0,,,,,,,,,
Engenho,AcuRite Iris®,2026/05/06 23:45,18.6,74.0,16.6,21.5,23.6,21.4,1022.01,0.0,0.0,0.0,0.0,,,,,,,,,
Engenho,AcuRite Iris®,2026/05/06 23:50,18.3,75.0,16.5,21.2,23.3,21.1,1022.01,0.0,0.0,0.0,0.0,,,,,,,,,
Engenho,AcuRite Iris®,2026/05/06 23:55,18.6,75.0,16.8,21.6,23.7,21.4,1022.01,0.0,2.0,0.0,0.0,,,,,,,,,
Engenho,AcuRite Iris®,2026/06/06 00:00,18.3,75.0,16.5,21.2,23.3,21.1,1022.01,0.0,0.0,0.0,0.0,,,,,,,,,
Engenho,AcuRite Iris®,2026/06/06 00:05,18.5,75.0,16.7,21.4,23.5,21.3,1022.01,0.0,0.0,0.0,0.0,,,,,,,,,
Engenho,AcuRite Iris®,2026/06/06 00:10,18.7,75.0,16.9,21.7,23.8,21.5,1022.01,0.0,0.0,0.0,0.0,,,,,,,,,
Engenho,AcuRite Iris®,2026/06/06 00:15,18.4,75.0,16.6,21.3,23.4,21.2,1021.67,0.0,0.0,0.0,0.0,,,,,,,,,
Engenho,AcuRite Iris®,2026/06/06 00:20,18.8,74.0,16.8,21.8,23.9,21.6,1021.67,0.0,0.0,0.0,0.0,,,,,,,,,
Engenho,AcuRite Iris®,2026/06/06 00:25,18.5,75.0,16.7,21.4,23.5,21.3,1021.67,0.0,0.0,0.0,0.0,,,,,,,,,
Engenho,AcuRite Iris®,2026/06/06 00:30,18.3,76.0,16.7,21.3,23.4,21.1,1021.67,0.0,0.0,0.0,0.0,,,,,,,,,
Engenho,AcuRite Iris®,2026/06/06 00:35,18.6,74.0,16.6,21.5,23.6,21.4,1021.67,0.0,0.0,0.0,0.0,,,,,,,,,
Engenho,AcuRite Iris®,2026/06/06 00:40,18.2,76.0,16.6,21.2,23.2,21.0,1021.67,0.0,0.0,0.0,0.0,,,,,,,,,
Engenho,AcuRite Iris®,2026/06/06 00:45,17.9,76.0,16.3,20.8,22.8,20.7,1021.33,0.0,0.0,0.0,0.0,,,,,,,,,
Engenho,AcuRite Iris®,2026/06/06 00:50,17.5,78.0,16.3,20.4,22.4,20.3,1021.33,0.0,0.0,0.0,0.0,,,,,,,,,
Engenho,AcuRite Iris®,2026/06/06 00:55,17.3,79.0,16.3,20.2,22.2,20.1,1021.33,0.0,0.0,0.0,0.0,,,,,,,,,
Engenho,AcuRite Iris®,2026/06/06 01:00,17.3,79.0,16.3,20.2,22.2,20.1,1021.33,0.0,0.0,0.0,0.0,,,,,,,,,
Engenho,AcuRite Iris®,2026/06/06 01:05,17.1,80.0,16.3,20.0,22.0,19.9,1021.33,0.0,0.0,0.0,0.0,,,,,,,,,
Engenho,AcuRite Iris®,2026/06/06 01:10,17.0,81.0,16.4,19.9,21.9,19.8,1021.33,0.0,0.0,0.0,0.0,,,,,,,,,
Engenho,AcuRite Iris®,2026/06/06 01:15,17.2,79.0,16.2,20.1,22.1,20.0,1021.0,0.0,0.0,0.0,0.0,,,,,,,,,
Engenho,AcuRite Iris®,2026/06/06 01:20,17.5,78.0,16.3,20.4,22.4,20.3,1021.0,0.0,0.0,0.0,0.0,,,,,,,,,
Engenho,AcuRite Iris®,2026/06/06 01:25,16.8,80.0,16.1,19.7,21.6,19.6,1021.0,0.0,2.0,0.0,0.0,,,,,,,,,
Engenho,AcuRite Iris®,2026/06/06 01:30,16.6,81.0,16.1,19.5,21.4,19.4,1021.0,0.0,0.0,0.0,0.0,,,,,,,,,
Engenho,AcuRite Iris®,2026/06/06 01:35,17.0,80.0,16.2,19.9,21.8,19.8,1021.0,0.0,0.0,0.0,0.0,,,,,,,,,
Engenho,AcuRite Iris®,2026/06/06 01:40,16.1,83.0,15.9,19.0,20.8,18.9,1021.0,0.0,0.0,0.0,0.0,,,,,,,,,
Engenho,AcuRite Iris®,2026/06/06 01:45,16.3,82.0,15.9,19.2,21.1,19.1,1021.0,0.0,0.0,0.0,0.0,,,,,,,,,
Engenho,AcuRite Iris®,2026/06/06 01:50,15.9,83.0,15.8,18.8,20.6,18.7,1021.0,0.0,3.0,0.0,0.0,,,,,,,,,
Engenho,AcuRite Iris®,2026/06/06 01:55,16.3,82.0,15.9,19.2,21.1,19.1,1021.0,0.0,0.0,0.0,0.0,,,,,,,,,
Engenho,AcuRite Iris®,2026/06/06 02:00,16.2,82.0,15.8,19.1,20.9,19.0,1021.0,0.0,2.0,0.0,0.0,,,,,,,,,
Engenho,AcuRite Iris®,2026/06/06 02:05,15.6,84.0,15.6,18.5,20.2,18.4,1021.0,0.0,0.0,0.0,0.0,,,,,,,,,
Engenho,AcuRite Iris®,2026/06/06 02:10,15.6,85.0,15.8,18.5,20.3,18.4,1020.66,0.0,3.0,0.0,0.0,,,,,,,,,
Engenho,AcuRite Iris®,2026/06/06 02:15,15.9,84.0,15.9,18.8,20.7,18.7,1020.66,0.0,0.0,0.0,0.0,,,,,,,,,
Engenho,AcuRite Iris®,2026/06/06 02:20,16.5,82.0,16.1,19.4,21.3,19.3,1020.66,0.0,0.0,0.0,0.0,,,,,,,,,
Engenho,AcuRite Iris®,2026/06/06 02:25,16.6,81.0,16.1,19.5,21.4,19.4,1020.66,0.0,0.0,0.0,0.0,,,,,,,,,
Engenho,AcuRite Iris®,2026/06/06 02:30,16.7,80.0,15.9,19.6,21.4,19.5,1020.66,0.0,0.0,0.0,0.0,,,,,,,,,
Engenho,AcuRite Iris®,2026/06/06 02:35,16.4,80.0,15.7,19.3,21.1,19.2,1020.66,0.0,0.0,0.0,0.0,,,,,,,,,
Engenho,AcuRite Iris®,2026/06/06 02:40,16.0,82.0,15.6,18.8,20.6,18.8,1020.32,0.0,0.0,0.0,0.0,,,,,,,,,
Engenho,AcuRite Iris®,2026/06/06 02:45,15.4,84.0,15.4,18.3,20.0,18.2,1020.32,0.0,3.0,0.0,0.0,,,,,,,,,
Engenho,AcuRite Iris®,2026/06/06 02:50,15.4,85.0,15.7,18.3,20.1,18.2,1020.32,0.0,0.0,0.0,0.0,,,,,,,,,
Engenho,AcuRite Iris®,2026/06/06 02:55,15.3,86.0,15.7,18.2,20.0,18.1,1020.32,0.0,0.0,0.0,0.0,,,,,,,,,
Engenho,AcuRite Iris®,2026/06/06 03:00,15.4,85.0,15.7,18.3,20.1,18.2,1019.98,0.0,0.0,0.0,0.0,,,,,,,,,
Engenho,AcuRite Iris®,2026/06/06 03:05,16.1,83.0,15.9,19.0,20.8,18.9,1019.98,0.0,0.0,0.0,0.0,,,,,,,,,
Engenho,AcuRite Iris®,2026/06/06 03:10,16.0,82.0,15.6,18.8,20.6,18.8,1019.98,0.0,0.0,0.0,0.0,,,,,,,,,
Engenho,AcuRite Iris®,2026/06/06 03:15,14.9,86.0,15.3,17.8,19.4,17.7,1019.98,0.0,3.0,2.0,0.0,,,,,,,,,
Engenho,AcuRite Iris®,2026/06/06 03:20,14.9,86.0,15.3,17.8,19.4,17.7,1020.32,0.0,3.0,2.0,0.0,,,,,,,,,
Engenho,AcuRite Iris®,2026/06/06 03:25,15.2,86.0,15.6,18.1,19.8,18.0,1019.98,0.0,0.0,0.0,0.0,,,,,,,,,
Engenho,AcuRite Iris®,2026/06/06 03:30,15.2,85.0,15.4,18.1,19.8,18.0,1019.98,0.0,3.0,0.0,0.0,,,,,,,,,
Engenho,AcuRite Iris®,2026/06/06 03:35,14.9,86.0,15.3,17.8,19.4,17.7,1019.98,0.0,2.0,2.0,0.0,,,,,,,,,
Engenho,AcuRite Iris®,2026/06/06 03:40,15.0,86.0,15.4,17.8,19.6,17.8,1019.98,0.0,0.0,2.0,0.0,,,,,,,,,
Engenho,AcuRite Iris®,2026/06/06 03:45,15.2,86.0,15.6,18.1,19.8,18.0,1019.98,0.0,0.0,0.0,0.0,,,,,,,,,
Engenho,AcuRite Iris®,2026/06/06 03:50,15.8,83.0,15.7,18.7,20.4,18.6,1019.98,0.0,0.0,0.0,0.0,,,,,,,,,
Engenho,AcuRite Iris®,2026/06/06 03:55,15.6,83.0,15.4,18.4,20.2,18.4,1019.98,0.0,0.0,0.0,0.0,,,,,,,,,
Engenho,AcuRite Iris®,2026/06/06 04:00,15.5,83.0,15.3,18.3,20.0,18.3,1019.64,0.0,0.0,0.0,0.0,,,,,,,,,
Engenho,AcuRite Iris®,2026/06/06 04:05,15.4,84.0,15.4,18.3,20.0,18.2,1019.64,0.0,0.0,0.0,0.0,,,,,,,,,
Engenho,AcuRite Iris®,2026/06/06 04:10,15.4,84.0,15.4,18.3,20.0,18.2,1019.64,0.0,0.0,0.0,0.0,,,,,,,,,
Engenho,AcuRite Iris®,2026/06/06 04:15,15.2,84.0,15.3,18.1,19.7,18.0,1019.3,0.0,0.0,0.0,0.0,,,,,,,,,
Engenho,AcuRite Iris®,2026/06/06 04:20,15.8,82.0,15.5,18.7,20.4,18.6,1019.3,0.0,0.0,0.0,0.0,,,,,,,,,
Engenho,AcuRite Iris®,2026/06/06 04:25,15.6,81.0,15.1,18.4,20.1,18.4,1019.3,0.0,0.0,0.0,0.0,,,,,,,,,
Engenho,AcuRite Iris®,2026/06/06 04:30,15.2,83.0,15.1,18.0,19.7,18.0,1019.3,0.0,0.0,0.0,0.0,,,,,,,,,
Engenho,AcuRite Iris®,2026/06/06 04:35,15.5,83.0,15.3,18.3,20.0,18.3,1019.3,0.0,0.0,0.0,0.0,,,,,,,,,
Engenho,AcuRite Iris®,2026/06/06 04:40,15.2,84.0,15.3,18.1,19.7,18.0,1019.3,0.0,0.0,0.0,0.0,,,,,,,,,
Engenho,AcuRite Iris®,2026/06/06 04:45,14.9,84.0,15.0,17.7,19.3,17.7,1019.3,0.0,0.0,0.0,0.0,,,,,,,,,
Engenho,AcuRite Iris®,2026/06/06 04:50,15.2,84.0,15.3,18.1,19.7,18.0,1019.3,0.0,0.0,0.0,0.0,,,,,,,,,
Engenho,AcuRite Iris®,2026/06/06 04:55,14.9,85.0,15.2,17.8,19.4,17.7,1019.3,0.0,0.0,0.0,0.0,,,,,,,,,
Engenho,AcuRite Iris®,2026/06/06 05:00,15.4,83.0,15.3,18.3,19.9,18.2,1019.3,0.0,0.0,0.0,0.0,,,,,,,,,
Engenho,AcuRite Iris®,2026/06/06 05:05,15.2,83.0,15.1,18.0,19.7,18.0,1019.3,0.0,0.0,0.0,0.0,,,,,,,,,
Engenho,AcuRite Iris®,2026/06/06 05:10,15.3,83.0,15.2,18.2,19.8,18.1,1019.3,0.0,0.0,0.0,0.0,,,,,,,,,
Engenho,AcuRite Iris®,2026/06/06 05:15,14.7,85.0,14.9,17.5,19.1,17.5,1019.3,0.0,0.0,0.0,0.0,,,,,,,,,
Engenho,AcuRite Iris®,2026/06/06 05:20,15.2,84.0,15.3,18.1,19.7,18.0,1019.3,0.0,0.0,0.0,0.0,,,,,,,,,
Engenho,AcuRite Iris®,2026/06/06 05:25,14.4,86.0,14.8,17.2,18.8,17.2,1019.3,0.0,0.0,0.0,0.0,,,,,,,,,
Engenho,AcuRite Iris®,2026/06/06 05:30,14.5,86.0,14.9,17.3,18.9,17.3,1019.3,0.0,0.0,0.0,0.0,,,,,,,,,
Engenho,AcuRite Iris®,2026/06/06 05:35,14.8,84.0,14.9,17.6,19.2,17.6,1019.3,0.0,2.0,0.0,0.0,,,,,,,,,
Engenho,AcuRite Iris®,2026/06/06 05:40,14.5,86.0,14.9,17.3,18.9,17.3,1019.3,0.0,0.0,0.0,0.0,,,,,,,,,
Engenho,AcuRite Iris®,2026/06/06 05:45,14.2,86.0,14.6,17.0,18.5,17.0,1019.3,0.0,2.0,0.0,0.0,,,,,,,,,
Engenho,AcuRite Iris®,2026/06/06 05:50,13.9,87.0,14.6,16.7,18.2,16.7,1019.3,0.0,2.0,0.0,0.0,,,,,,,,,
Engenho,AcuRite Iris®,2026/06/06 05:55,13.7,88.0,14.5,16.5,17.9,16.5,1019.3,0.0,0.0,0.0,0.0,,,,,,,,,
Engenho,AcuRite Iris®,2026/06/06 06:00,14.7,85.0,14.9,17.5,19.1,17.5,1019.3,0.0,0.0,0.0,0.0,,,,,,,,,
Engenho,AcuRite Iris®,2026/06/06 06:05,14.8,84.0,14.9,17.6,19.2,17.6,1019.3,0.0,0.0,0.0,0.0,,,,,,,,,
Engenho,AcuRite Iris®,2026/06/06 06:10,14.3,84.0,14.4,17.1,18.5,17.1,1019.3,0.0,0.0,0.0,0.0,,,,,,,,,
Engenho,AcuRite Iris®,2026/06/06 06:15,14.4,86.0,14.8,17.2,18.8,17.2,1019.3,0.0,0.0,0.0,0.0,,,,,,,,,
Engenho,AcuRite Iris®,2026/06/06 06:20,13.7,87.0,14.3,16.5,17.9,16.5,1019.3,0.0,3.0,0.0,0.0,,,,,,,,,
Engenho,AcuRite Iris®,2026/06/06 06:25,13.8,88.0,14.6,16.6,18.1,16.6,1019.3,0.0,2.0,2.0,0.0,,,,,,,,,
Engenho,AcuRite Iris®,2026/06/06 06:30,13.8,87.0,14.4,16.6,18.0,16.6,1019.3,0.0,2.0,0.0,0.0,,,,,,,,,
Engenho,AcuRite Iris®,2026/06/06 06:35,13.8,87.0,14.4,16.6,18.0,16.6,1019.3,0.0,0.0,2.0,0.0,,,,,,,,,
Engenho,AcuRite Iris®,2026/06/06 06:40,14.0,87.0,14.6,16.8,18.3,16.8,1019.3,0.0,0.0,0.0,0.0,,,,,,,,,
Engenho,AcuRite Iris®,2026/06/06 06:45,13.6,87.0,14.2,16.3,17.7,16.4,1019.3,0.0,3.0,2.0,0.0,,,,,,,,,
Engenho,AcuRite Iris®,2026/06/06 06:50,14.0,88.0,14.8,16.8,18.3,16.8,1019.3,0.0,0.0,0.0,0.0,,,,,,,,,
Engenho,AcuRite Iris®,2026/06/06 06:55,14.6,84.0,14.7,17.4,18.9,17.4,1019.64,0.0,0.0,0.0,0.0,,,,,,,,,
Engenho,AcuRite Iris®,2026/06/06 07:00,14.6,84.0,14.7,17.4,18.9,17.4,1019.64,0.0,0.0,0.0,0.0,,,,,,,,,
Engenho,AcuRite Iris®,2026/06/06 07:05,14.5,84.0,14.6,17.3,18.7,17.3,1019.64,0.0,0.0,0.0,0.0,,,,,,,,,
Engenho,AcuRite Iris®,2026/06/06 07:10,14.7,83.0,14.6,17.5,18.9,17.5,1019.64,0.0,0.0,0.0,0.0,,,,,,,,,
Engenho,AcuRite Iris®,2026/06/06 07:15,14.9,84.0,15.0,17.7,19.3,17.7,1019.64,0.0,0.0,0.0,0.0,,,,,,,,,
Engenho,AcuRite Iris®,2026/06/06 07:20,14.1,86.0,14.6,16.9,18.3,16.9,1019.64,0.0,3.0,0.0,0.0,,,,,,,,,
Engenho,AcuRite Iris®,2026/06/06 07:25,14.2,86.0,14.6,17.0,18.5,17.0,1019.64,0.0,0.0,0.0,0.0,,,,,,,,,
Engenho,AcuRite Iris®,2026/06/06 07:30,14.3,86.0,14.7,17.1,18.6,17.1,1019.64,0.0,2.0,0.0,0.0,,,,,,,,,
Engenho,AcuRite Iris®,2026/06/06 07:35,14.6,86.0,15.0,17.4,19.0,17.4,1019.64,0.0,2.0,0.0,0.0,,,,,,,,,
Engenho,AcuRite Iris®,2026/06/06 07:40,15.1,84.0,15.2,17.9,19.6,17.9,1019.64,0.0,0.0,0.0,0.0,,,,,,,,,
Engenho,AcuRite Iris®,2026/06/06 07:45,15.7,84.0,15.7,18.6,20.4,18.5,1019.64,1.0,2.0,0.0,45.0,,,,,,,,,
Engenho,AcuRite Iris®,2026/06/06 07:50,17.1,81.0,16.5,20.1,22.1,19.9,1019.64,1.0,0.0,0.0,0.0,,,,,,,,,
Engenho,AcuRite Iris®,2026/06/06 07:55,17.6,79.0,16.6,20.6,22.6,20.4,1019.64,1.0,0.0,0.0,0.0,,,,,,,,,
Engenho,AcuRite Iris®,2026/06/06 08:00,18.0,77.0,16.6,20.9,23.0,20.8,1019.64,1.0,0.0,0.0,0.0,,,,,,,,,
Engenho,AcuRite Iris®,2026/06/06 09:35,23.3,69.0,19.9,27.4,29.8,26.1,1000.68,0.0,0.0,0.0,158.0,,,,,,,,,
Engenho,AcuRite Iris®,2026/06/06 09:40,23.1,69.0,19.8,27.1,29.4,25.9,1000.68,0.0,0.0,0.0,158.0,,,,,,,,,
Engenho,AcuRite Iris®,2026/06/06 09:45,22.9,69.0,19.6,26.9,29.2,25.7,1000.68,0.0,0.0,0.0,158.0,,,,,,,,,
Engenho,AcuRite Iris®,2026/06/06 09:50,22.7,70.0,19.6,25.9,29.0,25.5,1000.34,0.0,0.0,0.0,158.0,,,,,,,,,
Engenho,AcuRite Iris®,2026/06/06 09:55,22.7,69.0,19.4,25.9,28.9,25.5,1000.34,0.0,2.0,0.0,158.0,,,,,,,,,
Engenho,AcuRite Iris®,2026/06/06 10:00,22.2,69.0,18.9,25.3,28.2,25.0,1000.34,0.0,2.0,2.0,158.0,,,,,,,,,
Engenho,AcuRite Iris®,2026/06/06 10:05,24.4,67.0,20.6,28.9,31.2,27.2,1000.34,0.0,0.0,0.0,158.0,,,,,,,,,
Engenho,AcuRite Iris®,2026/06/06 10:10,25.0,66.0,20.8,29.8,31.9,27.8,1000.34,0.0,0.0,0.0,158.0,,,,,,,,,
Engenho,AcuRite Iris®,2026/06/06 10:15,25.8,64.0,21.1,30.9,32.8,28.6,1000.0,0.0,2.0,0.0,158.0,,,,,,,,,
Engenho,AcuRite Iris®,2026/06/06 10:20,26.8,64.0,22.1,32.9,34.3,29.6,1000.0,0.0,0.0,0.0,158.0,,,,,,,,,
Engenho,AcuRite Iris®,2026/06/06 10:25,27.9,63.0,22.8,35.0,35.9,30.7,1000.0,0.0,0.0,0.0,158.0,,,,,,,,,
Engenho,AcuRite Iris®,2026/06/06 10:30,28.7,61.0,23.1,36.2,36.8,31.5,1000.0,0.0,0.0,0.0,158.0,,,,,,,,,
Engenho,AcuRite Iris®,2026/06/06 10:35,29.4,60.0,23.4,37.6,37.7,32.2,999.66,0.0,0.0,0.0,158.0,,,,,,,,,
Engenho,AcuRite Iris®,2026/06/06 10:40,28.3,61.0,22.7,35.3,36.2,31.1,999.66,0.0,2.0,0.0,158.0,,,,,,,,,
Engenho,AcuRite Iris®,2026/06/06 10:45,25.4,66.0,21.3,30.6,32.6,28.2,999.66,0.0,3.0,2.0,158.0,,,,,,,,,
Engenho,AcuRite Iris®,2026/06/06 10:50,25.8,67.0,21.9,31.4,33.2,28.6,999.66,0.0,0.0,0.0,158.0,,,,,,,,,
Engenho,AcuRite Iris®,2026/06/06 10:55,26.0,67.0,22.0,31.7,33.5,28.8,999.66,0.0,3.0,2.0,158.0,,,,,,,,,
Engenho,AcuRite Iris®,2026/06/06 11:00,27.3,64.0,22.6,33.9,35.1,30.1,999.66,0.0,3.0,2.0,158.0,,,,,,,,,
Engenho,AcuRite Iris®,2026/06/06 11:05,28.6,62.0,23.2,36.2,36.8,31.4,999.32,0.0,3.0,2.0,158.0,,,,,,,,,
Engenho,AcuRite Iris®,2026/06/06 11:10,24.5,67.0,20.6,29.1,31.3,27.3,999.32,0.0,3.0,3.0,158.0,,,,,,,,,
Engenho,AcuRite Iris®,2026/06/06 11:15,25.9,67.0,22.0,31.6,33.4,28.7,999.32,0.0,3.0,2.0,158.0,,,,,,,,,
Engenho,AcuRite Iris®,2026/06/06 11:20,25.2,67.0,21.3,30.3,32.3,28.0,999.32,0.0,0.0,2.0,158.0,,,,,,,,,
Engenho,AcuRite Iris®,2026/06/06 11:25,24.6,68.0,20.9,29.3,31.6,27.4,999.32,0.0,3.0,2.0,158.0,,,,,,,,,
Engenho,AcuRite Iris®,2026/06/06 11:30,25.4,67.0,21.5,30.7,32.7,28.2,998.98,0.0,3.0,3.0,158.0,,,,,,,,,
Engenho,AcuRite Iris®,2026/06/06 11:35,25.6,66.0,21.4,30.8,32.8,28.4,998.98,0.0,2.0,2.0,158.0,,,,,,,,,
Engenho,AcuRite Iris®,2026/06/06 11:40,25.9,66.0,21.7,31.4,33.3,28.7,998.98,0.0,0.0,2.0,158.0,,,,,,,,,
Engenho,AcuRite Iris®,2026/06/06 11:45,28.4,64.0,23.6,36.4,36.8,31.2,998.98,0.0,0.0,0.0,158.0,,,,,,,,,
Engenho,AcuRite Iris®,2026/06/06 11:50,25.2,67.0,21.3,30.3,32.3,28.0,998.98,0.0,3.0,3.0,158.0,,,,,,,,,
Engenho,AcuRite Iris®,2026/06/06 11:55,25.9,65.0,21.5,31.3,33.2,28.7,998.98,0.0,5.0,3.0,158.0,,,,,,,,,
Engenho,AcuRite Iris®,2026/06/06 12:00,27.1,63.0,22.1,33.2,34.6,29.9,998.98,0.0,2.0,2.0,158.0,,,,,,,,,
Engenho,AcuRite Iris®,2026/06/06 12:10,28.3,60.0,22.4,35.1,36.1,31.1,998.65,0.0,3.0,2.0,158.0,,,,,,,,,
Engenho,AcuRite Iris®,2026/06/06 12:15,30.5,60.0,24.4,40.2,39.3,33.3,998.65,0.0,0.0,0.0,158.0,,,,,,,,,
Engenho,AcuRite Iris®,2026/06/06 12:20,30.7,58.0,24.1,40.1,39.4,33.5,998.65,0.0,0.0,0.0,158.0,,,,,,,,,
Engenho,AcuRite Iris®,2026/06/06 12:25,31.1,57.0,24.2,40.7,39.8,33.9,998.31,0.0,2.0,0.0,158.0,,,,,,,,,
Engenho,AcuRite Iris®,2026/06/06 12:30,31.3,57.0,24.3,41.2,40.2,34.1,998.31,0.0,2.0,2.0,158.0,,,,,,,,,
Engenho,AcuRite Iris®,2026/06/06 12:35,28.2,60.0,22.3,34.8,35.9,31.0,998.31,0.0,3.0,3.0,158.0,,,,,,,,,
Engenho,AcuRite Iris®,2026/06/06 12:40,30.6,59.0,24.3,40.2,39.4,33.4,997.97,0.0,0.0,2.0,158.0,,,,,,,,,
Engenho,AcuRite Iris®,2026/06/06 12:45,32.7,57.0,25.7,45.1,42.3,35.5,997.97,0.0,0.0,0.0,158.0,,,,,,,,,
Engenho,AcuRite Iris®,2026/06/06 12:50,32.2,57.0,25.2,43.7,41.6,35.0,997.97,0.0,0.0,0.0,158.0,,,,,,,,,
Engenho,AcuRite Iris®,2026/06/06 12:55,31.6,58.0,24.9,42.4,40.8,34.4,997.63,0.0,2.0,0.0,158.0,,,,,,,,,
Engenho,AcuRite Iris®,2026/06/06 13:00,32.8,54.0,24.8,43.9,41.9,35.6,997.63,0.0,2.0,2.0,315.0,,,,,,,,,
Engenho,AcuRite Iris®,2026/06/06 13:05,35.3,50.0,25.8,48.9,45.1,38.1,997.29,0.0,0.0,0.0,315.0,,,,,,,,,
Engenho,AcuRite Iris®,2026/06/06 13:10,35.8,50.0,26.3,50.4,45.9,38.6,997.29,0.0,0.0,0.0,315.0,,,,,,,,,
Engenho,AcuRite Iris®,2026/06/06 13:15,35.9,50.0,26.4,50.7,46.1,38.7,997.29,0.0,0.0,0.0,315.0,,,,,,,,,
Engenho,AcuRite Iris®,2026/06/06 13:20,36.1,50.0,26.6,51.3,46.3,38.9,997.29,0.0,0.0,0.0,315.0,,,,,,,,,
Engenho,AcuRite Iris®,2026/06/06 13:25,36.3,50.0,26.8,51.9,46.7,39.1,997.29,0.0,0.0,0.0,315.0,,,,,,,,,
Engenho,AcuRite Iris®,2026/06/06 13:30,36.7,52.0,27.8,54.6,47.8,39.5,997.29,0.0,0.0,0.0,315.0,,,,,,,,,
Engenho,AcuRite Iris®,2026/06/06 13:35,37.0,52.0,28.1,55.5,48.2,39.8,996.95,0.0,2.0,0.0,315.0,,,,,,,,,
Engenho,AcuRite Iris®,2026/06/06 13:40,37.5,51.0,28.2,56.4,48.8,40.3,996.95,0.0,0.0,0.0,315.0,,,,,,,,,
Engenho,AcuRite Iris®,2026/06/06 13:45,37.7,51.0,28.3,57.2,49.2,40.5,996.95,0.0,2.0,0.0,315.0,,,,,,,,,
Engenho,AcuRite Iris®,2026/06/06 13:50,37.9,49.0,27.9,56.4,49.1,40.7,996.95,0.0,0.0,0.0,315.0,,,,,,,,,
Engenho,AcuRite Iris®,2026/06/06 13:55,37.9,49.0,27.9,56.4,49.1,40.7,996.95,0.0,3.0,0.0,315.0,,,,,,,,,
Engenho,AcuRite Iris®,2026/06/06 14:00,38.0,49.0,27.9,56.6,49.2,40.8,996.95,0.0,0.0,0.0,315.0,,,,,,,,,
Engenho,AcuRite Iris®,2026/06/06 14:05,38.1,49.0,28.0,56.9,49.3,40.9,996.95,0.0,3.0,0.0,315.0,,,,,,,,,
Engenho,AcuRite Iris®,2026/06/06 14:10,38.3,49.0,28.2,57.7,49.7,41.1,996.95,0.0,0.0,0.0,315.0,,,,,,,,,
Engenho,AcuRite Iris®,2026/06/06 14:15,38.4,49.0,28.3,58.1,49.9,41.2,996.95,0.0,0.0,0.0,315.0,,,,,,,,,
Engenho,AcuRite Iris®,2026/06/06 14:20,38.6,49.0,28.5,58.7,50.2,41.4,996.61,0.0,0.0,0.0,315.0,,,,,,,,,
Engenho,AcuRite Iris®,2026/06/06 14:25,38.6,48.0,28.1,57.8,49.9,41.4,996.95,0.0,0.0,0.0,315.0,,,,,,,,,
Engenho,AcuRite Iris®,2026/06/06 14:30,38.6,48.0,28.1,57.8,49.9,41.4,996.61,0.0,0.0,0.0,315.0,,,,,,,,,
Engenho,AcuRite Iris®,2026/06/06 14:35,38.6,47.0,27.8,57.1,49.7,41.4,996.95,0.0,5.0,0.0,315.0,,,,,,,,,
Engenho,AcuRite Iris®,2026/06/06 14:40,38.6,47.0,27.8,57.1,49.7,41.4,996.95,0.0,0.0,0.0,315.0,,,,,,,,,
Engenho,AcuRite Iris®,2026/06/06 14:45,38.5,47.0,27.7,56.7,49.4,41.3,996.61,0.0,0.0,0.0,315.0,,,,,,,,,
Engenho,AcuRite Iris®,2026/06/06 14:50,38.7,47.0,27.9,57.4,49.8,41.5,996.95,0.0,0.0,0.0,315.0,,,,,,,,,
Engenho,AcuRite Iris®,2026/06/06 14:55,37.5,46.0,26.4,52.8,47.6,40.3,996.95,0.0,0.0,0.0,315.0,,,,,,,,,
Engenho,AcuRite Iris®,2026/06/06 15:00,32.9,53.0,24.6,43.8,41.9,35.7,996.95,1.0,0.0,0.0,293.0,,,,,,,,,
Engenho,AcuRite Iris®,2026/06/06 15:05,31.4,56.0,24.2,41.1,40.1,34.2,996.95,1.0,0.0,0.0,293.0,,,,,,,,,
Engenho,AcuRite Iris®,2026/06/06 15:10,30.3,58.0,23.7,39.1,38.8,33.1,996.95,1.0,0.0,0.0,293.0,,,,,,,,,
Engenho,AcuRite Iris®,2026/06/06 15:15,29.7,59.0,23.4,37.9,38.0,32.5,996.95,1.0,0.0,0.0,293.0,,,,,,,,,
Engenho,AcuRite Iris®,2026/06/06 15:20,28.8,61.0,23.2,36.4,36.9,31.6,996.95,1.0,0.0,0.0,293.0,,,,,,,,,
Engenho,AcuRite Iris®,2026/06/06 15:25,28.4,62.0,23.1,35.8,36.5,31.2,996.95,1.0,0.0,0.0,293.0,,,,,,,,,
Engenho,AcuRite Iris®,2026/06/06 15:30,27.5,64.0,22.7,34.3,35.3,30.3,996.95,1.0,0.0,0.0,293.0,,,,,,,,,
Engenho,AcuRite Iris®,2026/06/06 15:35,27.3,65.0,22.8,34.1,35.2,30.1,996.95,1.0,0.0,0.0,293.0,,,,,,,,,
Engenho,AcuRite Iris®,2026/06/06 15:40,26.7,66.0,22.4,33.1,34.4,29.5,996.95,1.0,0.0,0.0,293.0,,,,,,,,,
Engenho,AcuRite Iris®,2026/06/06 15:45,26.1,67.0,22.1,31.9,33.7,28.9,996.95,1.0,0.0,0.0,293.0,,,,,,,,,
Engenho,AcuRite Iris®,2026/06/06 15:50,26.0,68.0,22.3,31.9,33.6,28.8,996.95,1.0,0.0,0.0,293.0,,,,,,,,,
Engenho,AcuRite Iris®,2026/06/06 15:55,25.7,68.0,22.0,31.3,33.2,28.5,996.95,1.0,0.0,0.0,293.0,,,,,,,,,
Engenho,AcuRite Iris®,2026/06/06 16:00,25.2,69.0,21.8,30.6,32.6,28.0,996.95,1.0,0.0,0.0,293.0,,,,,,,,,
Engenho,AcuRite Iris®,2026/06/06 16:05,25.2,69.0,21.8,30.6,32.6,28.0,996.95,1.0,0.0,0.0,293.0,,,,,,,,,
Engenho,AcuRite Iris®,2026/06/06 16:10,24.9,70.0,21.7,30.1,32.3,27.7,997.29,1.0,0.0,0.0,293.0,,,,,,,,,
Engenho,AcuRite Iris®,2026/06/06 16:15,24.6,70.0,21.4,29.6,31.8,27.4,996.95,1.0,0.0,0.0,293.0,,,,,,,,,
Engenho,AcuRite Iris®,2026/06/06 16:20,24.3,70.0,21.2,29.1,31.4,27.1,996.95,1.0,0.0,0.0,293.0,,,,,,,,,
Engenho,AcuRite Iris®,2026/06/06 16:25,24.2,71.0,21.3,28.9,31.3,27.0,996.95,1.0,0.0,0.0,293.0,,,,,,,,,
Engenho,AcuRite Iris®,2026/06/06 16:30,24.0,71.0,21.1,28.6,31.0,26.8,997.29,1.0,0.0,0.0,293.0,,,,,,,,,
Engenho,AcuRite Iris®,2026/06/06 16:35,23.8,71.0,20.9,28.3,30.8,26.6,997.29,1.0,0.0,0.0,293.0,,,,,,,,,
Engenho,AcuRite Iris®,2026/06/06 16:40,23.7,71.0,20.8,28.1,30.6,26.5,997.29,1.0,0.0,0.0,293.0,,,,,,,,,
Engenho,AcuRite Iris®,2026/06/06 16:45,23.6,71.0,20.7,27.9,30.4,26.4,997.29,1.0,0.0,0.0,293.0,,,,,,,,,
Engenho,AcuRite Iris®,2026/06/06 16:50,23.6,71.0,20.7,27.9,30.4,26.4,997.29,1.0,0.0,0.0,293.0,,,,,,,,,
Engenho,AcuRite Iris®,2026/06/06 16:55,23.3,72.0,20.7,27.6,30.1,26.1,997.29,1.0,0.0,0.0,293.0,,,,,,,,,
Engenho,AcuRite Iris®,2026/06/06 17:00,23.0,73.0,20.6,27.1,29.7,25.8,997.29,1.0,0.0,0.0,338.0,,,,,,,,,
Engenho,AcuRite Iris®,2026/06/06 17:05,22.5,73.0,20.1,25.8,29.0,25.3,997.29,7.0,0.0,0.0,0.0,,,,,,,,,
Engenho,AcuRite Iris®,2026/06/06 17:10,22.0,73.0,19.6,25.2,28.3,24.8,997.29,7.0,3.0,2.0,0.0,,,,,,,,,
Engenho,AcuRite Iris®,2026/06/06 17:15,21.5,74.0,19.3,24.7,27.7,24.3,997.29,7.0,3.0,3.0,0.0,,,,,,,,,
Engenho,AcuRite Iris®,2026/06/06 17:20,20.8,75.0,18.9,24.0,26.8,23.6,997.63,7.0,5.0,3.0,0.0,,,,,,,,,
Engenho,AcuRite Iris®,2026/06/06 17:25,20.2,77.0,18.7,23.4,26.1,23.0,997.63,7.0,3.0,3.0,0.0,,,,,,,,,
Engenho,AcuRite Iris®,2026/06/06 17:30,20.1,78.0,18.8,23.3,26.1,22.9,997.63,7.0,3.0,3.0,0.0,,,,,,,,,
Engenho,AcuRite Iris®,2026/06/06 17:35,19.3,80.0,18.5,22.4,24.4,22.1,997.63,7.0,5.0,5.0,0.0,,,,,,,,,
Engenho,AcuRite Iris®,2026/06/06 17:40,19.4,80.0,18.6,22.6,25.3,22.2,997.29,7.0,5.0,2.0,0.0,,,,,,,,,
Engenho,AcuRite Iris®,2026/06/06 17:45,18.8,82.0,18.4,21.9,23.9,21.6,997.63,7.0,5.0,5.0,0.0,,,,,,,,,
Engenho,AcuRite Iris®,2026/06/06 17:50,19.3,80.0,18.5,22.4,25.1,22.1,997.63,7.0,5.0,2.0,0.0,,,,,,,,,
Engenho,AcuRite Iris®,2026/06/06 17:55,18.3,82.0,17.9,21.4,23.2,21.1,997.63,7.0,5.0,5.0,0.0,,,,,,,,,
Engenho,AcuRite Iris®,2026/06/06 18:00,18.3,82.0,17.9,21.4,23.9,21.1,997.63,7.0,3.0,3.0,0.0,,,,,,,,,
Engenho,AcuRite Iris®,2026/06/06 18:05,18.3,82.0,17.9,21.4,23.9,21.1,997.63,7.0,3.0,3.0,0.0,,,,,,,,,
Engenho,AcuRite Iris®,2026/06/06 18:10,18.3,82.0,17.9,21.4,23.9,21.1,997.97,7.0,3.0,3.0,0.0,,,,,,,,,
Engenho,AcuRite Iris®,2026/06/06 18:15,18.1,82.0,17.7,21.2,23.6,20.9,997.97,7.0,5.0,3.0,0.0,,,,,,,,,
Engenho,AcuRite Iris®,2026/06/06 18:20,17.9,83.0,17.7,21.0,23.4,20.7,997.97,7.0,2.0,3.0,0.0,,,,,,,,,
Engenho,AcuRite Iris®,2026/06/06 18:25,18.0,83.0,17.8,21.1,23.5,20.8,997.97,7.0,5.0,3.0,0.0,,,,,,,,,
Engenho,AcuRite Iris®,2026/06/06 18:30,18.0,83.0,17.8,21.1,23.5,20.8,998.31,7.0,5.0,3.0,0.0,,,,,,,,,
Engenho,AcuRite Iris®,2026/06/06 18:35,18.1,83.0,17.9,21.2,23.6,20.9,997.97,7.0,3.0,3.0,0.0,,,,,,,,,
Engenho,AcuRite Iris®,2026/06/06 18:40,18.0,83.0,17.8,21.1,23.5,20.8,998.31,7.0,3.0,2.0,0.0,,,,,,,,,
Engenho,AcuRite Iris®,2026/06/06 18:45,18.0,83.0,17.8,21.1,23.5,20.8,998.31,7.0,3.0,3.0,0.0,,,,,,,,,
Engenho,AcuRite Iris®,2026/06/06 18:50,18.0,83.0,17.8,21.1,23.5,20.8,998.31,7.0,3.0,2.0,0.0,,,,,,,,,
Engenho,AcuRite Iris®,2026/06/06 18:55,18.4,82.0,18.0,21.6,24.0,21.2,998.31,7.0,0.0,2.0,0.0,,,,,,,,,
Engenho,AcuRite Iris®,2026/06/06 19:00,18.2,82.0,17.8,21.3,23.7,21.0,998.31,7.0,0.0,2.0,0.0,,,,,,,,,
Engenho,AcuRite Iris®,2026/06/06 19:05,18.2,82.0,17.8,21.3,23.7,21.0,998.31,7.0,5.0,0.0,0.0,,,,,,,,,
Engenho,AcuRite Iris®,2026/06/06 19:10,17.6,83.0,17.4,20.7,22.2,20.4,998.65,7.0,5.0,5.0,0.0,,,,,,,,,
Engenho,AcuRite Iris®,2026/06/06 19:15,18.4,81.0,17.8,21.5,23.9,21.2,998.65,7.0,0.0,2.0,0.0,,,,,,,,,
Engenho,AcuRite Iris®,2026/06/06 19:20,17.6,82.0,17.2,20.6,22.8,20.4,998.65,7.0,3.0,2.0,0.0,,,,,,,,,
Engenho,AcuRite Iris®,2026/06/06 19:25,18.0,81.0,17.4,21.0,23.3,20.8,998.65,7.0,3.0,2.0,0.0,,,,,,,,,
Engenho,AcuRite Iris®,2026/06/06 19:30,17.4,83.0,17.2,20.4,22.7,20.2,998.65,7.0,3.0,3.0,0.0,,,,,,,,,
Engenho,AcuRite Iris®,2026/06/06 19:35,17.5,82.0,17.1,20.5,22.7,20.3,998.65,7.0,3.0,2.0,0.0,,,,,,,,,
Engenho,AcuRite Iris®,2026/06/06 19:40,16.8,84.0,16.8,19.8,21.9,19.6,998.65,7.0,5.0,3.0,0.0,,,,,,,,,
Engenho,AcuRite Iris®,2026/06/06 19:45,16.6,85.0,16.8,19.6,21.0,19.4,998.65,7.0,5.0,5.0,0.0,,,,,,,,,
Engenho,AcuRite Iris®,2026/06/06 19:50,16.6,85.0,16.8,19.6,21.7,19.4,998.65,7.0,3.0,3.0,0.0,,,,,,,,,
Engenho,AcuRite Iris®,2026/06/06 19:55,16.6,84.0,16.6,19.6,21.6,19.4,998.65,7.0,5.0,3.0,0.0,,,,,,,,,
Engenho,AcuRite Iris®,2026/06/06 20:00,16.3,85.0,16.5,19.3,21.3,19.1,998.65,7.0,3.0,3.0,0.0,,,,,,,,,
Engenho,AcuRite Iris®,2026/06/06 20:05,16.2,85.0,16.4,19.2,21.2,19.0,998.98,7.0,5.0,3.0,0.0,,,,,,,,,
Engenho,AcuRite Iris®,2026/06/06 20:10,16.3,85.0,16.5,19.3,21.3,19.1,998.98,7.0,3.0,3.0,0.0,,,,,,,,,
Engenho,AcuRite Iris®,2026/06/06 20:15,16.4,84.0,16.4,19.4,21.4,19.2,998.98,7.0,0.0,2.0,0.0,,,,,,,,,
Engenho,AcuRite Iris®,2026/06/06 20:20,16.6,83.0,16.4,19.6,21.6,19.4,998.98,7.0,0.0,0.0,0.0,,,,,,,,,
Engenho,AcuRite Iris®,2026/06/06 20:25,16.7,83.0,16.6,19.7,21.7,19.5,998.98,7.0,0.0,0.0,0.0,,,,,,,,,
Engenho,AcuRite Iris®,2026/06/06 20:30,16.3,84.0,16.3,19.3,21.2,19.1,998.98,7.0,3.0,0.0,0.0,,,,,,,,,
Engenho,AcuRite Iris®,2026/06/06 20:35,16.1,85.0,16.3,19.1,21.0,18.9,999.32,7.0,2.0,2.0,0.0,,,,,,,,,
Engenho,AcuRite Iris®,2026/06/06 20:40,16.3,86.0,16.7,19.3,21.4,19.1,999.32,7.0,0.0,2.0,0.0,,,,,,,,,
Engenho,AcuRite Iris®,2026/06/06 20:45,16.6,85.0,16.8,19.6,21.7,19.4,999.32,7.0,3.0,0.0,0.0,,,,,,,,,
Engenho,AcuRite Iris®,2026/06/06 20:50,16.6,85.0,16.8,19.6,21.7,19.4,999.32,7.0,0.0,2.0,0.0,,,,,,,,,
Engenho,AcuRite Iris®,2026/06/06 20:55,16.3,85.0,16.5,19.3,21.3,19.1,999.32,7.0,3.0,0.0,0.0,,,,,,,,,
Engenho,AcuRite Iris®,2026/06/06 21:00,16.5,86.0,16.9,19.5,21.6,19.3,999.32,7.0,0.0,0.0,0.0,,,,,,,,,
Engenho,AcuRite Iris®,2026/06/06 21:05,16.3,85.0,16.5,19.3,21.3,19.1,999.32,7.0,2.0,0.0,0.0,,,,,,,,,
Engenho,AcuRite Iris®,2026/06/06 21:10,16.3,85.0,16.5,19.3,21.3,19.1,999.32,7.0,3.0,3.0,0.0,,,,,,,,,
Engenho,AcuRite Iris®,2026/06/06 21:15,16.3,85.0,16.5,19.3,21.3,19.1,999.32,7.0,3.0,3.0,0.0,,,,,,,,,
Engenho,AcuRite Iris®,2026/06/06 21:20,16.2,86.0,16.6,19.2,21.2,19.0,999.32,7.0,0.0,2.0,0.0,,,,,,,,,
Engenho,AcuRite Iris®,2026/06/06 21:25,16.2,85.0,16.4,19.2,21.2,19.0,999.32,7.0,0.0,0.0,0.0,,,,,,,,,
Engenho,AcuRite Iris®,2026/06/06 21:30,16.2,86.0,16.6,19.2,21.2,19.0,999.32,7.0,0.0,0.0,0.0,,,,,,,,,
Engenho,AcuRite Iris®,2026/06/06 21:35,16.9,84.0,16.9,19.9,22.1,19.7,999.32,7.0,0.0,0.0,0.0,,,,,,,,,
Engenho,AcuRite Iris®,2026/06/06 21:40,16.4,85.0,16.6,19.4,21.4,19.2,999.32,7.0,0.0,0.0,0.0,,,,,,,,,
Engenho,AcuRite Iris®,2026/06/06 21:50,16.1,86.0,16.5,19.1,21.1,18.9,999.32,7.0,3.0,3.0,0.0,,,,,,,,,
Engenho,AcuRite Iris®,2026/06/06 21:55,16.1,86.0,16.5,19.1,21.1,18.9,999.32,7.0,3.0,2.0,0.0,,,,,,,,,
Engenho,AcuRite Iris®,2026/06/06 22:00,15.9,87.0,16.5,18.9,20.9,18.7,999.32,7.0,2.0,2.0,0.0,,,,,,,,,
Engenho,AcuRite Iris®,2026/06/06 22:05,15.9,86.0,16.3,18.9,20.8,18.7,999.32,7.0,3.0,2.0,0.0,,,,,,,,,
Engenho,AcuRite Iris®,2026/06/06 22:10,15.7,87.0,16.3,18.7,20.6,18.5,999.32,7.0,2.0,2.0,0.0,,,,,,,,,
Engenho,AcuRite Iris®,2026/06/06 22:15,15.7,87.0,16.3,18.7,20.6,18.5,999.32,7.0,3.0,2.0,0.0,,,,,,,,,
Engenho,AcuRite Iris®,2026/06/06 22:20,15.6,87.0,16.2,18.6,20.4,18.4,999.32,7.0,2.0,2.0,0.0,,,,,,,,,
Engenho,AcuRite Iris®,2026/06/06 22:25,16.1,86.0,16.5,19.1,21.1,18.9,999.32,7.0,0.0,0.0,0.0,,,,,,,,,
Engenho,AcuRite Iris®,2026/06/06 22:30,15.6,87.0,16.2,18.6,20.4,18.4,999.32,7.0,3.0,2.0,0.0,,,,,,,,,
Engenho,AcuRite Iris®,2026/06/06 22:35,15.8,87.0,16.4,18.8,20.8,18.6,999.32,7.0,0.0,0.0,0.0,,,,,,,,,
Engenho,AcuRite Iris®,2026/06/06 22:40,15.7,86.0,16.1,18.7,20.6,18.5,999.32,7.0,0.0,0.0,0.0,,,,,,,,,
Engenho,AcuRite Iris®,2026/06/06 22:45,15.6,86.0,16.0,18.6,20.4,18.4,999.66,7.0,0.0,0.0,0.0,,,,,,,,,
Engenho,AcuRite Iris®,2026/06/06 22:50,15.6,86.0,16.0,18.6,20.4,18.4,999.66,7.0,0.0,0.0,0.0,,,,,,,,,
Engenho,AcuRite Iris®,2026/06/06 22:55,15.8,85.0,16.1,18.7,20.6,18.6,999.66,7.0,2.0,0.0,0.0,,,,,,,,,
Engenho,AcuRite Iris®,2026/06/06 23:00,15.7,85.0,15.9,18.6,20.4,18.5,999.32,7.0,0.0,0.0,0.0,,,,,,,,,
Engenho,AcuRite Iris®,2026/06/06 23:05,15.7,86.0,16.1,18.7,20.6,18.5,999.32,7.0,0.0,0.0,0.0,,,,,,,,,
Engenho,AcuRite Iris®,2026/06/06 23:10,15.8,85.0,16.1,18.7,20.6,18.6,999.32,7.0,0.0,0.0,0.0,,,,,,,,,
Engenho,AcuRite Iris®,2026/06/06 23:15,15.5,85.0,15.7,18.4,20.2,18.3,999.32,7.0,0.0,0.0,0.0,,,,,,,,,
Engenho,AcuRite Iris®,2026/06/06 23:20,15.3,88.0,16.1,18.3,20.1,18.1,999.32,7.0,0.0,0.0,0.0,,,,,,,,,
Engenho,AcuRite Iris®,2026/06/06 23:25,15.0,88.0,15.8,17.9,19.7,17.8,999.32,7.0,3.0,2.0,0.0,,,,,,,,,
Engenho,AcuRite Iris®,2026/06/06 23:30,15.1,88.0,15.9,18.1,19.8,17.9,999.32,7.0,0.0,0.0,0.0,,,,,,,,,
Engenho,AcuRite Iris®,2026/06/06 23:35,15.4,86.0,15.8,18.3,20.2,18.2,999.32,7.0,0.0,0.0,0.0,,,,,,,,,
Engenho,AcuRite Iris®,2026/06/06 23:40,15.1,87.0,15.7,18.0,19.8,17.9,999.32,7.0,2.0,0.0,0.0,,,,,,,,,
Engenho,AcuRite Iris®,2026/06/06 23:45,15.3,87.0,15.9,18.2,20.1,18.1,999.32,7.0,0.0,0.0,0.0,,,,,,,,,
Engenho,AcuRite Iris®,2026/06/06 23:50,14.9,87.0,15.6,17.8,19.6,17.7,999.32,7.0,3.0,2.0,0.0,,,,,,,,,
Engenho,AcuRite Iris®,2026/06/06 23:55,15.4,86.0,15.8,18.3,20.2,18.2,999.32,7.0,0.0,0.0,0.0,,,,,,,,,
Engenho,AcuRite Iris®,2026/07/06 00:00,14.9,86.0,15.3,17.8,19.4,17.7,999.32,0.0,0.0,0.0,0.0,,,,,,,,,
Engenho,AcuRite Iris®,2026/07/06 00:05,14.5,89.0,15.4,17.4,19.1,17.3,999.32,0.0,2.0,3.0,0.0,,,,,,,,,
Engenho,AcuRite Iris®,2026/07/06 00:10,14.9,88.0,15.7,17.8,19.6,17.7,999.32,0.0,0.0,0.0,0.0,,,,,,,,,
Engenho,AcuRite Iris®,2026/07/06 00:15,14.9,87.0,15.6,17.8,19.6,17.7,999.32,0.0,0.0,0.0,0.0,,,,,,,,,
Engenho,AcuRite Iris®,2026/07/06 00:20,15.0,87.0,15.6,17.9,19.6,17.8,998.98,0.0,0.0,0.0,0.0,,,,,,,,,
Engenho,AcuRite Iris®,2026/07/06 00:25,14.5,88.0,15.3,17.3,19.0,17.3,998.98,0.0,2.0,0.0,0.0,,,,,,,,,
Engenho,AcuRite Iris®,2026/07/06 00:30,14.7,88.0,15.5,17.6,19.3,17.5,998.98,0.0,0.0,0.0,0.0,,,,,,,,,
Engenho,AcuRite Iris®,2026/07/06 00:35,14.6,87.0,15.2,17.4,19.1,17.4,998.98,0.0,0.0,0.0,0.0,,,,,,,,,
Engenho,AcuRite Iris®,2026/07/06 00:40,14.4,88.0,15.2,17.3,18.9,17.2,998.98,0.0,3.0,0.0,0.0,,,,,,,,,
Engenho,AcuRite Iris®,2026/07/06 00:45,14.9,88.0,15.7,17.8,19.6,17.7,998.98,0.0,0.0,0.0,0.0,,,,,,,,,
Engenho,AcuRite Iris®,2026/07/06 00:50,14.7,88.0,15.5,17.6,19.3,17.5,998.98,0.0,0.0,0.0,0.0,,,,,,,,,
Engenho,AcuRite Iris®,2026/07/06 00:55,14.3,88.0,15.1,17.2,18.8,17.1,998.98,0.0,3.0,0.0,0.0,,,,,,,,,
Engenho,AcuRite Iris®,2026/07/06 01:00,14.3,89.0,15.3,17.2,18.8,17.1,998.98,0.0,2.0,2.0,0.0,,,,,,,,,
Engenho,AcuRite Iris®,2026/07/06 01:05,14.4,89.0,15.4,17.3,19.0,17.2,998.98,0.0,0.0,0.0,0.0,,,,,,,,,
Engenho,AcuRite Iris®,2026/07/06 01:10,14.1,89.0,15.1,16.9,18.5,16.9,998.98,0.0,3.0,3.0,0.0,,,,,,,,,
Engenho,AcuRite Iris®,2026/07/06 01:15,14.3,89.0,15.3,17.2,18.8,17.1,998.98,0.0,3.0,2.0,0.0,,,,,,,,,
Engenho,AcuRite Iris®,2026/07/06 01:20,14.2,89.0,15.2,17.1,18.7,17.0,998.98,0.0,2.0,2.0,0.0,,,,,,,,,
Engenho,AcuRite Iris®,2026/07/06 01:25,14.5,88.0,15.3,17.3,19.0,17.3,998.98,0.0,0.0,0.0,0.0,,,,,,,,,
Engenho,AcuRite Iris®,2026/07/06 01:30,14.1,89.0,15.1,16.9,18.5,16.9,998.98,0.0,2.0,2.0,0.0,,,,,,,,,
Engenho,AcuRite Iris®,2026/07/06 01:35,14.3,89.0,15.3,17.2,18.8,17.1,998.98,0.0,0.0,0.0,0.0,,,,,,,,,
Engenho,AcuRite Iris®,2026/07/06 01:40,14.4,88.0,15.2,17.3,18.9,17.2,998.98,0.0,2.0,0.0,0.0,,,,,,,,,
Engenho,AcuRite Iris®,2026/07/06 01:45,14.2,88.0,15.0,17.1,18.6,17.0,998.98,0.0,0.0,0.0,0.0,,,,,,,,,
Engenho,AcuRite Iris®,2026/07/06 01:50,14.5,88.0,15.3,17.3,19.0,17.3,998.65,0.0,0.0,0.0,0.0,,,,,,,,,
Engenho,AcuRite Iris®,2026/07/06 01:55,14.5,87.0,15.1,17.3,18.9,17.3,998.65,0.0,0.0,0.0,0.0,,,,,,,,,
Engenho,AcuRite Iris®,2026/07/06 02:00,14.2,88.0,15.0,17.1,18.6,17.0,998.65,0.0,0.0,0.0,0.0,,,,,,,,,
Engenho,AcuRite Iris®,2026/07/06 02:05,14.5,87.0,15.1,17.3,18.9,17.3,998.65,0.0,0.0,0.0,0.0,,,,,,,,,
Engenho,AcuRite Iris®,2026/07/06 02:10,14.3,87.0,14.9,17.2,18.7,17.1,998.65,0.0,0.0,0.0,0.0,,,,,,,,,
Engenho,AcuRite Iris®,2026/07/06 02:15,14.6,86.0,15.0,17.4,19.0,17.4,998.65,0.0,0.0,0.0,0.0,,,,,,,,,
Engenho,AcuRite Iris®,2026/07/06 02:20,14.2,87.0,14.8,17.0,18.6,17.0,998.65,0.0,0.0,0.0,0.0,,,,,,,,,
Engenho,AcuRite Iris®,2026/07/06 02:25,14.1,87.0,14.7,16.9,18.4,16.9,998.65,0.0,0.0,0.0,0.0,,,,,,,,,
Engenho,AcuRite Iris®,2026/07/06 02:30,13.9,89.0,14.9,16.8,18.3,16.7,998.65,0.0,0.0,3.0,0.0,,,,,,,,,
Engenho,AcuRite Iris®,2026/07/06 02:35,14.2,88.0,15.0,17.1,18.6,17.0,998.65,0.0,0.0,0.0,0.0,,,,,,,,,
Engenho,AcuRite Iris®,2026/07/06 02:40,14.0,89.0,14.9,16.8,18.4,16.8,998.31,0.0,2.0,0.0,0.0,,,,,,,,,
Engenho,AcuRite Iris®,2026/07/06 02:45,14.3,87.0,14.9,17.2,18.7,17.1,998.31,0.0,0.0,0.0,0.0,,,,,,,,,
Engenho,AcuRite Iris®,2026/07/06 02:50,14.3,87.0,14.9,17.2,18.7,17.1,998.31,0.0,0.0,0.0,0.0,,,,,,,,,
Engenho,AcuRite Iris®,2026/07/06 02:55,14.4,86.0,14.8,17.2,18.8,17.2,998.31,0.0,0.0,0.0,0.0,,,,,,,,,
Engenho,AcuRite Iris®,2026/07/06 03:00,14.2,86.0,14.6,17.0,18.5,17.0,998.31,0.0,0.0,0.0,0.0,,,,,,,,,
Engenho,AcuRite Iris®,2026/07/06 03:05,14.3,86.0,14.7,17.1,18.6,17.1,998.31,0.0,0.0,0.0,0.0,,,,,,,,,
Engenho,AcuRite Iris®,2026/07/06 03:10,14.2,86.0,14.6,17.0,18.5,17.0,998.31,0.0,0.0,0.0,0.0,,,,,,,,,
Engenho,AcuRite Iris®,2026/07/06 03:15,13.9,86.0,14.4,16.7,18.1,16.7,998.31,0.0,0.0,0.0,0.0,,,,,,,,,
Engenho,AcuRite Iris®,2026/07/06 03:20,13.8,87.0,14.4,16.6,18.0,16.6,997.97,0.0,2.0,0.0,0.0,,,,,,,,,
Engenho,AcuRite Iris®,2026/07/06 03:25,14.1,87.0,14.7,16.9,18.4,16.9,997.97,0.0,0.0,0.0,0.0,,,,,,,,,
Engenho,AcuRite Iris®,2026/07/06 03:30,14.1,87.0,14.7,16.9,18.4,16.9,998.31,0.0,0.0,0.0,0.0,,,,,,,,,
Engenho,AcuRite Iris®,2026/07/06 03:35,13.4,89.0,14.4,16.2,17.6,16.2,998.31,0.0,0.0,0.0,0.0,,,,,,,,,
Engenho,AcuRite Iris®,2026/07/06 03:40,13.7,88.0,14.5,16.5,17.9,16.5,997.97,0.0,0.0,0.0,0.0,,,,,,,,,
Engenho,AcuRite Iris®,2026/07/06 03:45,13.6,88.0,14.4,16.4,17.8,16.4,997.97,0.0,0.0,0.0,0.0,,,,,,,,,
Engenho,AcuRite Iris®,2026/07/06 03:50,13.5,88.0,14.3,16.3,17.7,16.3,997.97,0.0,0.0,0.0,0.0,,,,,,,,,
Engenho,AcuRite Iris®,2026/07/06 03:55,13.4,88.0,14.2,16.2,17.6,16.2,998.31,0.0,0.0,0.0,0.0,,,,,,,,,
Engenho,AcuRite Iris®,2026/07/06 04:00,13.7,88.0,14.5,16.5,17.9,16.5,998.31,0.0,0.0,0.0,0.0,,,,,,,,,
Engenho,AcuRite Iris®,2026/07/06 04:05,13.7,88.0,14.5,16.5,17.9,16.5,997.97,0.0,0.0,0.0,0.0,,,,,,,,,
Engenho,AcuRite Iris®,2026/07/06 04:15,13.7,88.0,14.5,16.5,17.9,16.5,997.97,0.0,0.0,0.0,0.0,,,,,,,,,
Engenho,AcuRite Iris®,2026/07/06 04:35,13.8,87.0,14.4,16.6,18.0,16.6,997.97,0.0,0.0,0.0,0.0,,,,,,,,,
Engenho,AcuRite Iris®,2026/07/06 04:40,13.4,87.0,14.1,16.2,17.5,16.2,998.31,0.0,0.0,0.0,0.0,,,,,,,,,
Engenho,AcuRite Iris®,2026/07/06 04:45,13.5,88.0,14.3,16.3,17.7,16.3,997.97,0.0,0.0,0.0,0.0,,,,,,,,,
Engenho,AcuRite Iris®,2026/07/06 04:55,13.5,88.0,14.3,16.3,17.7,16.3,997.97,0.0,0.0,0.0,0.0,,,,,,,,,
Engenho,AcuRite Iris®,2026/07/06 05:00,13.0,89.0,13.9,15.7,17.1,15.8,997.97,0.0,3.0,0.0,0.0,,,,,,,,,
Engenho,AcuRite Iris®,2026/07/06 05:05,13.4,89.0,14.4,16.2,17.6,16.2,997.97,0.0,0.0,0.0,0.0,,,,,,,,,
Engenho,AcuRite Iris®,2026/07/06 05:10,13.6,88.0,14.4,16.4,17.8,16.4,997.97,0.0,0.0,0.0,0.0,,,,,,,,,
Engenho,AcuRite Iris®,2026/07/06 05:15,13.3,87.0,13.9,16.1,17.3,16.1,997.97,0.0,0.0,0.0,0.0,,,,,,,,,
Engenho,AcuRite Iris®,2026/07/06 05:20,13.1,88.0,13.9,15.8,17.1,15.9,997.97,0.0,2.0,0.0,0.0,,,,,,,,,
Engenho,AcuRite Iris®,2026/07/06 05:25,13.1,89.0,14.1,15.8,17.2,15.9,997.97,0.0,3.0,2.0,0.0,,,,,,,,,
Engenho,AcuRite Iris®,2026/07/06 05:30,13.0,89.0,13.9,15.7,17.1,15.8,997.97,0.0,2.0,2.0,0.0,,,,,,,,,
Engenho,AcuRite Iris®,2026/07/06 05:35,13.2,89.0,14.2,16.0,17.3,16.0,998.31,0.0,0.0,2.0,0.0,,,,,,,,,
Engenho,AcuRite Iris®,2026/07/06 05:40,12.9,89.0,13.9,15.7,16.9,15.7,998.31,0.0,3.0,3.0,0.0,,,,,,,,,
Engenho,AcuRite Iris®,2026/07/06 05:45,12.8,90.0,14.0,15.6,16.9,15.6,998.31,0.0,5.0,3.0,0.0,,,,,,,,,
Engenho,AcuRite Iris®,2026/07/06 05:50,12.8,90.0,14.0,15.6,16.9,15.6,997.97,0.0,3.0,3.0,0.0,,,,,,,,,
Engenho,AcuRite Iris®,2026/07/06 06:00,12.8,90.0,14.0,15.6,16.9,15.6,998.31,0.0,0.0,0.0,0.0,,,,,,,,,
Engenho,AcuRite Iris®,2026/07/06 06:05,12.8,90.0,14.0,15.6,16.9,15.6,998.31,0.0,0.0,0.0,0.0,,,,,,,,,
Engenho,AcuRite Iris®,2026/07/06 06:10,13.0,89.0,13.9,15.7,17.1,15.8,998.31,0.0,0.0,0.0,0.0,,,,,,,,,
Engenho,AcuRite Iris®,2026/07/06 06:15,13.1,89.0,14.1,15.8,17.2,15.9,998.31,0.0,0.0,0.0,0.0,,,,,,,,,
Engenho,AcuRite Iris®,2026/07/06 06:20,13.1,89.0,14.1,15.8,17.2,15.9,998.31,0.0,3.0,2.0,0.0,,,,,,,,,
Engenho,AcuRite Iris®,2026/07/06 06:35,13.1,89.0,14.1,15.8,17.2,15.9,998.65,0.0,0.0,0.0,0.0,,,,,,,,,
Engenho,AcuRite Iris®,2026/07/06 06:40,13.0,88.0,13.8,15.7,16.9,15.8,998.65,0.0,0.0,0.0,0.0,,,,,,,,,
Engenho,AcuRite Iris®,2026/07/06 06:45,12.9,88.0,13.7,15.7,16.9,15.7,998.65,0.0,2.0,0.0,0.0,,,,,,,,,
Engenho,AcuRite Iris®,2026/07/06 06:50,12.6,90.0,13.8,15.3,16.6,15.4,998.65,0.0,5.0,3.0,0.0,,,,,,,,,
Engenho,AcuRite Iris®,2026/07/06 07:00,12.6,90.0,13.8,15.3,16.6,15.4,998.98,0.0,0.0,0.0,0.0,,,,,,,,,
Engenho,AcuRite Iris®,2026/07/06 07:10,12.6,90.0,13.8,15.3,16.6,15.4,998.65,0.0,2.0,2.0,0.0,,,,,,,,,
Engenho,AcuRite Iris®,2026/07/06 07:15,13.0,89.0,13.9,15.7,17.1,15.8,998.65,0.0,0.0,0.0,0.0,,,,,,,,,
Engenho,AcuRite Iris®,2026/07/06 07:20,12.8,89.0,13.8,15.6,16.8,15.6,998.65,0.0,5.0,3.0,0.0,,,,,,,,,
Engenho,AcuRite Iris®,2026/07/06 08:00,13.4,90.0,14.6,16.3,17.7,16.2,998.98,0.0,0.0,0.0,0.0,,,,,,,,,
Engenho,AcuRite Iris®,2026/07/06 08:25,13.5,90.0,14.6,16.3,17.8,16.3,999.66,0.0,0.0,0.0,0.0,,,,,,,,,
Engenho,AcuRite Iris®,2026/07/06 09:15,13.5,90.0,14.6,16.3,17.8,16.3,1000.0,0.0,0.0,0.0,0.0,,,,,,,,,
Engenho,AcuRite Iris®,2026/07/06 09:20,19.6,74.0,17.5,22.6,25.0,22.4,1000.0,0.0,2.0,2.0,0.0,,,,,,,,,
Engenho,AcuRite Iris®,2026/07/06 09:25,20.1,73.0,17.8,23.2,25.6,22.9,1000.34,0.0,3.0,2.0,0.0,,,,,,,,,
Engenho,AcuRite Iris®,2026/07/06 09:35,20.1,73.0,17.8,23.2,25.6,22.9,1000.0,0.0,0.0,0.0,0.0,,,,,,,,,
Engenho,AcuRite Iris®,2026/07/06 09:40,20.9,71.0,18.2,24.0,26.6,23.7,1000.0,0.0,0.0,0.0,0.0,,,,,,,,,
Engenho,AcuRite Iris®,2026/07/06 09:45,21.9,68.0,18.4,25.0,27.7,24.7,1000.0,0.0,2.0,2.0,0.0,,,,,,,,,
Engenho,AcuRite Iris®,2026/07/06 10:00,20.8,70.0,17.8,23.8,25.6,23.6,1000.0,0.0,5.0,5.0,0.0,,,,,,,,,
Engenho,AcuRite Iris®,2026/07/06 10:05,20.8,71.0,18.1,23.9,26.4,23.6,1000.0,0.0,5.0,3.0,0.0,,,,,,,,,
Engenho,AcuRite Iris®,2026/07/06 10:10,21.5,70.0,18.4,24.6,27.3,24.3,1000.0,0.0,3.0,2.0,0.0,,,,,,,,,
Engenho,AcuRite Iris®,2026/07/06 10:15,21.5,70.0,18.4,24.6,27.3,24.3,1000.0,0.0,2.0,2.0,0.0,,,,,,,,,
Engenho,AcuRite Iris®,2026/07/06 10:20,21.1,71.0,18.3,24.2,26.8,23.9,1000.0,0.0,2.0,0.0,0.0,,,,,,,,,
Engenho,AcuRite Iris®,2026/07/06 10:25,20.2,72.0,17.7,23.2,25.7,23.0,999.66,0.0,5.0,3.0,0.0,,,,,,,,,
Engenho,AcuRite Iris®,2026/07/06 10:30,19.3,74.0,17.3,22.3,24.6,22.1,999.66,0.0,3.0,3.0,0.0,,,,,,,,,
Engenho,AcuRite Iris®,2026/07/06 10:35,19.5,73.0,17.2,22.4,24.7,22.3,999.66,0.0,6.0,3.0,0.0,,,,,,,,,
Engenho,AcuRite Iris®,2026/07/06 10:40,19.7,74.0,17.6,22.7,25.1,22.5,999.66,0.0,3.0,3.0,0.0,,,,,,,,,
Engenho,AcuRite Iris®,2026/07/06 10:45,20.3,73.0,18.0,23.4,25.9,23.1,999.66,0.0,2.0,2.0,0.0,,,,,,,,,
Engenho,AcuRite Iris®,2026/07/06 10:50,19.1,74.0,17.1,22.1,23.6,21.9,999.66,0.0,6.0,5.0,0.0,,,,,,,,,
Engenho,AcuRite Iris®,2026/07/06 10:55,18.9,75.0,17.1,21.9,23.4,21.7,999.66,0.0,6.0,5.0,0.0,,,,,,,,,
Engenho,AcuRite Iris®,2026/07/06 11:00,18.8,74.0,16.8,21.8,23.2,21.6,999.32,0.0,3.0,5.0,0.0,,,,,,,,,
Engenho,AcuRite Iris®,2026/07/06 11:05,19.6,74.0,17.5,22.6,25.0,22.4,999.32,0.0,3.0,3.0,0.0,,,,,,,,,
Engenho,AcuRite Iris®,2026/07/06 11:10,20.0,75.0,18.1,23.1,25.6,22.8,999.32,0.0,5.0,2.0,0.0,,,,,,,,,
Engenho,AcuRite Iris®,2026/07/06 11:15,20.0,75.0,18.1,23.1,25.6,22.8,999.32,0.0,3.0,3.0,0.0,,,,,,,,,
Engenho,AcuRite Iris®,2026/07/06 11:20,20.4,72.0,17.9,23.5,25.9,23.2,999.32,0.0,5.0,3.0,0.0,,,,,,,,,
Engenho,AcuRite Iris®,2026/07/06 11:25,20.4,72.0,17.9,23.5,25.9,23.2,999.32,0.0,2.0,3.0,0.0,,,,,,,,,
Engenho,AcuRite Iris®,2026/07/06 11:30,20.2,72.0,17.7,23.2,25.7,23.0,999.32,0.0,6.0,3.0,0.0,,,,,,,,,
Engenho,AcuRite Iris®,2026/07/06 11:35,20.3,74.0,18.2,23.4,26.0,23.1,999.32,0.0,3.0,3.0,0.0,,,,,,,,,
Engenho,AcuRite Iris®,2026/07/06 11:40,19.4,76.0,17.8,22.5,24.2,22.2,999.32,0.0,5.0,5.0,0.0,,,,,,,,,
Engenho,AcuRite Iris®,2026/07/06 11:45,20.8,72.0,18.3,23.9,26.5,23.6,999.32,0.0,2.0,3.0,0.0,,,,,,,,,
Engenho,AcuRite Iris®,2026/07/06 11:50,20.8,72.0,18.3,23.9,26.5,23.6,999.32,0.0,5.0,3.0,0.0,,,,,,,,,
Engenho,AcuRite Iris®,2026/07/06 11:55,20.9,72.0,18.4,24.1,26.0,23.7,998.98,0.0,6.0,5.0,0.0,,,,,,,,,
Engenho,AcuRite Iris®,2026/07/06 12:00,22.0,71.0,19.2,25.2,28.1,24.8,998.98,0.0,2.0,3.0,0.0,,,,,,,,,
Engenho,AcuRite Iris®,2026/07/06 12:05,22.8,70.0,19.7,26.1,29.2,25.6,998.98,0.0,5.0,3.0,0.0,,,,,,,,,
Engenho,AcuRite Iris®,2026/07/06 12:10,23.7,70.0,20.6,28.1,30.5,26.5,998.98,0.0,3.0,2.0,0.0,,,,,,,,,
Engenho,AcuRite Iris®,2026/07/06 12:15,24.1,67.0,20.2,28.4,30.7,26.9,998.98,0.0,5.0,3.0,0.0,,,,,,,,,
Engenho,AcuRite Iris®,2026/07/06 12:20,24.2,68.0,20.6,28.7,30.3,27.0,998.98,0.0,3.0,5.0,0.0,,,,,,,,,
Engenho,AcuRite Iris®,2026/07/06 12:25,24.1,68.0,20.4,28.5,30.8,26.9,998.65,0.0,0.0,3.0,0.0,,,,,,,,,
Engenho,AcuRite Iris®,2026/07/06 12:30,24.6,67.0,20.7,29.2,31.4,27.4,998.98,0.0,5.0,3.0,0.0,,,,,,,,,
Engenho,AcuRite Iris®,2026/07/06 12:35,22.8,69.0,19.5,26.1,28.4,25.6,998.65,0.0,5.0,5.0,0.0,,,,,,,,,
Engenho,AcuRite Iris®,2026/07/06 12:40,22.5,71.0,19.6,25.7,28.1,25.3,998.65,0.0,5.0,5.0,0.0,,,,,,,,,
Engenho,AcuRite Iris®,2026/07/06 12:45,22.7,71.0,19.8,25.9,29.1,25.5,998.65,0.0,5.0,3.0,0.0,,,,,,,,,
Engenho,AcuRite Iris®,2026/07/06 12:50,24.0,70.0,20.8,28.5,30.9,26.8,998.65,0.0,2.0,2.0,0.0,,,,,,,,,
Engenho,AcuRite Iris®,2026/07/06 12:55,24.1,69.0,20.7,28.6,30.9,26.9,998.65,0.0,3.0,3.0,0.0,,,,,,,,,
Engenho,AcuRite Iris®,2026/07/06 13:00,22.7,71.0,19.8,25.9,28.4,25.5,998.31,0.0,2.0,5.0,0.0,,,,,,,,,
Engenho,AcuRite Iris®,2026/07/06 13:05,24.3,68.0,20.7,28.9,31.1,27.1,998.31,0.0,3.0,3.0,0.0,,,,,,,,,
Engenho,AcuRite Iris®,2026/07/06 13:10,24.6,68.0,20.9,29.3,31.6,27.4,998.31,0.0,8.0,3.0,0.0,,,,,,,,,
Engenho,AcuRite Iris®,2026/07/06 13:15,23.7,68.0,20.1,27.9,29.6,26.5,998.31,0.0,5.0,5.0,0.0,,,,,,,,,
Engenho,AcuRite Iris®,2026/07/06 13:20,23.3,70.0,20.2,27.4,29.2,26.1,998.31,0.0,3.0,5.0,0.0,,,,,,,,,
Engenho,AcuRite Iris®,2026/07/06 13:25,23.9,68.0,20.3,28.3,30.6,26.7,998.31,0.0,6.0,3.0,0.0,,,,,,,,,
Engenho,AcuRite Iris®,2026/07/06 13:30,22.6,71.0,19.7,25.8,28.3,25.4,998.31,0.0,3.0,5.0,0.0,,,,,,,,,
Engenho,AcuRite Iris®,2026/07/06 13:35,24.2,67.0,20.3,28.6,30.8,27.0,998.31,0.0,10.0,3.0,0.0,,,,,,,,,
Engenho,AcuRite Iris®,2026/07/06 13:40,21.7,72.0,19.1,24.9,27.1,24.5,997.97,0.0,6.0,5.0,0.0,,,,,,,,,
Engenho,AcuRite Iris®,2026/07/06 13:45,22.8,71.0,19.9,26.1,29.3,25.6,998.31,0.0,5.0,3.0,0.0,,,,,,,,,
Engenho,AcuRite Iris®,2026/07/06 13:50,23.5,70.0,20.3,27.7,30.2,26.3,997.97,0.0,5.0,3.0,0.0,,,,,,,,,
Engenho,AcuRite Iris®,2026/07/06 13:55,23.0,70.0,19.9,27.0,29.4,25.8,997.97,0.0,6.0,3.0,0.0,,,,,,,,,
Engenho,AcuRite Iris®,2026/07/06 14:00,21.8,72.0,19.2,25.0,27.2,24.6,997.97,0.0,5.0,5.0,0.0,,,,,,,,,
Engenho,AcuRite Iris®,2026/07/06 14:05,20.9,73.0,18.6,24.1,26.1,23.7,997.97,0.0,5.0,5.0,0.0,,,,,,,,,
Engenho,AcuRite Iris®,2026/07/06 14:10,20.6,73.0,18.3,23.7,26.3,23.4,997.97,0.0,3.0,3.0,0.0,,,,,,,,,
Engenho,AcuRite Iris®,2026/07/06 14:15,20.5,74.0,18.4,23.6,26.2,23.3,998.31,0.0,5.0,3.0,0.0,,,,,,,,,
Engenho,AcuRite Iris®,2026/07/06 14:20,20.5,74.0,18.4,23.6,26.2,23.3,997.97,0.0,3.0,3.0,0.0,,,,,,,,,
Engenho,AcuRite Iris®,2026/07/06 14:25,21.9,71.0,19.1,25.1,28.0,24.7,998.31,0.0,5.0,2.0,0.0,,,,,,,,,
Engenho,AcuRite Iris®,2026/07/06 14:30,22.0,71.0,19.2,25.2,28.1,24.8,998.31,0.0,2.0,2.0,0.0,,,,,,,,,
Engenho,AcuRite Iris®,2026/07/06 14:35,20.7,73.0,18.4,23.8,26.4,23.5,998.31,0.0,5.0,3.0,0.0,,,,,,,,,
Engenho,AcuRite Iris®,2026/07/06 14:40,21.6,71.0,18.8,24.7,27.5,24.4,998.31,0.0,0.0,2.0,0.0,,,,,,,,,
Engenho,AcuRite Iris®,2026/07/06 14:45,22.3,71.0,19.4,25.6,28.6,25.1,998.31,0.0,0.0,0.0,0.0,,,,,,,,,
Engenho,AcuRite Iris®,2026/07/06 14:50,23.2,70.0,20.1,27.3,29.7,26.0,998.31,0.0,0.0,0.0,23.0,,,,,,,,,
Engenho,AcuRite Iris®,2026/07/06 14:55,20.1,74.0,18.0,23.2,25.7,22.9,998.31,0.0,0.0,0.0,113.0,,,,,,,,,
Engenho,AcuRite Iris®,2026/07/06 15:00,21.3,72.0,18.7,24.4,27.2,24.1,998.31,0.0,0.0,0.0,113.0,,,,,,,,,
Engenho,AcuRite Iris®,2026/07/06 15:05,20.2,74.0,18.1,23.3,25.8,23.0,998.31,0.0,0.0,0.0,113.0,,,,,,,,,
Engenho,AcuRite Iris®,2026/07/06 15:10,20.9,72.0,18.4,24.1,26.7,23.7,998.31,0.0,0.0,0.0,113.0,,,,,,,,,
Engenho,AcuRite Iris®,2026/07/06 15:15,20.3,74.0,18.2,23.4,26.0,23.1,998.31,0.0,0.0,0.0,113.0,,,,,,,,,
Engenho,AcuRite Iris®,2026/07/06 15:20,20.8,73.0,18.5,23.9,26.6,23.6,998.31,0.0,0.0,0.0,113.0,,,,,,,,,
Engenho,AcuRite Iris®,2026/07/06 15:25,20.0,74.0,17.9,23.1,25.5,22.8,998.31,0.0,0.0,0.0,113.0,,,,,,,,,
Engenho,AcuRite Iris®,2026/07/06 15:30,18.9,76.0,17.3,21.9,24.2,21.7,998.65,0.0,0.0,0.0,113.0,,,,,,,,,
Engenho,AcuRite Iris®,2026/07/06 15:35,20.1,74.0,18.0,23.2,25.7,22.9,998.65,0.0,0.0,0.0,113.0,,,,,,,,,
Engenho,AcuRite Iris®,2026/07/06 15:40,19.7,75.0,17.8,22.8,25.2,22.5,998.31,0.0,0.0,0.0,113.0,,,,,,,,,
Engenho,AcuRite Iris®,2026/07/06 15:45,20.9,72.0,18.4,24.1,26.7,23.7,998.65,0.0,0.0,0.0,113.0,,,,,,,,,
Engenho,AcuRite Iris®,2026/07/06 15:50,21.6,71.0,18.8,24.7,27.5,24.4,998.65,0.0,0.0,0.0,113.0,,,,,,,,,
Engenho,AcuRite Iris®,2026/07/06 15:55,20.9,72.0,18.4,24.1,26.7,23.7,998.31,0.0,0.0,0.0,113.0,,,,,,,,,
Engenho,AcuRite Iris®,2026/07/06 16:00,21.5,71.0,18.7,24.6,27.4,24.3,998.65,0.0,0.0,0.0,113.0,,,,,,,,,
Engenho,AcuRite Iris®,2026/07/06 16:05,21.5,71.0,18.7,24.6,27.4,24.3,998.65,0.0,0.0,0.0,113.0,,,,,,,,,
Engenho,AcuRite Iris®,2026/07/06 19:40,20.1,75.0,18.2,23.2,25.8,22.9,1019.3,0.0,3.0,2.0,293.0,,,,,,,,,
Engenho,AcuRite Iris®,2026/07/06 19:45,18.7,79.0,17.7,21.8,24.2,21.5,1019.3,0.0,3.0,3.0,23.0,,,,,,,,,
Engenho,AcuRite Iris®,2026/07/06 19:50,18.7,80.0,17.9,21.8,24.3,21.5,1019.3,0.0,2.0,3.0,90.0,,,,,,,,,
Engenho,AcuRite Iris®,2026/07/06 19:55,18.9,79.0,17.9,22.0,24.5,21.7,1019.3,0.0,2.0,2.0,90.0,,,,,,,,,
Engenho,AcuRite Iris®,2026/07/06 20:00,18.9,79.0,17.9,22.0,24.5,21.7,1019.3,0.0,5.0,2.0,90.0,,,,,,,,,
Engenho,AcuRite Iris®,2026/07/06 20:05,19.1,79.0,18.1,22.2,24.7,21.9,1019.64,0.0,0.0,0.0,90.0,,,,,,,,,
Engenho,AcuRite Iris®,2026/07/06 20:10,18.7,80.0,17.9,21.8,24.3,21.5,1019.64,0.0,5.0,2.0,90.0,,,,,,,,,
Engenho,AcuRite Iris®,2026/07/06 20:15,18.7,80.0,17.9,21.8,24.3,21.5,1019.64,0.0,0.0,2.0,90.0,,,,,,,,,
Engenho,AcuRite Iris®,2026/07/06 20:20,18.3,82.0,17.9,21.4,23.9,21.1,1019.64,0.0,0.0,2.0,90.0,,,,,,,,,
Engenho,AcuRite Iris®,2026/07/06 20:25,18.1,82.0,17.7,21.2,23.6,20.9,1019.64,0.0,3.0,3.0,90.0,,,,,,,,,
Engenho,AcuRite Iris®,2026/07/06 20:30,18.5,82.0,18.1,21.6,24.1,21.3,1019.64,0.0,5.0,2.0,90.0,,,,,,,,,
Engenho,AcuRite Iris®,2026/07/06 20:35,18.5,81.0,17.9,21.6,24.0,21.3,1019.64,0.0,5.0,2.0,90.0,,,,,,,,,
Engenho,AcuRite Iris®,2026/07/06 20:40,17.9,83.0,17.7,21.0,23.4,20.7,1019.64,0.0,5.0,3.0,45.0,,,,,,,,,
Engenho,AcuRite Iris®,2026/07/06 20:45,18.2,82.0,17.8,21.3,23.7,21.0,1019.64,0.0,0.0,2.0,68.0,,,,,,,,,
Engenho,AcuRite Iris®,2026/07/06 20:50,18.6,81.0,18.0,21.7,24.2,21.4,1019.64,0.0,3.0,2.0,68.0,,,,,,,,,
Engenho,AcuRite Iris®,2026/07/06 20:55,18.0,82.0,17.6,21.1,23.4,20.8,1019.64,0.0,3.0,3.0,68.0,,,,,,,,,
Engenho,AcuRite Iris®,2026/07/06 21:00,18.4,82.0,18.0,21.6,24.0,21.2,1019.64,0.0,2.0,2.0,68.0,,,,,,,,,
Engenho,AcuRite Iris®,2026/07/06 21:05,18.5,82.0,18.1,21.6,24.1,21.3,1019.64,0.0,0.0,2.0,68.0,,,,,,,,,
Engenho,AcuRite Iris®,2026/07/06 21:10,18.7,81.0,18.1,21.8,24.3,21.5,1019.64,0.0,0.0,0.0,68.0,,,,,,,,,
Engenho,AcuRite Iris®,2026/07/06 21:15,18.9,80.0,18.1,22.1,24.6,21.7,1019.64,0.0,0.0,0.0,68.0,,,,,,,,,
Engenho,AcuRite Iris®,2026/07/06 21:20,19.0,80.0,18.2,22.1,24.7,21.8,1019.64,0.0,0.0,0.0,68.0,,,,,,,,,
Engenho,AcuRite Iris®,2026/07/06 21:25,19.1,79.0,18.1,22.2,24.7,21.9,1019.64,0.0,0.0,0.0,68.0,,,,,,,,,
Engenho,AcuRite Iris®,2026/07/06 21:30,19.3,79.0,18.3,22.4,25.1,22.1,1019.64,0.0,0.0,0.0,68.0,,,,,,,,,
Engenho,AcuRite Iris®,2026/07/06 21:35,18.9,79.0,17.9,22.0,24.5,21.7,1019.64,0.0,0.0,0.0,68.0,,,,,,,,,
Engenho,AcuRite Iris®,2026/07/06 21:40,18.8,79.0,17.8,21.9,24.3,21.6,1019.64,0.0,0.0,0.0,68.0,,,,,,,,,
Engenho,AcuRite Iris®,2026/07/06 21:45,18.8,80.0,18.0,21.9,24.4,21.6,1019.64,0.0,0.0,0.0,68.0,,,,,,,,,
Engenho,AcuRite Iris®,2026/07/06 21:50,18.7,80.0,17.9,21.8,24.3,21.5,1019.64,0.0,2.0,0.0,68.0,,,,,,,,,
Engenho,AcuRite Iris®,2026/07/06 21:55,19.1,79.0,18.1,22.2,24.7,21.9,1019.64,0.0,0.0,0.0,68.0,,,,,,,,,
Engenho,AcuRite Iris®,2026/07/06 22:00,19.2,79.0,18.2,22.3,24.9,22.0,1019.98,0.0,0.0,0.0,68.0,,,,,,,,,
Engenho,AcuRite Iris®,2026/07/06 22:05,19.4,78.0,18.2,22.6,25.1,22.2,1019.64,0.0,0.0,0.0,68.0,,,,,,,,,
Engenho,AcuRite Iris®,2026/07/06 22:10,19.0,79.0,17.9,22.1,24.6,21.8,1019.64,0.0,0.0,0.0,68.0,,,,,,,,,
Engenho,AcuRite Iris®,2026/07/06 22:15,19.1,80.0,18.3,22.2,24.8,21.9,1019.64,0.0,0.0,0.0,68.0,,,,,,,,,
Engenho,AcuRite Iris®,2026/07/06 22:20,19.2,79.0,18.2,22.3,24.9,22.0,1019.64,0.0,0.0,0.0,68.0,,,,,,,,,
Engenho,AcuRite Iris®,2026/07/06 22:25,19.5,78.0,18.3,22.6,25.2,22.3,1019.98,0.0,0.0,0.0,68.0,,,,,,,,,
Engenho,AcuRite Iris®,2026/07/06 22:30,19.4,78.0,18.2,22.6,25.1,22.2,1019.64,0.0,0.0,0.0,68.0,,,,,,,,,
Engenho,AcuRite Iris®,2026/07/06 22:35,18.9,79.0,17.9,22.0,24.5,21.7,1019.64,0.0,0.0,0.0,68.0,,,,,,,,,
Engenho,AcuRite Iris®,2026/07/06 22:40,19.2,79.0,18.2,22.3,24.9,22.0,1019.98,0.0,0.0,0.0,68.0,,,,,,,,,
Engenho,AcuRite Iris®,2026/07/06 22:45,18.6,81.0,18.0,21.7,24.2,21.4,1019.64,0.0,0.0,0.0,68.0,,,,,,,,,
Engenho,AcuRite Iris®,2026/07/06 22:50,18.6,81.0,18.0,21.7,24.2,21.4,1019.64,0.0,0.0,0.0,68.0,,,,,,,,,
Engenho,AcuRite Iris®,2026/07/06 22:55,19.0,80.0,18.2,22.1,24.7,21.8,1019.64,0.0,0.0,0.0,68.0,,,,,,,,,
Engenho,AcuRite Iris®,2026/07/06 23:00,18.9,80.0,18.1,22.1,24.6,21.7,1019.64,0.0,0.0,0.0,68.0,,,,,,,,,
Engenho,AcuRite Iris®,2026/07/06 23:05,19.1,80.0,18.3,22.2,24.8,21.9,1019.98,0.0,0.0,0.0,68.0,,,,,,,,,
Engenho,AcuRite Iris®,2026/07/06 23:10,18.7,80.0,17.9,21.8,24.3,21.5,1019.64,0.0,0.0,0.0,68.0,,,,,,,,,
Engenho,AcuRite Iris®,2026/07/06 23:15,18.5,81.0,17.9,21.6,24.0,21.3,1019.98,0.0,2.0,0.0,68.0,,,,,,,,,
Engenho,AcuRite Iris®,2026/07/06 23:20,18.7,81.0,18.1,21.8,24.3,21.5,1019.98,0.0,0.0,0.0,68.0,,,,,,,,,
Engenho,AcuRite Iris®,2026/07/06 23:25,19.1,80.0,18.3,22.2,24.8,21.9,1019.98,0.0,0.0,0.0,68.0,,,,,,,,,
Engenho,AcuRite Iris®,2026/07/06 23:30,19.1,80.0,18.3,22.2,24.8,21.9,1019.98,0.0,0.0,0.0,68.0,,,,,,,,,
Engenho,AcuRite Iris®,2026/07/06 23:35,19.4,79.0,18.4,22.6,25.2,22.2,1019.64,0.0,0.0,0.0,68.0,,,,,,,,,
Engenho,AcuRite Iris®,2026/07/06 23:40,19.5,78.0,18.3,22.6,25.2,22.3,1019.64,0.0,0.0,0.0,68.0,,,,,,,,,
Engenho,AcuRite Iris®,2026/07/06 23:45,19.5,78.0,18.3,22.6,25.2,22.3,1019.98,0.0,0.0,0.0,68.0,,,,,,,,,
Engenho,AcuRite Iris®,2026/07/06 23:50,19.5,78.0,18.3,22.6,25.2,22.3,1019.64,0.0,0.0,0.0,68.0,,,,,,,,,
Engenho,AcuRite Iris®,2026/07/06 23:55,19.7,78.0,18.4,22.8,25.5,22.5,1019.64,0.0,0.0,0.0,68.0,,,,,,,,,
Engenho,AcuRite Iris®,2026/08/06 00:00,19.6,78.0,18.3,22.7,25.3,22.4,1019.64,0.0,0.0,0.0,68.0,,,,,,,,,
Engenho,AcuRite Iris®,2026/08/06 00:05,18.6,81.0,18.0,21.7,24.2,21.4,1019.98,0.0,0.0,0.0,68.0,,,,,,,,,
Engenho,AcuRite Iris®,2026/08/06 00:10,18.2,82.0,17.8,21.3,23.7,21.0,1019.64,0.0,0.0,0.0,68.0,,,,,,,,,
Engenho,AcuRite Iris®,2026/08/06 00:15,18.5,82.0,18.1,21.6,24.1,21.3,1019.64,0.0,0.0,0.0,68.0,,,,,,,,,
Engenho,AcuRite Iris®,2026/08/06 00:20,18.6,81.0,18.0,21.7,24.2,21.4,1019.64,0.0,2.0,0.0,68.0,,,,,,,,,
Engenho,AcuRite Iris®,2026/08/06 00:25,18.6,81.0,18.0,21.7,24.2,21.4,1019.64,0.0,0.0,0.0,68.0,,,,,,,,,
Engenho,AcuRite Iris®,2026/08/06 00:30,18.9,81.0,18.3,22.1,24.7,21.7,1019.64,0.0,0.0,0.0,68.0,,,,,,,,,
Engenho,AcuRite Iris®,2026/08/06 00:35,19.2,80.0,18.4,22.3,24.9,22.0,1019.64,0.0,0.0,0.0,68.0,,,,,,,,,
Engenho,AcuRite Iris®,2026/08/06 00:40,18.9,80.0,18.1,22.1,24.6,21.7,1019.64,0.0,0.0,0.0,68.0,,,,,,,,,
Engenho,AcuRite Iris®,2026/08/06 00:45,18.5,82.0,18.1,21.6,24.1,21.3,1019.98,0.0,0.0,0.0,68.0,,,,,,,,,
Engenho,AcuRite Iris®,2026/08/06 00:50,18.7,82.0,18.3,21.8,24.4,21.5,1019.98,0.0,0.0,0.0,68.0,,,,,,,,,
Engenho,AcuRite Iris®,2026/08/06 00:55,18.9,82.0,18.5,22.1,24.7,21.7,1019.64,0.0,0.0,0.0,68.0,,,,,,,,,
Engenho,AcuRite Iris®,2026/08/06 01:00,18.8,82.0,18.4,21.9,24.6,21.6,1019.64,0.0,0.0,0.0,68.0,,,,,,,,,
Engenho,AcuRite Iris®,2026/08/06 01:05,18.6,83.0,18.4,21.8,24.3,21.4,1019.64,0.0,0.0,0.0,68.0,,,,,,,,,
Engenho,AcuRite Iris®,2026/08/06 01:10,18.9,82.0,18.5,22.1,24.7,21.7,1019.64,0.0,0.0,0.0,68.0,,,,,,,,,
Engenho,AcuRite Iris®,2026/08/06 01:15,18.7,84.0,18.7,21.9,24.6,21.5,1019.64,0.0,0.0,0.0,68.0,,,,,,,,,
Engenho,AcuRite Iris®,2026/08/06 01:20,18.9,83.0,18.7,22.1,24.8,21.7,1019.64,0.0,0.0,0.0,68.0,,,,,,,,,
Engenho,AcuRite Iris®,2026/08/06 01:25,18.4,84.0,18.4,21.6,24.2,21.2,1019.3,0.0,0.0,0.0,68.0,,,,,,,,,
Engenho,AcuRite Iris®,2026/08/06 01:30,18.2,85.0,18.4,21.4,23.9,21.0,1019.64,0.0,0.0,0.0,68.0,,,,,,,,,
Engenho,AcuRite Iris®,2026/08/06 01:35,17.9,85.0,18.1,21.1,23.6,20.7,1019.64,0.0,0.0,0.0,68.0,,,,,,,,,
Engenho,AcuRite Iris®,2026/08/06 01:40,18.2,85.0,18.4,21.4,23.9,21.0,1019.3,0.0,0.0,0.0,68.0,,,,,,,,,
Engenho,AcuRite Iris®,2026/08/06 01:45,18.3,85.0,18.5,21.5,24.1,21.1,1019.3,0.0,0.0,0.0,68.0,,,,,,,,,
Engenho,AcuRite Iris®,2026/08/06 01:50,18.4,84.0,18.4,21.6,24.2,21.2,1019.3,0.0,0.0,0.0,68.0,,,,,,,,,
Engenho,AcuRite Iris®,2026/08/06 01:55,18.4,84.0,18.4,21.6,24.2,21.2,1019.3,0.0,0.0,0.0,68.0,,,,,,,,,
Engenho,AcuRite Iris®,2026/08/06 02:00,18.2,85.0,18.4,21.4,23.9,21.0,1019.3,0.0,0.0,0.0,68.0,,,,,,,,,
Engenho,AcuRite Iris®,2026/08/06 02:05,18.5,84.0,18.4,21.7,24.3,21.3,1019.3,0.0,0.0,0.0,68.0,,,,,,,,,
Engenho,AcuRite Iris®,2026/08/06 02:10,18.7,83.0,18.5,21.9,24.5,21.5,1018.96,0.0,0.0,0.0,68.0,,,,,,,,,
Engenho,AcuRite Iris®,2026/08/06 02:15,18.8,83.0,18.6,22.0,24.7,21.6,1018.96,0.0,0.0,0.0,68.0,,,,,,,,,
Engenho,AcuRite Iris®,2026/08/06 02:20,18.8,83.0,18.6,22.0,24.7,21.6,1018.96,0.0,0.0,0.0,68.0,,,,,,,,,
Engenho,AcuRite Iris®,2026/08/06 02:25,18.9,82.0,18.5,22.1,24.7,21.7,1018.96,0.0,0.0,0.0,68.0,,,,,,,,,
Engenho,AcuRite Iris®,2026/08/06 02:30,18.9,82.0,18.5,22.1,24.7,21.7,1018.96,0.0,0.0,0.0,68.0,,,,,,,,,
Engenho,AcuRite Iris®,2026/08/06 02:35,18.7,82.0,18.3,21.8,24.4,21.5,1018.96,0.0,0.0,0.0,68.0,,,,,,,,,
Engenho,AcuRite Iris®,2026/08/06 02:40,18.5,83.0,18.3,21.6,24.2,21.3,1018.63,0.0,0.0,0.0,68.0,,,,,,,,,
Engenho,AcuRite Iris®,2026/08/06 02:45,18.5,83.0,18.3,21.6,24.2,21.3,1018.63,0.0,0.0,0.0,68.0,,,,,,,,,
Engenho,AcuRite Iris®,2026/08/06 02:50,18.2,84.0,18.2,21.3,23.9,21.0,1018.63,0.0,2.0,0.0,68.0,,,,,,,,,
Engenho,AcuRite Iris®,2026/08/06 02:55,18.0,85.0,18.2,21.1,23.7,20.8,1018.63,0.0,0.0,0.0,68.0,,,,,,,,,
Engenho,AcuRite Iris®,2026/08/06 03:00,18.1,85.0,18.3,21.3,23.8,20.9,1018.63,0.0,2.0,0.0,68.0,,,,,,,,,
Engenho,AcuRite Iris®,2026/08/06 03:05,17.9,86.0,18.3,21.1,23.7,20.7,1018.63,0.0,0.0,0.0,68.0,,,,,,,,,
Engenho,AcuRite Iris®,2026/08/06 03:10,18.1,86.0,18.4,21.3,23.9,20.9,1018.63,0.0,0.0,0.0,68.0,,,,,,,,,
Engenho,AcuRite Iris®,2026/08/06 03:15,18.3,85.0,18.5,21.5,24.1,21.1,1018.63,0.0,0.0,0.0,68.0,,,,,,,,,
Engenho,AcuRite Iris®,2026/08/06 03:20,18.4,84.0,18.4,21.6,24.2,21.2,1018.63,0.0,0.0,0.0,68.0,,,,,,,,,
Engenho,AcuRite Iris®,2026/08/06 03:25,18.7,83.0,18.5,21.9,24.5,21.5,1018.63,0.0,0.0,0.0,68.0,,,,,,,,,
Engenho,AcuRite Iris®,2026/08/06 03:30,18.6,83.0,18.4,21.8,24.3,21.4,1018.63,0.0,0.0,0.0,68.0,,,,,,,,,
Engenho,AcuRite Iris®,2026/08/06 03:35,18.3,84.0,18.3,21.4,24.1,21.1,1018.63,0.0,0.0,0.0,68.0,,,,,,,,,
Engenho,AcuRite Iris®,2026/08/06 03:40,18.5,84.0,18.4,21.7,24.3,21.3,1018.63,0.0,0.0,0.0,68.0,,,,,,,,,
Engenho,AcuRite Iris®,2026/08/06 03:45,18.6,84.0,18.6,21.8,24.4,21.4,1018.63,0.0,0.0,0.0,68.0,,,,,,,,,
Engenho,AcuRite Iris®,2026/08/06 03:50,18.5,84.0,18.4,21.7,24.3,21.3,1018.63,0.0,0.0,0.0,68.0,,,,,,,,,
Engenho,AcuRite Iris®,2026/08/06 03:55,18.8,83.0,18.6,22.0,24.7,21.6,1018.63,0.0,0.0,0.0,68.0,,,,,,,,,
Engenho,AcuRite Iris®,2026/08/06 04:00,18.8,83.0,18.6,22.0,24.7,21.6,1018.63,0.0,0.0,0.0,68.0,,,,,,,,,
Engenho,AcuRite Iris®,2026/08/06 04:05,18.2,85.0,18.4,21.4,23.9,21.0,1018.63,0.0,0.0,0.0,68.0,,,,,,,,,
Engenho,AcuRite Iris®,2026/08/06 04:10,18.0,85.0,18.2,21.1,23.7,20.8,1018.63,0.0,3.0,0.0,68.0,,,,,,,,,
Engenho,AcuRite Iris®,2026/08/06 04:15,17.7,86.0,18.1,20.8,23.3,20.5,1018.63,0.0,2.0,2.0,68.0,,,,,,,,,
Engenho,AcuRite Iris®,2026/08/06 04:20,17.8,86.0,18.2,21.0,23.5,20.6,1018.63,0.0,3.0,2.0,68.0,,,,,,,,,
Engenho,AcuRite Iris®,2026/08/06 04:25,17.7,86.0,18.1,20.8,23.3,20.5,1018.63,0.0,2.0,2.0,68.0,,,,,,,,,
Engenho,AcuRite Iris®,2026/08/06 04:30,17.8,86.0,18.2,21.0,23.5,20.6,1018.63,0.0,2.0,0.0,68.0,,,,,,,,,
Engenho,AcuRite Iris®,2026/08/06 04:35,17.7,86.0,18.1,20.8,23.3,20.5,1018.63,0.0,2.0,0.0,68.0,,,,,,,,,
Engenho,AcuRite Iris®,2026/08/06 04:40,17.9,86.0,18.3,21.1,23.7,20.7,1018.63,0.0,0.0,0.0,68.0,,,,,,,,,
Engenho,AcuRite Iris®,2026/08/06 04:45,18.2,85.0,18.4,21.4,23.9,21.0,1018.63,0.0,0.0,0.0,68.0,,,,,,,,,
Engenho,AcuRite Iris®,2026/08/06 04:50,17.9,85.0,18.1,21.1,23.6,20.7,1018.63,0.0,2.0,0.0,68.0,,,,,,,,,
Engenho,AcuRite Iris®,2026/08/06 04:55,17.8,86.0,18.2,21.0,23.5,20.6,1018.96,0.0,2.0,0.0,68.0,,,,,,,,,
Engenho,AcuRite Iris®,2026/08/06 05:00,17.9,86.0,18.3,21.1,23.7,20.7,1018.63,0.0,0.0,0.0,68.0,,,,,,,,,
Engenho,AcuRite Iris®,2026/08/06 05:05,17.9,86.0,18.3,21.1,23.7,20.7,1018.96,0.0,0.0,0.0,68.0,,,,,,,,,
Engenho,AcuRite Iris®,2026/08/06 05:10,18.1,86.0,18.4,21.3,23.9,20.9,1018.63,0.0,0.0,0.0,68.0,,,,,,,,,
Engenho,AcuRite Iris®,2026/08/06 05:15,18.1,86.0,18.4,21.3,23.9,20.9,1018.63,0.0,0.0,0.0,68.0,,,,,,,,,
Engenho,AcuRite Iris®,2026/08/06 05:20,18.5,84.0,18.4,21.7,24.3,21.3,1018.63,0.0,0.0,0.0,68.0,,,,,,,,,
Engenho,AcuRite Iris®,2026/08/06 05:25,18.7,83.0,18.5,21.9,24.5,21.5,1018.63,0.0,0.0,0.0,68.0,,,,,,,,,
Engenho,AcuRite Iris®,2026/08/06 05:30,18.2,84.0,18.2,21.3,23.9,21.0,1018.63,0.0,0.0,0.0,68.0,,,,,,,,,
Engenho,AcuRite Iris®,2026/08/06 05:35,18.2,85.0,18.4,21.4,23.9,21.0,1018.29,0.0,0.0,0.0,68.0,,,,,,,,,
Engenho,AcuRite Iris®,2026/08/06 05:40,17.9,85.0,18.1,21.1,23.6,20.7,1018.63,0.0,0.0,0.0,68.0,,,,,,,,,
Engenho,AcuRite Iris®,2026/08/06 05:45,18.0,85.0,18.2,21.1,23.7,20.8,1018.63,0.0,0.0,0.0,68.0,,,,,,,,,
Engenho,AcuRite Iris®,2026/08/06 05:50,17.8,85.0,18.0,20.9,23.4,20.6,1018.63,0.0,0.0,0.0,68.0,,,,,,,,,
Engenho,AcuRite Iris®,2026/08/06 05:55,18.0,85.0,18.2,21.1,23.7,20.8,1018.63,0.0,0.0,0.0,68.0,,,,,,,,,
Engenho,AcuRite Iris®,2026/08/06 06:00,17.4,86.0,17.8,20.6,22.9,20.2,1018.29,0.0,2.0,2.0,68.0,,,,,,,,,
Engenho,AcuRite Iris®,2026/08/06 06:05,17.6,86.0,17.9,20.7,23.2,20.4,1018.29,0.0,0.0,0.0,68.0,,,,,,,,,
Engenho,AcuRite Iris®,2026/08/06 06:10,17.8,85.0,18.0,20.9,23.4,20.6,1018.29,0.0,0.0,0.0,68.0,,,,,,,,,
Engenho,AcuRite Iris®,2026/08/06 06:15,17.5,86.0,17.8,20.6,23.0,20.3,1018.29,0.0,0.0,0.0,68.0,,,,,,,,,
Engenho,AcuRite Iris®,2026/08/06 06:20,17.7,86.0,18.1,20.8,23.3,20.5,1018.29,0.0,0.0,0.0,68.0,,,,,,,,,
Engenho,AcuRite Iris®,2026/08/06 06:25,17.7,86.0,18.1,20.8,23.3,20.5,1018.63,0.0,0.0,0.0,68.0,,,,,,,,,
Engenho,AcuRite Iris®,2026/08/06 06:30,17.6,85.0,17.8,20.7,23.1,20.4,1018.63,0.0,0.0,0.0,68.0,,,,,,,,,
Engenho,AcuRite Iris®,2026/08/06 06:35,17.7,85.0,17.9,20.8,23.2,20.5,1018.63,0.0,0.0,0.0,68.0,,,,,,,,,
Engenho,AcuRite Iris®,2026/08/06 06:40,17.8,85.0,18.0,20.9,23.4,20.6,1018.63,0.0,0.0,0.0,68.0,,,,,,,,,
Engenho,AcuRite Iris®,2026/08/06 06:45,17.4,86.0,17.8,20.6,22.9,20.2,1018.63,0.0,2.0,0.0,68.0,,,,,,,,,
Engenho,AcuRite Iris®,2026/08/06 06:50,17.4,86.0,17.8,20.6,22.9,20.2,1018.63,0.0,0.0,2.0,68.0,,,,,,,,,
Engenho,AcuRite Iris®,2026/08/06 06:55,17.9,84.0,17.9,21.1,23.5,20.7,1018.63,0.0,0.0,0.0,68.0,,,,,,,,,
Engenho,AcuRite Iris®,2026/08/06 07:00,17.9,84.0,17.9,21.1,23.5,20.7,1018.63,0.0,0.0,0.0,68.0,,,,,,,,,
Engenho,AcuRite Iris®,2026/08/06 07:05,17.6,85.0,17.8,20.7,23.1,20.4,1018.63,0.0,0.0,0.0,68.0,,,,,,,,,
Engenho,AcuRite Iris®,2026/08/06 07:10,17.8,84.0,17.8,20.9,23.3,20.6,1018.63,0.0,0.0,0.0,68.0,,,,,,,,,
Engenho,AcuRite Iris®,2026/08/06 07:15,17.7,84.0,17.7,20.8,23.2,20.5,1018.63,0.0,0.0,0.0,68.0,,,,,,,,,
Engenho,AcuRite Iris®,2026/08/06 07:20,17.8,84.0,17.8,20.9,23.3,20.6,1018.63,0.0,0.0,0.0,68.0,,,,,,,,,
Engenho,AcuRite Iris®,2026/08/06 07:25,17.6,84.0,17.6,20.7,23.0,20.4,1018.63,0.0,0.0,0.0,68.0,,,,,,,,,
Engenho,AcuRite Iris®,2026/08/06 07:30,17.3,85.0,17.5,20.4,22.7,20.1,1018.63,0.0,0.0,0.0,68.0,,,,,,,,,
Engenho,AcuRite Iris®,2026/08/06 07:35,17.4,85.0,17.6,20.5,22.8,20.2,1018.96,0.0,0.0,0.0,68.0,,,,,,,,,
Engenho,AcuRite Iris®,2026/08/06 07:40,17.5,85.0,17.7,20.6,22.9,20.3,1018.96,0.0,0.0,0.0,68.0,,,,,,,,,
Engenho,AcuRite Iris®,2026/08/06 07:45,17.7,84.0,17.7,20.8,23.2,20.5,1018.96,0.0,0.0,0.0,68.0,,,,,,,,,
Engenho,AcuRite Iris®,2026/08/06 07:50,17.7,84.0,17.7,20.8,23.2,20.5,1018.96,0.0,0.0,0.0,68.0,,,,,,,,,
Engenho,AcuRite Iris®,2026/08/06 07:55,17.4,85.0,17.6,20.5,22.8,20.2,1018.96,0.0,2.0,0.0,68.0,,,,,,,,,
Engenho,AcuRite Iris®,2026/08/06 08:00,18.0,84.0,17.9,21.1,23.6,20.8,1018.96,0.0,0.0,0.0,68.0,,,,,,,,,
Engenho,AcuRite Iris®,2026/08/06 08:05,18.0,83.0,17.8,21.1,23.5,20.8,1018.96,0.0,0.0,0.0,68.0,,,,,,,,,
Engenho,AcuRite Iris®,2026/08/06 08:10,18.5,82.0,18.1,21.6,24.1,21.3,1018.96,0.0,0.0,0.0,68.0,,,,,,,,,
Engenho,AcuRite Iris®,2026/08/06 08:15,18.8,81.0,18.2,21.9,24.5,21.6,1018.96,0.0,0.0,0.0,68.0,,,,,,,,,
Engenho,AcuRite Iris®,2026/08/06 08:20,19.1,80.0,18.3,22.2,24.8,21.9,1018.96,0.0,0.0,0.0,68.0,,,,,,,,,
Engenho,AcuRite Iris®,2026/08/06 08:25,19.5,79.0,18.4,22.6,25.3,22.3,1018.96,0.0,0.0,0.0,68.0,,,,,,,,,
Engenho,AcuRite Iris®,2026/08/06 08:30,19.6,78.0,18.3,22.7,25.3,22.4,1018.96,0.0,0.0,0.0,68.0,,,,,,,,,
Engenho,AcuRite Iris®,2026/08/06 08:35,19.8,78.0,18.6,22.9,25.7,22.6,1018.96,0.0,0.0,0.0,68.0,,,,,,,,,
Engenho,AcuRite Iris®,2026/08/06 08:40,20.0,77.0,18.6,23.1,25.8,22.8,1018.96,0.0,0.0,0.0,68.0,,,,,,,,,
Engenho,AcuRite Iris®,2026/08/06 08:45,20.6,77.0,19.1,23.8,26.7,23.4,1019.3,0.0,0.0,0.0,68.0,,,,,,,,,
Engenho,AcuRite Iris®,2026/08/06 08:50,20.9,75.0,19.0,24.1,26.9,23.7,1019.3,0.0,0.0,0.0,68.0,,,,,,,,,
Engenho,AcuRite Iris®,2026/08/06 08:55,22.0,71.0,19.2,25.2,28.1,24.8,1018.96,0.0,5.0,0.0,68.0,,,,,,,,,
Engenho,AcuRite Iris®,2026/08/06 09:00,22.6,69.0,19.3,25.8,28.7,25.4,1019.3,0.0,0.0,0.0,68.0,,,,,,,,,
Engenho,AcuRite Iris®,2026/08/06 09:05,23.0,69.0,19.7,26.9,29.3,25.8,1019.3,0.0,2.0,0.0,23.0,,,,,,,,,
Engenho,AcuRite Iris®,2026/08/06 09:10,23.2,68.0,19.6,27.2,29.5,26.0,1019.3,0.0,2.0,2.0,23.0,,,,,,,,,
Engenho,AcuRite Iris®,2026/08/06 09:15,23.5,68.0,19.9,27.6,29.9,26.3,1019.3,0.0,3.0,2.0,23.0,,,,,,,,,
Engenho,AcuRite Iris®,2026/08/06 09:20,23.8,68.0,20.2,28.1,30.4,26.6,1019.3,0.0,2.0,2.0,23.0,,,,,,,,,
Engenho,AcuRite Iris®,2026/08/06 09:25,23.5,68.0,19.9,27.6,29.9,26.3,1018.96,0.0,2.0,2.0,23.0,,,,,,,,,
Engenho,AcuRite Iris®,2026/08/06 09:30,23.7,68.0,20.1,27.9,30.2,26.5,1019.3,0.0,2.0,2.0,23.0,,,,,,,,,
Engenho,AcuRite Iris®,2026/08/06 09:35,21.9,71.0,19.1,25.1,28.0,24.7,1019.3,0.0,3.0,2.0,0.0,,,,,,,,,
Engenho,AcuRite Iris®,2026/08/06 09:40,21.7,72.0,19.1,24.9,27.8,24.5,1019.3,0.0,3.0,0.0,0.0,,,,,,,,,
Engenho,AcuRite Iris®,2026/08/06 09:45,22.6,69.0,19.3,25.8,28.7,25.4,1019.3,0.0,2.0,2.0,0.0,,,,,,,,,
Engenho,AcuRite Iris®,2026/08/06 09:50,22.2,70.0,19.1,25.4,28.3,25.0,1019.3,0.0,0.0,0.0,0.0,,,,,,,,,
Engenho,AcuRite Iris®,2026/08/06 09:55,20.1,74.0,18.0,23.2,25.7,22.9,1019.3,0.0,0.0,0.0,0.0,,,,,,,,,
Engenho,AcuRite Iris®,2026/08/06 10:00,20.4,74.0,18.3,23.6,26.2,23.2,1019.3,0.0,2.0,3.0,270.0,,,,,,,,,
Engenho,AcuRite Iris®,2026/08/06 10:05,20.4,74.0,18.3,23.6,26.2,23.2,1018.96,0.0,2.0,0.0,270.0,,,,,,,,,
Engenho,AcuRite Iris®,2026/08/06 10:10,20.7,74.0,18.6,23.8,26.6,23.5,1018.96,0.0,0.0,2.0,270.0,,,,,,,,,
Engenho,AcuRite Iris®,2026/08/06 10:15,20.5,75.0,18.6,23.6,26.3,23.3,1018.96,0.0,3.0,2.0,270.0,,,,,,,,,
Engenho,AcuRite Iris®,2026/08/06 10:20,21.1,74.0,18.9,24.3,27.1,23.9,1018.96,0.0,3.0,0.0,270.0,,,,,,,,,
Engenho,AcuRite Iris®,2026/08/06 10:25,21.1,73.0,18.7,24.2,27.0,23.9,1018.96,0.0,2.0,2.0,293.0,,,,,,,,,
Engenho,AcuRite Iris®,2026/08/06 10:30,21.5,71.0,18.7,24.6,27.4,24.3,1018.96,0.0,5.0,2.0,293.0,,,,,,,,,
Engenho,AcuRite Iris®,2026/08/06 10:35,21.6,70.0,18.6,24.7,27.4,24.4,1018.96,0.0,6.0,2.0,0.0,,,,,,,,,
Engenho,AcuRite Iris®,2026/08/06 10:40,21.7,71.0,18.9,24.8,27.7,24.5,1018.96,0.0,3.0,2.0,0.0,,,,,,,,,
Engenho,AcuRite Iris®,2026/08/06 10:45,21.4,71.0,18.6,24.6,27.3,24.2,1018.96,0.0,3.0,2.0,0.0,,,,,,,,,
Engenho,AcuRite Iris®,2026/08/06 10:50,21.5,71.0,18.7,24.6,27.4,24.3,1018.96,0.0,5.0,2.0,0.0,,,,,,,,,
Engenho,AcuRite Iris®,2026/08/06 10:55,23.3,67.0,19.5,27.3,29.6,26.1,1018.63,0.0,6.0,2.0,270.0,,,,,,,,,
Engenho,AcuRite Iris®,2026/08/06 11:00,23.4,67.0,19.6,27.5,29.7,26.2,1018.96,0.0,6.0,3.0,293.0,,,,,,,,,
Engenho,AcuRite Iris®,2026/08/06 11:05,23.0,67.0,19.2,26.9,29.1,25.8,1018.63,0.0,6.0,3.0,293.0,,,,,,,,,
Engenho,AcuRite Iris®,2026/08/06 11:10,20.8,71.0,18.1,23.9,26.4,23.6,1018.63,0.0,5.0,3.0,293.0,,,,,,,,,
Engenho,AcuRite Iris®,2026/08/06 11:15,20.9,71.0,18.2,24.0,25.9,23.7,1018.29,0.0,8.0,5.0,293.0,,,,,,,,,
Engenho,AcuRite Iris®,2026/08/06 11:20,21.3,71.0,18.5,24.4,27.1,24.1,1018.29,0.0,3.0,3.0,293.0,,,,,,,,,
Engenho,AcuRite Iris®,2026/08/06 11:25,21.5,70.0,18.4,24.6,27.3,24.3,1017.95,0.0,2.0,3.0,293.0,,,,,,,,,
Engenho,AcuRite Iris®,2026/08/06 11:30,21.7,71.0,18.9,24.8,27.7,24.5,1017.95,0.0,2.0,3.0,293.0,,,,,,,,,
Engenho,AcuRite Iris®,2026/08/06 11:35,21.8,70.0,18.8,24.9,27.7,24.6,1017.95,0.0,0.0,2.0,270.0,,,,,,,,,
Engenho,AcuRite Iris®,2026/08/06 11:40,21.9,70.0,18.9,25.1,27.9,24.7,1017.95,0.0,6.0,2.0,270.0,,,,,,,,,
Engenho,AcuRite Iris®,2026/08/06 11:45,21.6,70.0,18.6,24.7,26.7,24.4,1017.95,0.0,3.0,5.0,270.0,,,,,,,,,
Engenho,AcuRite Iris®,2026/08/06 11:50,22.1,69.0,18.8,25.2,28.1,24.9,1017.61,0.0,2.0,3.0,270.0,,,,,,,,,
Engenho,AcuRite Iris®,2026/08/06 11:55,22.3,69.0,19.0,25.5,28.3,25.1,1017.61,0.0,3.0,3.0,293.0,,,,,,,,,
Engenho,AcuRite Iris®,2026/08/06 12:00,23.2,67.0,19.4,27.2,29.4,26.0,1017.61,0.0,8.0,3.0,203.0,,,,,,,,,
Engenho,AcuRite Iris®,2026/08/06 12:05,22.1,69.0,18.8,25.2,27.3,24.9,1017.27,0.0,2.0,5.0,180.0,,,,,,,,,
Engenho,AcuRite Iris®,2026/08/06 12:10,22.6,69.0,19.3,25.8,28.7,25.4,1017.27,0.0,5.0,3.0,248.0,,,,,,,,,
Engenho,AcuRite Iris®,2026/08/06 12:15,22.5,69.0,19.2,25.7,28.6,25.3,1016.93,0.0,5.0,3.0,293.0,,,,,,,,,
Engenho,AcuRite Iris®,2026/08/06 12:20,22.8,68.0,19.3,26.0,28.9,25.6,1016.93,0.0,3.0,3.0,248.0,,,,,,,,,
Engenho,AcuRite Iris®,2026/08/06 12:25,22.7,69.0,19.4,25.9,28.9,25.5,1016.93,0.0,6.0,3.0,293.0,,,,,,,,,
Engenho,AcuRite Iris®,2026/08/06 12:30,22.5,70.0,19.4,25.7,28.7,25.3,1016.93,0.0,2.0,3.0,248.0,,,,,,,,,
Engenho,AcuRite Iris®,2026/08/06 12:35,24.5,66.0,20.3,28.9,31.2,27.3,1016.93,0.0,5.0,3.0,270.0,,,,,,,,,
Engenho,AcuRite Iris®,2026/08/06 12:40,24.6,66.0,20.4,29.1,31.3,27.4,1016.93,0.0,2.0,3.0,270.0,,,,,,,,,
Engenho,AcuRite Iris®,2026/08/06 12:45,24.7,65.0,20.3,29.2,31.3,27.5,1016.59,0.0,6.0,3.0,293.0,,,,,,,,,
Engenho,AcuRite Iris®,2026/08/06 12:50,24.0,67.0,20.1,28.3,30.6,26.8,1016.59,0.0,6.0,2.0,293.0,,,,,,,,,
Engenho,AcuRite Iris®,2026/08/06 12:55,24.3,67.0,20.4,28.8,30.3,27.1,1016.59,0.0,3.0,5.0,293.0,,,,,,,,,
Engenho,AcuRite Iris®,2026/08/06 13:00,24.2,66.0,20.1,28.6,30.7,27.0,1016.59,0.0,3.0,3.0,293.0,,,,,,,,,
Engenho,AcuRite Iris®,2026/08/06 13:05,23.9,66.0,19.8,28.1,29.6,26.7,1016.26,0.0,5.0,5.0,248.0,,,,,,,,,
Engenho,AcuRite Iris®,2026/08/06 13:10,24.2,66.0,20.1,28.6,30.1,27.0,1016.26,0.0,10.0,5.0,293.0,,,,,,,,,
Engenho,AcuRite Iris®,2026/08/06 13:15,23.9,66.0,19.8,28.1,29.6,26.7,1016.26,0.0,3.0,5.0,315.0,,,,,,,,,
Engenho,AcuRite Iris®,2026/08/06 13:20,24.3,66.0,20.2,28.7,30.9,27.1,1015.92,0.0,6.0,3.0,270.0,,,,,,,,,
Engenho,AcuRite Iris®,2026/08/06 13:25,23.5,67.0,19.7,27.6,29.1,26.3,1015.92,0.0,5.0,5.0,270.0,,,,,,,,,
Engenho,AcuRite Iris®,2026/08/06 13:30,23.6,67.0,19.8,27.7,29.3,26.4,1015.92,0.0,6.0,5.0,293.0,,,,,,,,,
Engenho,AcuRite Iris®,2026/08/06 13:35,23.5,67.0,19.7,27.6,29.1,26.3,1015.92,0.0,10.0,5.0,270.0,,,,,,,,,
Engenho,AcuRite Iris®,2026/08/06 13:40,23.5,67.0,19.7,27.6,29.1,26.3,1015.92,0.0,5.0,5.0,270.0,,,,,,,,,
Engenho,AcuRite Iris®,2026/08/06 13:45,24.0,67.0,20.1,28.3,30.6,26.8,1015.92,0.0,5.0,3.0,270.0,,,,,,,,,
Engenho,AcuRite Iris®,2026/08/06 13:50,23.2,71.0,20.3,27.3,29.2,26.0,1015.58,0.0,6.0,5.0,315.0,,,,,,,,,
Engenho,AcuRite Iris®,2026/08/06 13:55,23.0,71.0,20.1,27.0,28.8,25.8,1015.58,0.0,6.0,5.0,225.0,,,,,,,,,
Engenho,AcuRite Iris®,2026/08/06 14:00,23.0,71.0,20.1,27.0,29.5,25.8,1015.58,0.0,6.0,3.0,248.0,,,,,,,,,
Engenho,AcuRite Iris®,2026/08/06 14:05,23.0,71.0,20.1,27.0,28.8,25.8,1015.58,0.0,5.0,5.0,203.0,,,,,,,,,
Engenho,AcuRite Iris®,2026/08/06 14:10,22.7,72.0,20.1,26.0,29.2,25.5,1015.58,0.0,5.0,3.0,293.0,,,,,,,,,
Engenho,AcuRite Iris®,2026/08/06 14:15,22.8,71.0,19.9,26.1,29.3,25.6,1015.58,0.0,3.0,3.0,270.0,,,,,,,,,
Engenho,AcuRite Iris®,2026/08/06 14:20,22.9,71.0,20.1,26.9,29.4,25.7,1015.58,0.0,2.0,3.0,248.0,,,,,,,,,
Engenho,AcuRite Iris®,2026/08/06 14:25,22.3,72.0,19.7,25.6,27.9,25.1,1015.58,0.0,6.0,5.0,248.0,,,,,,,,,
Engenho,AcuRite Iris®,2026/08/06 14:30,22.2,72.0,19.6,25.4,27.8,25.0,1015.58,0.0,6.0,5.0,293.0,,,,,,,,,
Engenho,AcuRite Iris®,2026/08/06 14:35,22.3,73.0,19.9,25.6,28.8,25.1,1015.58,0.0,3.0,3.0,293.0,,,,,,,,,
Engenho,AcuRite Iris®,2026/08/06 14:40,22.5,72.0,19.8,25.7,28.9,25.3,1015.58,0.0,6.0,2.0,270.0,,,,,,,,,
Engenho,AcuRite Iris®,2026/08/06 14:45,22.1,72.0,19.5,25.3,28.3,24.9,1015.58,0.0,5.0,3.0,270.0,,,,,,,,,
Engenho,AcuRite Iris®,2026/08/06 14:50,22.2,72.0,19.6,25.4,27.8,25.0,1015.24,0.0,10.0,5.0,293.0,,,,,,,,,
Engenho,AcuRite Iris®,2026/08/06 14:55,22.2,72.0,19.6,25.4,28.5,25.0,1015.58,0.0,0.0,2.0,293.0,,,,,,,,,
Engenho,AcuRite Iris®,2026/08/06 15:00,22.7,72.0,20.1,26.0,29.2,25.5,1015.24,0.0,2.0,2.0,293.0,,,,,,,,,
Engenho,AcuRite Iris®,2026/08/06 15:05,22.4,73.0,20.0,25.7,28.9,25.2,1015.58,0.0,0.0,2.0,270.0,,,,,,,,,
Engenho,AcuRite Iris®,2026/08/06 15:10,22.0,73.0,19.6,25.2,28.3,24.8,1015.58,0.0,6.0,3.0,270.0,,,,,,,,,
Engenho,AcuRite Iris®,2026/08/06 15:15,22.8,71.0,19.9,26.1,29.3,25.6,1015.58,0.0,0.0,2.0,270.0,,,,,,,,,
Engenho,AcuRite Iris®,2026/08/06 15:20,22.7,71.0,19.8,25.9,29.1,25.5,1015.58,0.0,2.0,2.0,270.0,,,,,,,,,
Engenho,AcuRite Iris®,2026/08/06 15:25,22.6,71.0,19.7,25.8,28.9,25.4,1015.58,0.0,3.0,2.0,270.0,,,,,,,,,
Engenho,AcuRite Iris®,2026/08/06 15:30,22.4,71.0,19.6,25.7,28.7,25.2,1015.24,0.0,0.0,3.0,270.0,,,,,,,,,
Engenho,AcuRite Iris®,2026/08/06 15:35,22.8,71.0,19.9,26.1,29.3,25.6,1015.24,0.0,0.0,2.0,270.0,,,,,,,,,
Engenho,AcuRite Iris®,2026/08/06 15:40,22.4,72.0,19.8,25.7,28.8,25.2,1015.24,0.0,2.0,2.0,270.0,,,,,,,,,
Engenho,AcuRite Iris®,2026/08/06 15:45,22.0,74.0,19.8,25.2,28.4,24.8,1015.24,0.0,6.0,3.0,270.0,,,,,,,,,
Engenho,AcuRite Iris®,2026/08/06 15:50,22.0,75.0,20.1,25.3,28.5,24.8,1015.58,0.0,3.0,2.0,293.0,,,,,,,,,
Engenho,AcuRite Iris®,2026/08/06 15:55,21.8,76.0,20.1,25.1,28.3,24.6,1015.24,0.0,3.0,3.0,270.0,,,,,,,,,
Engenho,AcuRite Iris®,2026/08/06 16:00,21.7,76.0,20.0,25.0,28.2,24.5,1015.24,0.0,3.0,2.0,270.0,,,,,,,,,
Engenho,AcuRite Iris®,2026/08/06 16:05,22.0,75.0,20.1,25.3,28.5,24.8,1015.24,0.0,2.0,2.0,270.0,,,,,,,,,
Engenho,AcuRite Iris®,2026/08/06 16:10,22.4,71.0,19.6,25.7,28.7,25.2,1015.24,0.0,5.0,0.0,270.0,,,,,,,,,
Engenho,AcuRite Iris®,2026/08/06 16:15,22.0,72.0,19.4,25.2,28.2,24.8,1015.58,0.0,3.0,2.0,248.0,,,,,,,,,
Engenho,AcuRite Iris®,2026/08/06 16:20,22.3,72.0,19.7,25.6,28.7,25.1,1015.24,0.0,0.0,2.0,315.0,,,,,,,,,
Engenho,AcuRite Iris®,2026/08/06 16:25,22.6,71.0,19.7,25.8,28.9,25.4,1015.58,0.0,2.0,0.0,315.0,,,,,,,,,
Engenho,AcuRite Iris®,2026/08/06 16:30,22.3,71.0,19.4,25.6,28.6,25.1,1015.58,0.0,2.0,0.0,315.0,,,,,,,,,
Engenho,AcuRite Iris®,2026/08/06 16:35,22.4,71.0,19.6,25.7,28.7,25.2,1015.58,0.0,0.0,0.0,315.0,,,,,,,,,
Engenho,AcuRite Iris®,2026/08/06 16:40,22.0,72.0,19.4,25.2,28.2,24.8,1015.58,0.0,6.0,3.0,315.0,,,,,,,,,
Engenho,AcuRite Iris®,2026/08/06 16:45,21.8,73.0,19.4,25.1,28.1,24.6,1015.58,0.0,0.0,3.0,315.0,,,,,,,,,
Engenho,AcuRite Iris®,2026/08/06 16:50,21.5,74.0,19.3,24.7,26.9,24.3,1015.58,0.0,3.0,5.0,203.0,,,,,,,,,
Engenho,AcuRite Iris®,2026/08/06 16:55,21.9,73.0,19.6,25.2,28.2,24.7,1015.58,0.0,3.0,0.0,203.0,,,,,,,,,
Engenho,AcuRite Iris®,2026/08/06 17:00,21.6,73.0,19.2,24.8,27.7,24.4,1015.58,0.0,2.0,2.0,203.0,,,,,,,,,
Engenho,AcuRite Iris®,2026/08/06 17:05,21.5,73.0,19.1,24.7,27.6,24.3,1015.58,0.0,2.0,2.0,203.0,,,,,,,,,
Engenho,AcuRite Iris®,2026/08/06 17:10,21.7,73.0,19.3,24.9,27.9,24.5,1015.58,0.0,0.0,2.0,203.0,,,,,,,,,
Engenho,AcuRite Iris®,2026/08/06 17:15,21.3,75.0,19.4,24.6,27.5,24.1,1015.58,0.0,3.0,2.0,270.0,,,,,,,,,
Engenho,AcuRite Iris®,2026/08/06 17:20,21.5,75.0,19.6,24.7,27.8,24.3,1015.58,0.0,0.0,0.0,270.0,,,,,,,,,
Engenho,AcuRite Iris®,2026/08/06 17:25,21.1,76.0,19.4,24.3,27.3,23.9,1015.58,0.0,0.0,2.0,293.0,,,,,,,,,
Engenho,AcuRite Iris®,2026/08/06 17:30,21.0,77.0,19.5,24.2,27.2,23.8,1015.58,0.0,2.0,2.0,293.0,,,,,,,,,
Engenho,AcuRite Iris®,2026/08/06 17:35,21.0,76.0,19.3,24.2,27.2,23.8,1015.92,0.0,3.0,0.0,293.0,,,,,,,,,
Engenho,AcuRite Iris®,2026/08/06 17:40,20.9,77.0,19.4,24.2,27.2,23.7,1015.92,0.0,2.0,2.0,293.0,,,,,,,,,
Engenho,AcuRite Iris®,2026/08/06 17:45,21.0,77.0,19.5,24.2,27.2,23.8,1015.92,0.0,0.0,0.0,293.0,,,,,,,,,
Engenho,AcuRite Iris®,2026/08/06 17:50,20.7,77.0,19.2,23.9,26.8,23.5,1015.92,0.0,0.0,2.0,293.0,,,,,,,,,
Engenho,AcuRite Iris®,2026/08/06 17:55,20.7,78.0,19.4,23.9,26.9,23.5,1015.92,0.0,0.0,0.0,293.0,,,,,,,,,
Engenho,AcuRite Iris®,2026/08/06 18:00,21.1,77.0,19.6,24.3,27.4,23.9,1015.92,0.0,0.0,0.0,293.0,,,,,,,,,
Engenho,AcuRite Iris®,2026/08/06 18:05,21.4,75.0,19.5,24.7,27.7,24.2,1015.92,0.0,0.0,0.0,293.0,,,,,,,,,
Engenho,AcuRite Iris®,2026/08/06 18:10,20.8,77.0,19.3,24.1,27.0,23.6,1015.92,0.0,0.0,0.0,293.0,,,,,,,,,
Engenho,AcuRite Iris®,2026/08/06 18:20,20.7,78.0,19.4,23.9,26.9,23.5,1015.92,0.0,2.0,0.0,293.0,,,,,,,,,
Engenho,AcuRite Iris®,2026/08/06 18:25,20.7,78.0,19.4,23.9,26.9,23.5,1015.92,0.0,0.0,0.0,293.0,,,,,,,,,
Engenho,AcuRite Iris®,2026/08/06 18:30,20.5,78.0,19.2,23.7,26.6,23.3,1015.92,0.0,5.0,0.0,293.0,,,,,,,,,
Engenho,AcuRite Iris®,2026/08/06 18:35,20.7,77.0,19.2,23.9,26.8,23.5,1015.92,0.0,0.0,0.0,293.0,,,,,,,,,
Engenho,AcuRite Iris®,2026/08/06 18:40,20.4,79.0,19.4,23.7,26.6,23.2,1015.92,0.0,2.0,2.0,293.0,,,,,,,,,
Engenho,AcuRite Iris®,2026/08/06 18:45,20.4,79.0,19.4,23.7,26.6,23.2,1015.92,0.0,0.0,0.0,293.0,,,,,,,,,
Engenho,AcuRite Iris®,2026/08/06 18:50,20.2,79.0,19.2,23.4,26.3,23.0,1015.92,0.0,3.0,2.0,293.0,,,,,,,,,
Engenho,AcuRite Iris®,2026/08/06 18:55,20.2,79.0,19.2,23.4,26.3,23.0,1015.92,0.0,0.0,2.0,293.0,,,,,,,,,
Engenho,AcuRite Iris®,2026/08/06 19:00,20.2,80.0,19.3,23.4,26.4,23.0,1015.92,0.0,3.0,0.0,293.0,,,,,,,,,
Engenho,AcuRite Iris®,2026/08/06 19:05,20.1,80.0,19.2,23.3,26.2,22.9,1015.92,0.0,2.0,2.0,293.0,,,,,,,,,
Engenho,AcuRite Iris®,2026/08/06 19:10,19.9,81.0,19.3,23.2,26.1,22.7,1015.92,0.0,3.0,2.0,293.0,,,,,,,,,
Engenho,AcuRite Iris®,2026/08/06 19:15,20.1,80.0,19.2,23.3,26.2,22.9,1015.92,0.0,3.0,2.0,293.0,,,,,,,,,
Engenho,AcuRite Iris®,2026/08/06 19:20,20.4,79.0,19.4,23.7,26.6,23.2,1016.26,0.0,0.0,0.0,293.0,,,,,,,,,
Engenho,AcuRite Iris®,2026/08/06 19:25,20.5,79.0,19.4,23.7,26.7,23.3,1016.26,0.0,0.0,0.0,293.0,,,,,,,,,
Engenho,AcuRite Iris®,2026/08/06 19:30,20.6,78.0,19.3,23.8,26.8,23.4,1016.26,0.0,0.0,0.0,293.0,,,,,,,,,
Engenho,AcuRite Iris®,2026/08/06 19:35,20.0,80.0,19.2,23.2,26.1,22.8,1016.26,0.0,2.0,0.0,293.0,,,,,,,,,
Engenho,AcuRite Iris®,2026/08/06 19:40,20.0,80.0,19.2,23.2,26.1,22.8,1016.26,0.0,5.0,0.0,293.0,,,,,,,,,
Engenho,AcuRite Iris®,2026/08/06 19:45,20.0,80.0,19.2,23.2,26.1,22.8,1016.26,0.0,2.0,2.0,293.0,,,,,,,,,
Engenho,AcuRite Iris®,2026/08/06 19:50,19.7,81.0,19.1,22.9,25.8,22.5,1016.26,0.0,2.0,2.0,293.0,,,,,,,,,
Engenho,AcuRite Iris®,2026/08/06 19:55,19.9,81.0,19.3,23.2,26.1,22.7,1016.26,0.0,2.0,2.0,293.0,,,,,,,,,
Engenho,AcuRite Iris®,2026/08/06 20:00,19.9,81.0,19.3,23.2,26.1,22.7,1016.26,0.0,0.0,0.0,293.0,,,,,,,,,
Engenho,AcuRite Iris®,2026/08/06 20:05,20.2,79.0,19.2,23.4,26.3,23.0,1016.26,0.0,0.0,0.0,293.0,,,,,,,,,
Engenho,AcuRite Iris®,2026/08/06 20:10,20.2,79.0,19.2,23.4,26.3,23.0,1016.26,0.0,0.0,0.0,293.0,,,,,,,,,
Engenho,AcuRite Iris®,2026/08/06 20:15,20.0,79.0,18.9,23.2,26.0,22.8,1016.26,0.0,0.0,0.0,293.0,,,,,,,,,
Engenho,AcuRite Iris®,2026/08/06 20:20,19.9,78.0,18.7,23.1,25.8,22.7,1016.26,0.0,0.0,0.0,293.0,,,,,,,,,
Engenho,AcuRite Iris®,2026/08/06 20:25,20.5,77.0,19.0,23.7,26.5,23.3,1016.26,0.0,0.0,0.0,293.0,,,,,,,,,
Engenho,AcuRite Iris®,2026/08/06 20:30,20.3,77.0,18.8,23.5,26.3,23.1,1016.26,0.0,0.0,0.0,293.0,,,,,,,,,
Engenho,AcuRite Iris®,2026/08/06 20:35,20.3,77.0,18.8,23.5,26.3,23.1,1016.26,0.0,0.0,0.0,293.0,,,,,,,,,
Engenho,AcuRite Iris®,2026/08/06 20:40,20.2,77.0,18.7,23.4,26.1,23.0,1016.26,0.0,0.0,0.0,293.0,,,,,,,,,
Engenho,AcuRite Iris®,2026/08/06 20:45,20.3,77.0,18.8,23.5,26.3,23.1,1016.26,0.0,0.0,0.0,293.0,,,,,,,,,
Engenho,AcuRite Iris®,2026/08/06 20:50,20.0,79.0,18.9,23.2,26.0,22.8,1016.26,0.0,0.0,0.0,293.0,,,,,,,,,
Engenho,AcuRite Iris®,2026/08/06 20:55,19.9,79.0,18.9,23.1,25.9,22.7,1015.92,0.0,0.0,0.0,293.0,,,,,,,,,
Engenho,AcuRite Iris®,2026/08/06 21:00,19.5,80.0,18.7,22.7,25.3,22.3,1016.26,0.0,0.0,0.0,293.0,,,,,,,,,
Engenho,AcuRite Iris®,2026/08/06 21:05,19.9,79.0,18.9,23.1,25.9,22.7,1016.26,0.0,0.0,0.0,293.0,,,,,,,,,
Engenho,AcuRite Iris®,2026/08/06 21:10,19.4,80.0,18.6,22.6,25.3,22.2,1016.26,0.0,2.0,0.0,293.0,,,,,,,,,
Engenho,AcuRite Iris®,2026/08/06 21:15,19.2,80.0,18.4,22.3,24.9,22.0,1016.26,0.0,0.0,0.0,293.0,,,,,,,,,
Engenho,AcuRite Iris®,2026/08/06 21:20,18.8,82.0,18.4,21.9,24.6,21.6,1016.26,0.0,0.0,0.0,293.0,,,,,,,,,
Engenho,AcuRite Iris®,2026/08/06 21:25,18.9,82.0,18.5,22.1,24.7,21.7,1016.26,0.0,0.0,0.0,293.0,,,,,,,,,
Engenho,AcuRite Iris®,2026/08/06 21:30,18.8,82.0,18.4,21.9,24.6,21.6,1016.26,0.0,0.0,0.0,293.0,,,,,,,,,
Engenho,AcuRite Iris®,2026/08/06 21:35,18.9,81.0,18.3,22.1,24.7,21.7,1016.26,0.0,2.0,0.0,293.0,,,,,,,,,
Engenho,AcuRite Iris®,2026/08/06 21:40,18.8,81.0,18.2,21.9,24.5,21.6,1016.26,0.0,0.0,0.0,293.0,,,,,,,,,
Engenho,AcuRite Iris®,2026/08/06 21:45,18.8,81.0,18.2,21.9,24.5,21.6,1016.26,0.0,0.0,0.0,293.0,,,,,,,,,
Engenho,AcuRite Iris®,2026/08/06 21:50,18.9,81.0,18.3,22.1,24.7,21.7,1016.26,0.0,0.0,0.0,293.0,,,,,,,,,
Engenho,AcuRite Iris®,2026/08/06 21:55,19.1,80.0,18.3,22.2,24.8,21.9,1016.26,0.0,0.0,0.0,293.0,,,,,,,,,
Engenho,AcuRite Iris®,2026/08/06 22:00,19.2,80.0,18.4,22.3,24.9,22.0,1016.26,0.0,0.0,0.0,293.0,,,,,,,,,
Engenho,AcuRite Iris®,2026/08/06 22:05,18.8,80.0,18.0,21.9,24.4,21.6,1016.26,0.0,0.0,0.0,293.0,,,,,,,,,
Engenho,AcuRite Iris®,2026/08/06 22:10,19.0,80.0,18.2,22.1,24.7,21.8,1016.26,0.0,0.0,0.0,293.0,,,,,,,,,
Engenho,AcuRite Iris®,2026/08/06 22:15,18.1,83.0,17.9,21.2,23.6,20.9,1016.26,0.0,0.0,0.0,293.0,,,,,,,,,
Engenho,AcuRite Iris®,2026/08/06 22:20,18.5,82.0,18.1,21.6,24.1,21.3,1016.26,0.0,0.0,0.0,293.0,,,,,,,,,
Engenho,AcuRite Iris®,2026/08/06 22:25,18.6,82.0,18.2,21.7,24.3,21.4,1016.26,0.0,0.0,0.0,293.0,,,,,,,,,
Engenho,AcuRite Iris®,2026/08/06 22:30,18.6,81.0,18.0,21.7,24.2,21.4,1016.26,0.0,0.0,0.0,293.0,,,,,,,,,
Engenho,AcuRite Iris®,2026/08/06 22:35,18.5,80.0,17.7,21.6,23.9,21.3,1016.26,0.0,0.0,0.0,293.0,,,,,,,,,
Engenho,AcuRite Iris®,2026/08/06 22:40,18.5,81.0,17.9,21.6,24.0,21.3,1016.59,0.0,0.0,0.0,293.0,,,,,,,,,
Engenho,AcuRite Iris®,2026/08/06 22:45,18.2,82.0,17.8,21.3,23.7,21.0,1016.26,0.0,0.0,0.0,293.0,,,,,,,,,
Engenho,AcuRite Iris®,2026/08/06 22:50,18.0,83.0,17.8,21.1,23.5,20.8,1016.26,0.0,0.0,0.0,293.0,,,,,,,,,
Engenho,AcuRite Iris®,2026/08/06 22:55,17.6,83.0,17.4,20.7,22.9,20.4,1016.26,0.0,0.0,0.0,293.0,,,,,,,,,
Engenho,AcuRite Iris®,2026/08/06 23:00,17.9,84.0,17.9,21.1,23.5,20.7,1016.26,0.0,0.0,0.0,293.0,,,,,,,,,
Engenho,AcuRite Iris®,2026/08/06 23:05,18.5,81.0,17.9,21.6,24.0,21.3,1016.26,0.0,0.0,0.0,293.0,,,,,,,,,
Engenho,AcuRite Iris®,2026/08/06 23:10,18.5,80.0,17.7,21.6,23.9,21.3,1016.26,0.0,0.0,0.0,293.0,,,,,,,,,
Engenho,AcuRite Iris®,2026/08/06 23:15,18.2,82.0,17.8,21.3,23.7,21.0,1016.26,0.0,0.0,0.0,293.0,,,,,,,,,
Engenho,AcuRite Iris®,2026/08/06 23:20,18.1,82.0,17.7,21.2,23.6,20.9,1016.26,0.0,0.0,0.0,293.0,,,,,,,,,
Engenho,AcuRite Iris®,2026/08/06 23:25,18.0,82.0,17.6,21.1,23.4,20.8,1016.26,0.0,0.0,0.0,293.0,,,,,,,,,
Engenho,AcuRite Iris®,2026/08/06 23:30,18.4,81.0,17.8,21.5,23.9,21.2,1016.26,0.0,0.0,0.0,293.0,,,,,,,,,
Engenho,AcuRite Iris®,2026/08/06 23:35,18.2,81.0,17.6,21.3,23.6,21.0,1016.26,0.0,0.0,0.0,293.0,,,,,,,,,
Engenho,AcuRite Iris®,2026/08/06 23:40,18.7,80.0,17.9,21.8,24.3,21.5,1015.92,0.0,0.0,0.0,293.0,,,,,,,,,
Engenho,AcuRite Iris®,2026/08/06 23:45,18.4,80.0,17.6,21.5,23.8,21.2,1015.92,0.0,0.0,0.0,293.0,,,,,,,,,
Engenho,AcuRite Iris®,2026/08/06 23:50,18.1,82.0,17.7,21.2,23.6,20.9,1016.26,0.0,0.0,0.0,293.0,,,,,,,,,
Engenho,AcuRite Iris®,2026/08/06 23:55,18.0,82.0,17.6,21.1,23.4,20.8,1016.26,0.0,0.0,0.0,293.0,,,,,,,,,
Engenho,AcuRite Iris®,2026/09/06 00:00,18.2,81.0,17.6,21.3,23.6,21.0,1015.92,0.0,0.0,0.0,293.0,,,,,,,,,
Engenho,AcuRite Iris®,2026/09/06 00:05,18.1,81.0,17.5,21.2,23.5,20.9,1015.92,0.0,0.0,0.0,293.0,,,,,,,,,
Engenho,AcuRite Iris®,2026/09/06 00:10,17.9,81.0,17.3,20.9,23.2,20.7,1015.92,0.0,0.0,0.0,293.0,,,,,,,,,
Engenho,AcuRite Iris®,2026/09/06 00:15,17.9,81.0,17.3,20.9,23.2,20.7,1015.92,0.0,0.0,0.0,293.0,,,,,,,,,
Engenho,AcuRite Iris®,2026/09/06 00:20,17.8,82.0,17.4,20.9,23.2,20.6,1015.92,0.0,0.0,0.0,293.0,,,,,,,,,
Engenho,AcuRite Iris®,2026/09/06 00:25,17.8,81.0,17.2,20.8,23.1,20.6,1015.92,0.0,0.0,0.0,293.0,,,,,,,,,
Engenho,AcuRite Iris®,2026/09/06 00:30,17.6,82.0,17.2,20.6,22.8,20.4,1015.92,0.0,0.0,0.0,293.0,,,,,,,,,
Engenho,AcuRite Iris®,2026/09/06 00:35,18.2,80.0,17.4,21.2,23.6,21.0,1015.92,0.0,0.0,0.0,293.0,,,,,,,,,
Engenho,AcuRite Iris®,2026/09/06 00:40,18.0,80.0,17.2,21.0,23.2,20.8,1015.92,0.0,0.0,0.0,293.0,,,,,,,,,
Engenho,AcuRite Iris®,2026/09/06 00:45,17.6,82.0,17.2,20.6,22.8,20.4,1015.92,0.0,0.0,0.0,293.0,,,,,,,,,
Engenho,AcuRite Iris®,2026/09/06 00:50,18.0,81.0,17.4,21.0,23.3,20.8,1015.92,0.0,0.0,0.0,293.0,,,,,,,,,
Engenho,AcuRite Iris®,2026/09/06 00:55,17.9,82.0,17.6,21.0,23.3,20.7,1015.92,0.0,0.0,0.0,293.0,,,,,,,,,
Engenho,AcuRite Iris®,2026/09/06 01:00,17.9,82.0,17.6,21.0,23.3,20.7,1015.92,0.0,0.0,0.0,293.0,,,,,,,,,
Engenho,AcuRite Iris®,2026/09/06 01:05,18.4,81.0,17.8,21.5,23.9,21.2,1015.92,0.0,0.0,0.0,293.0,,,,,,,,,
Engenho,AcuRite Iris®,2026/09/06 01:10,17.8,83.0,17.6,20.9,23.2,20.6,1015.92,0.0,0.0,0.0,293.0,,,,,,,,,
Engenho,AcuRite Iris®,2026/09/06 01:15,17.7,83.0,17.5,20.8,23.1,20.5,1015.92,0.0,0.0,0.0,293.0,,,,,,,,,
Engenho,AcuRite Iris®,2026/09/06 01:20,18.0,82.0,17.6,21.1,23.4,20.8,1015.92,0.0,0.0,0.0,293.0,,,,,,,,,
Engenho,AcuRite Iris®,2026/09/06 01:25,18.0,81.0,17.4,21.0,23.3,20.8,1015.58,0.0,0.0,0.0,293.0,,,,,,,,,
Engenho,AcuRite Iris®,2026/09/06 01:30,17.6,83.0,17.4,20.7,22.9,20.4,1015.58,0.0,0.0,0.0,293.0,,,,,,,,,
Engenho,AcuRite Iris®,2026/09/06 01:35,18.0,82.0,17.6,21.1,23.4,20.8,1015.58,0.0,0.0,0.0,293.0,,,,,,,,,
Engenho,AcuRite Iris®,2026/09/06 01:40,18.4,81.0,17.8,21.5,23.9,21.2,1015.24,0.0,0.0,0.0,293.0,,,,,,,,,
Engenho,AcuRite Iris®,2026/09/06 01:45,18.3,80.0,17.5,21.4,23.7,21.1,1015.24,0.0,0.0,0.0,293.0,,,,,,,,,
Engenho,AcuRite Iris®,2026/09/06 01:50,17.9,82.0,17.6,21.0,23.3,20.7,1015.24,0.0,0.0,0.0,293.0,,,,,,,,,
Engenho,AcuRite Iris®,2026/09/06 01:55,18.0,82.0,17.6,21.1,23.4,20.8,1015.24,0.0,0.0,0.0,293.0,,,,,,,,,
Engenho,AcuRite Iris®,2026/09/06 02:00,17.6,83.0,17.4,20.7,22.9,20.4,1015.24,0.0,0.0,0.0,293.0,,,,,,,,,
Engenho,AcuRite Iris®,2026/09/06 02:05,18.0,82.0,17.6,21.1,23.4,20.8,1015.24,0.0,0.0,0.0,293.0,,,,,,,,,
Engenho,AcuRite Iris®,2026/09/06 02:10,18.2,81.0,17.6,21.3,23.6,21.0,1014.9,0.0,0.0,0.0,293.0,,,,,,,,,
Engenho,AcuRite Iris®,2026/09/06 02:15,18.5,80.0,17.7,21.6,23.9,21.3,1014.9,0.0,0.0,0.0,293.0,,,,,,,,,
Engenho,AcuRite Iris®,2026/09/06 02:20,18.3,80.0,17.5,21.4,23.7,21.1,1014.9,0.0,0.0,0.0,293.0,,,,,,,,,
Engenho,AcuRite Iris®,2026/09/06 02:25,17.9,80.0,17.2,20.9,23.2,20.7,1014.9,0.0,2.0,0.0,293.0,,,,,,,,,
Engenho,AcuRite Iris®,2026/09/06 02:30,17.7,81.0,17.1,20.7,22.9,20.5,1014.9,0.0,0.0,0.0,293.0,,,,,,,,,
Engenho,AcuRite Iris®,2026/09/06 02:35,18.1,80.0,17.3,21.1,23.4,20.9,1014.9,0.0,0.0,0.0,293.0,,,,,,,,,
Engenho,AcuRite Iris®,2026/09/06 02:40,18.0,79.0,17.0,21.0,23.2,20.8,1014.9,0.0,2.0,0.0,293.0,,,,,,,,,
Engenho,AcuRite Iris®,2026/09/06 02:45,18.2,78.0,17.0,21.2,23.4,21.0,1014.56,0.0,0.0,0.0,293.0,,,,,,,,,
Engenho,AcuRite Iris®,2026/09/06 02:50,18.4,78.0,17.2,21.4,23.7,21.2,1014.56,0.0,0.0,0.0,293.0,,,,,,,,,
Engenho,AcuRite Iris®,2026/09/06 02:55,18.4,78.0,17.2,21.4,23.7,21.2,1014.56,0.0,0.0,0.0,293.0,,,,,,,,,
Engenho,AcuRite Iris®,2026/09/06 03:00,18.7,78.0,17.5,21.7,24.1,21.5,1014.56,0.0,0.0,0.0,293.0,,,,,,,,,
Engenho,AcuRite Iris®,2026/09/06 03:05,18.5,78.0,17.3,21.5,23.8,21.3,1014.56,0.0,0.0,0.0,293.0,,,,,,,,,
Engenho,AcuRite Iris®,2026/09/06 03:10,18.3,79.0,17.3,21.3,23.6,21.1,1014.56,0.0,2.0,0.0,293.0,,,,,,,,,
Engenho,AcuRite Iris®,2026/09/06 03:15,18.1,79.0,17.1,21.1,23.3,20.9,1014.22,0.0,0.0,0.0,293.0,,,,,,,,,
Engenho,AcuRite Iris®,2026/09/06 03:20,18.1,78.0,16.9,21.1,23.2,20.9,1014.22,0.0,5.0,2.0,158.0,,,,,,,,,
Engenho,AcuRite Iris®,2026/09/06 03:25,18.5,75.0,16.7,21.4,22.8,21.3,1014.56,0.0,8.0,5.0,135.0,,,,,,,,,
Engenho,AcuRite Iris®,2026/09/06 03:30,18.8,74.0,16.8,21.8,23.9,21.6,1014.56,0.0,5.0,3.0,135.0,,,,,,,,,
Engenho,AcuRite Iris®,2026/09/06 03:35,18.9,74.0,16.9,21.9,24.1,21.7,1014.56,0.0,3.0,3.0,135.0,,,,,,,,,
Engenho,AcuRite Iris®,2026/09/06 03:40,19.1,74.0,17.1,22.1,24.3,21.9,1014.22,0.0,0.0,2.0,135.0,,,,,,,,,
Engenho,AcuRite Iris®,2026/09/06 03:45,19.5,73.0,17.2,22.4,24.7,22.3,1014.56,0.0,0.0,0.0,135.0,,,,,,,,,
Engenho,AcuRite Iris®,2026/09/06 03:50,19.1,76.0,17.4,22.1,24.4,21.9,1014.56,0.0,2.0,0.0,135.0,,,,,,,,,
Engenho,AcuRite Iris®,2026/09/06 03:55,18.6,78.0,17.4,21.6,23.9,21.4,1014.56,0.0,3.0,2.0,225.0,,,,,,,,,
Engenho,AcuRite Iris®,2026/09/06 04:00,19.2,77.0,17.8,22.3,24.7,22.0,1014.56,0.0,0.0,0.0,225.0,,,,,,,,,
Engenho,AcuRite Iris®,2026/09/06 04:05,19.1,77.0,17.7,22.2,24.6,21.9,1014.56,0.0,0.0,0.0,225.0,,,,,,,,,
Engenho,AcuRite Iris®,2026/09/06 04:10,18.8,79.0,17.8,21.9,24.3,21.6,1014.9,0.0,2.0,0.0,225.0,,,,,,,,,
Engenho,AcuRite Iris®,2026/09/06 04:15,18.4,80.0,17.6,21.5,23.8,21.2,1014.9,0.0,3.0,0.0,225.0,,,,,,,,,
Engenho,AcuRite Iris®,2026/09/06 04:20,18.5,80.0,17.7,21.6,23.9,21.3,1014.9,0.0,0.0,0.0,225.0,,,,,,,,,
Engenho,AcuRite Iris®,2026/09/06 04:25,18.5,80.0,17.7,21.6,23.9,21.3,1015.24,0.0,0.0,0.0,225.0,,,,,,,,,
Engenho,AcuRite Iris®,2026/09/06 04:30,19.0,79.0,17.9,22.1,24.6,21.8,1015.24,0.0,0.0,0.0,225.0,,,,,,,,,
Engenho,AcuRite Iris®,2026/09/06 04:35,18.4,81.0,17.8,21.5,23.9,21.2,1015.24,0.0,0.0,0.0,225.0,,,,,,,,,
Engenho,AcuRite Iris®,2026/09/06 04:40,18.8,80.0,18.0,21.9,24.4,21.6,1015.24,1.0,0.0,0.0,225.0,,,,,,,,,
Engenho,AcuRite Iris®,2026/09/06 04:45,18.9,80.0,18.1,22.1,24.6,21.7,1015.58,1.0,0.0,0.0,225.0,,,,,,,,,
Engenho,AcuRite Iris®,2026/09/06 04:50,18.6,80.0,17.8,21.7,24.1,21.4,1015.58,1.0,0.0,0.0,225.0,,,,,,,,,
Engenho,AcuRite Iris®,2026/09/06 04:55,17.9,83.0,17.7,21.0,23.4,20.7,1015.58,1.0,3.0,2.0,225.0,,,,,,,,,
Engenho,AcuRite Iris®,2026/09/06 05:00,17.7,84.0,17.7,20.8,23.2,20.5,1015.92,1.0,2.0,3.0,225.0,,,,,,,,,
Engenho,AcuRite Iris®,2026/09/06 05:05,17.6,84.0,17.6,20.7,23.0,20.4,1015.92,2.0,2.0,2.0,225.0,,,,,,,,,
Engenho,AcuRite Iris®,2026/09/06 05:10,17.7,85.0,17.9,20.8,23.2,20.5,1015.92,2.0,2.0,0.0,225.0,,,,,,,,,
Engenho,AcuRite Iris®,2026/09/06 05:15,17.7,85.0,17.9,20.8,23.2,20.5,1015.92,2.0,2.0,0.0,225.0,,,,,,,,,
Engenho,AcuRite Iris®,2026/09/06 05:20,17.8,85.0,18.0,20.9,23.4,20.6,1015.92,3.0,2.0,2.0,225.0,,,,,,,,,
Engenho,AcuRite Iris®,2026/09/06 05:25,18.0,84.0,17.9,21.1,23.6,20.8,1015.92,3.0,0.0,0.0,225.0,,,,,,,,,
Engenho,AcuRite Iris®,2026/09/06 05:30,17.7,85.0,17.9,20.8,23.2,20.5,1015.92,3.0,2.0,0.0,225.0,,,,,,,,,
Engenho,AcuRite Iris®,2026/09/06 05:35,17.6,86.0,17.9,20.7,23.2,20.4,1015.92,4.0,2.0,0.0,225.0,,,,,,,,,
Engenho,AcuRite Iris®,2026/09/06 05:40,18.0,85.0,18.2,21.1,23.7,20.8,1015.92,4.0,0.0,0.0,225.0,,,,,,,,,
Engenho,AcuRite Iris®,2026/09/06 05:45,18.0,84.0,17.9,21.1,23.6,20.8,1015.92,4.0,0.0,0.0,225.0,,,,,,,,,
Engenho,AcuRite Iris®,2026/09/06 05:50,18.2,84.0,18.2,21.3,23.9,21.0,1015.92,4.0,0.0,0.0,225.0,,,,,,,,,
Engenho,AcuRite Iris®,2026/09/06 05:55,18.6,82.0,18.2,21.7,24.3,21.4,1015.92,4.0,0.0,0.0,225.0,,,,,,,,,
Engenho,AcuRite Iris®,2026/09/06 06:00,18.5,83.0,18.3,21.6,24.2,21.3,1016.26,4.0,0.0,0.0,225.0,,,,,,,,,
Engenho,AcuRite Iris®,2026/09/06 06:05,18.8,83.0,18.6,22.0,24.7,21.6,1016.26,4.0,0.0,0.0,225.0,,,,,,,,,
Engenho,AcuRite Iris®,2026/09/06 06:10,18.4,84.0,18.4,21.6,24.2,21.2,1016.26,4.0,0.0,0.0,225.0,,,,,,,,,
Engenho,AcuRite Iris®,2026/09/06 06:15,18.8,83.0,18.6,22.0,24.7,21.6,1016.59,4.0,0.0,0.0,225.0,,,,,,,,,
Engenho,AcuRite Iris®,2026/09/06 06:20,18.6,83.0,18.4,21.8,24.3,21.4,1016.59,4.0,0.0,0.0,225.0,,,,,,,,,
Engenho,AcuRite Iris®,2026/09/06 06:25,18.3,84.0,18.3,21.4,24.1,21.1,1016.59,4.0,0.0,0.0,225.0,,,,,,,,,
Engenho,AcuRite Iris®,2026/09/06 06:30,18.7,83.0,18.5,21.9,24.5,21.5,1016.59,5.0,0.0,0.0,225.0,,,,,,,,,
Engenho,AcuRite Iris®,2026/09/06 06:35,18.8,82.0,18.4,21.9,24.6,21.6,1016.26,5.0,0.0,0.0,225.0,,,,,,,,,
Engenho,AcuRite Iris®,2026/09/06 06:40,18.2,84.0,18.2,21.3,23.9,21.0,1016.26,5.0,0.0,0.0,225.0,,,,,,,,,
Engenho,AcuRite Iris®,2026/09/06 06:45,18.2,84.0,18.2,21.3,23.9,21.0,1016.26,5.0,0.0,0.0,225.0,,,,,,,,,
Engenho,AcuRite Iris®,2026/09/06 06:50,18.4,84.0,18.4,21.6,24.2,21.2,1016.59,5.0,0.0,0.0,225.0,,,,,,,,,
Engenho,AcuRite Iris®,2026/09/06 06:55,18.1,84.0,18.1,21.2,23.7,20.9,1016.26,5.0,0.0,0.0,225.0,,,,,,,,,
Engenho,AcuRite Iris®,2026/09/06 07:00,17.8,85.0,18.0,20.9,23.4,20.6,1016.26,5.0,0.0,0.0,225.0,,,,,,,,,
Engenho,AcuRite Iris®,2026/09/06 07:05,18.3,84.0,18.3,21.4,24.1,21.1,1016.26,5.0,0.0,0.0,225.0,,,,,,,,,
Engenho,AcuRite Iris®,2026/09/06 07:10,17.9,85.0,18.1,21.1,23.6,20.7,1016.26,5.0,0.0,0.0,225.0,,,,,,,,,
Engenho,AcuRite Iris®,2026/09/06 07:15,17.7,86.0,18.1,20.8,23.3,20.5,1016.26,5.0,0.0,0.0,225.0,,,,,,,,,
Engenho,AcuRite Iris®,2026/09/06 07:20,18.0,85.0,18.2,21.1,23.7,20.8,1015.92,5.0,0.0,0.0,225.0,,,,,,,,,
Engenho,AcuRite Iris®,2026/09/06 07:25,18.1,85.0,18.3,21.3,23.8,20.9,1016.26,5.0,0.0,0.0,225.0,,,,,,,,,
Engenho,AcuRite Iris®,2026/09/06 07:30,18.0,85.0,18.2,21.1,23.7,20.8,1016.26,5.0,0.0,0.0,225.0,,,,,,,,,
Engenho,AcuRite Iris®,2026/09/06 07:35,17.8,86.0,18.2,21.0,23.5,20.6,1016.26,5.0,0.0,0.0,158.0,,,,,,,,,
Engenho,AcuRite Iris®,2026/09/06 07:40,18.0,85.0,18.2,21.1,23.7,20.8,1016.59,5.0,0.0,0.0,158.0,,,,,,,,,
Engenho,AcuRite Iris®,2026/09/06 07:45,17.6,86.0,17.9,20.7,23.2,20.4,1016.59,5.0,0.0,0.0,158.0,,,,,,,,,
Engenho,AcuRite Iris®,2026/09/06 07:50,18.0,85.0,18.2,21.1,23.7,20.8,1016.59,5.0,0.0,0.0,158.0,,,,,,,,,
Engenho,AcuRite Iris®,2026/09/06 07:55,18.4,84.0,18.4,21.6,24.2,21.2,1016.59,5.0,0.0,0.0,158.0,,,,,,,,,
Engenho,AcuRite Iris®,2026/09/06 08:00,18.4,84.0,18.4,21.6,24.2,21.2,1016.59,5.0,0.0,0.0,158.0,,,,,,,,,
Engenho,AcuRite Iris®,2026/09/06 08:05,18.3,84.0,18.3,21.4,24.1,21.1,1016.59,5.0,0.0,0.0,158.0,,,,,,,,,
Engenho,AcuRite Iris®,2026/09/06 08:10,18.6,84.0,18.6,21.8,24.4,21.4,1016.59,5.0,0.0,0.0,158.0,,,,,,,,,
Engenho,AcuRite Iris®,2026/09/06 08:15,18.5,83.0,18.3,21.6,24.2,21.3,1016.59,5.0,0.0,0.0,158.0,,,,,,,,,
Engenho,AcuRite Iris®,2026/09/06 08:20,18.7,83.0,18.5,21.9,24.5,21.5,1016.59,5.0,0.0,0.0,158.0,,,,,,,,,
Engenho,AcuRite Iris®,2026/09/06 08:25,18.8,83.0,18.6,22.0,24.7,21.6,1016.93,5.0,0.0,0.0,158.0,,,,,,,,,
Engenho,AcuRite Iris®,2026/09/06 08:30,18.5,83.0,18.3,21.6,24.2,21.3,1016.59,5.0,0.0,0.0,158.0,,,,,,,,,
Engenho,AcuRite Iris®,2026/09/06 08:35,18.2,85.0,18.4,21.4,23.9,21.0,1016.59,5.0,0.0,0.0,158.0,,,,,,,,,
Engenho,AcuRite Iris®,2026/09/06 08:40,18.5,84.0,18.4,21.7,24.3,21.3,1016.59,5.0,0.0,0.0,158.0,,,,,,,,,
Engenho,AcuRite Iris®,2026/09/06 08:45,18.5,85.0,18.7,21.7,24.3,21.3,1016.59,5.0,0.0,0.0,158.0,,,,,,,,,
Engenho,AcuRite Iris®,2026/09/06 08:50,18.1,85.0,18.3,21.3,23.8,20.9,1016.59,5.0,0.0,0.0,158.0,,,,,,,,,
Engenho,AcuRite Iris®,2026/09/06 08:55,18.0,84.0,17.9,21.1,23.6,20.8,1016.93,5.0,2.0,0.0,158.0,,,,,,,,,
Engenho,AcuRite Iris®,2026/09/06 09:00,18.3,84.0,18.3,21.4,24.1,21.1,1016.93,5.0,2.0,0.0,158.0,,,,,,,,,
Engenho,AcuRite Iris®,2026/09/06 09:05,18.6,84.0,18.6,21.8,24.4,21.4,1016.93,5.0,0.0,0.0,158.0,,,,,,,,,
Engenho,AcuRite Iris®,2026/09/06 09:10,18.5,84.0,18.4,21.7,24.3,21.3,1016.93,5.0,0.0,0.0,158.0,,,,,,,,,
Engenho,AcuRite Iris®,2026/09/06 09:15,18.7,83.0,18.5,21.9,24.5,21.5,1017.27,5.0,0.0,0.0,158.0,,,,,,,,,
Engenho,AcuRite Iris®,2026/09/06 09:20,19.0,83.0,18.8,22.2,24.9,21.8,1016.93,5.0,0.0,0.0,158.0,,,,,,,,,
Engenho,AcuRite Iris®,2026/09/06 09:25,19.6,81.0,18.9,22.8,25.6,22.4,1016.93,5.0,0.0,0.0,158.0,,,,,,,,,
Engenho,AcuRite Iris®,2026/09/06 09:30,20.3,79.0,19.3,23.6,26.4,23.1,1016.93,5.0,0.0,0.0,158.0,,,,,,,,,
Engenho,AcuRite Iris®,2026/09/06 09:35,20.4,76.0,18.7,23.6,26.3,23.2,1017.27,5.0,0.0,0.0,158.0,,,,,,,,,
Engenho,AcuRite Iris®,2026/09/06 09:40,20.4,76.0,18.7,23.6,26.3,23.2,1017.27,5.0,0.0,0.0,158.0,,,,,,,,,
Engenho,AcuRite Iris®,2026/09/06 09:45,21.0,76.0,19.3,24.2,27.2,23.8,1017.27,5.0,0.0,0.0,158.0,,,,,,,,,
Engenho,AcuRite Iris®,2026/09/06 09:50,20.7,77.0,19.2,23.9,26.8,23.5,1017.27,5.0,2.0,0.0,158.0,,,,,,,,,
Engenho,AcuRite Iris®,2026/09/06 09:55,20.7,77.0,19.2,23.9,26.8,23.5,1017.27,5.0,0.0,0.0,158.0,,,,,,,,,
Engenho,AcuRite Iris®,2026/09/06 10:00,21.0,75.0,19.1,24.2,27.1,23.8,1017.27,5.0,0.0,0.0,158.0,,,,,,,,,
Engenho,AcuRite Iris®,2026/09/06 10:05,20.8,75.0,18.9,24.0,26.8,23.6,1017.27,5.0,0.0,0.0,158.0,,,,,,,,,
Engenho,AcuRite Iris®,2026/09/06 10:10,20.0,77.0,18.6,23.1,25.8,22.8,1017.27,5.0,0.0,0.0,158.0,,,,,,,,,
Engenho,AcuRite Iris®,2026/09/06 10:15,19.1,80.0,18.3,22.2,24.8,21.9,1017.27,5.0,0.0,0.0,158.0,,,,,,,,,
Engenho,AcuRite Iris®,2026/09/06 10:20,20.5,75.0,18.6,23.6,26.3,23.3,1016.93,5.0,0.0,0.0,158.0,,,,,,,,,
Engenho,AcuRite Iris®,2026/09/06 10:25,19.7,79.0,18.7,22.9,25.6,22.5,1016.93,5.0,0.0,0.0,158.0,,,,,,,,,
Engenho,AcuRite Iris®,2026/09/06 10:30,20.0,77.0,18.6,23.1,25.8,22.8,1016.93,5.0,0.0,0.0,158.0,,,,,,,,,
Engenho,AcuRite Iris®,2026/09/06 10:35,21.5,74.0,19.3,24.7,27.7,24.3,1016.93,5.0,0.0,0.0,158.0,,,,,,,,,
Engenho,AcuRite Iris®,2026/09/06 10:40,19.8,76.0,18.2,22.9,25.5,22.6,1016.93,5.0,0.0,0.0,158.0,,,,,,,,,
Engenho,AcuRite Iris®,2026/09/06 10:45,19.6,77.0,18.2,22.7,25.2,22.4,1016.93,5.0,3.0,2.0,180.0,,,,,,,,,
Engenho,AcuRite Iris®,2026/09/06 10:50,19.9,77.0,18.5,23.1,25.7,22.7,1016.93,5.0,3.0,2.0,180.0,,,,,,,,,
Engenho,AcuRite Iris®,2026/09/06 10:55,19.9,77.0,18.5,23.1,25.7,22.7,1016.93,5.0,2.0,0.0,180.0,,,,,,,,,
Engenho,AcuRite Iris®,2026/09/06 11:00,20.0,77.0,18.6,23.1,25.8,22.8,1016.93,5.0,2.0,2.0,180.0,,,,,,,,,
Engenho,AcuRite Iris®,2026/09/06 11:05,20.1,76.0,18.4,23.2,25.9,22.9,1016.59,5.0,6.0,3.0,203.0,,,,,,,,,
Engenho,AcuRite Iris®,2026/09/06 11:10,20.3,76.0,18.7,23.4,26.2,23.1,1016.59,5.0,2.0,3.0,248.0,,,,,,,,,
Engenho,AcuRite Iris®,2026/09/06 11:15,20.3,77.0,18.8,23.5,26.3,23.1,1016.59,5.0,3.0,3.0,248.0,,,,,,,,,
Engenho,AcuRite Iris®,2026/09/06 11:20,20.6,76.0,18.9,23.8,26.6,23.4,1016.59,5.0,2.0,2.0,248.0,,,,,,,,,
Engenho,AcuRite Iris®,2026/09/06 11:25,21.1,74.0,18.9,24.3,27.1,23.9,1016.59,5.0,2.0,2.0,225.0,,,,,,,,,
Engenho,AcuRite Iris®,2026/09/06 11:30,19.9,76.0,18.3,23.1,25.6,22.7,1016.59,5.0,2.0,3.0,248.0,,,,,,,,,
Engenho,AcuRite Iris®,2026/09/06 11:35,20.2,76.0,18.6,23.3,26.0,23.0,1016.26,5.0,5.0,3.0,248.0,,,,,,,,,
Engenho,AcuRite Iris®,2026/09/06 11:40,20.5,76.0,18.8,23.7,26.4,23.3,1016.26,5.0,5.0,3.0,248.0,,,,,,,,,
Engenho,AcuRite Iris®,2026/09/06 11:45,20.5,76.0,18.8,23.7,25.7,23.3,1016.26,5.0,5.0,5.0,248.0,,,,,,,,,
Engenho,AcuRite Iris®,2026/09/06 11:50,20.2,77.0,18.7,23.4,26.1,23.0,1016.26,5.0,5.0,3.0,270.0,,,,,,,,,
Engenho,AcuRite Iris®,2026/09/06 11:55,20.0,78.0,18.7,23.2,25.9,22.8,1015.92,5.0,3.0,2.0,248.0,,,,,,,,,
Engenho,AcuRite Iris®,2026/09/06 12:00,20.2,78.0,18.9,23.4,26.2,23.0,1015.92,5.0,2.0,2.0,248.0,,,,,,,,,
Engenho,AcuRite Iris®,2026/09/06 12:05,20.2,78.0,18.9,23.4,26.2,23.0,1015.92,5.0,3.0,3.0,248.0,,,,,,,,,
Engenho,AcuRite Iris®,2026/09/06 12:10,20.2,78.0,18.9,23.4,26.2,23.0,1015.92,5.0,3.0,3.0,270.0,,,,,,,,,
Engenho,AcuRite Iris®,2026/09/06 12:15,20.0,78.0,18.7,23.2,25.9,22.8,1015.92,5.0,3.0,3.0,270.0,,,,,,,,,
Engenho,AcuRite Iris®,2026/09/06 12:20,20.1,78.0,18.8,23.3,26.1,22.9,1015.58,5.0,3.0,3.0,270.0,,,,,,,,,
Engenho,AcuRite Iris®,2026/09/06 12:25,19.9,77.0,18.5,23.1,25.7,22.7,1015.58,5.0,2.0,3.0,270.0,,,,,,,,,
Engenho,AcuRite Iris®,2026/09/06 12:30,19.9,76.0,18.3,23.1,25.6,22.7,1015.24,5.0,2.0,3.0,270.0,,,,,,,,,
Engenho,AcuRite Iris®,2026/09/06 12:35,19.8,78.0,18.6,22.9,25.7,22.6,1015.24,5.0,3.0,3.0,293.0,,,,,,,,,
Engenho,AcuRite Iris®,2026/09/06 12:40,19.9,78.0,18.7,23.1,25.8,22.7,1014.9,5.0,5.0,2.0,293.0,,,,,,,,,
Engenho,AcuRite Iris®,2026/09/06 12:45,21.9,71.0,19.1,25.1,28.0,24.7,1014.9,5.0,2.0,3.0,293.0,,,,,,,,,
Engenho,AcuRite Iris®,2026/09/06 12:50,22.1,70.0,19.1,25.3,28.1,24.9,1014.9,5.0,3.0,2.0,293.0,,,,,,,,,
Engenho,AcuRite Iris®,2026/09/06 12:55,21.8,70.0,18.8,24.9,27.7,24.6,1014.9,5.0,5.0,3.0,293.0,,,,,,,,,
Engenho,AcuRite Iris®,2026/09/06 13:00,21.6,70.0,18.6,24.7,27.4,24.4,1014.9,5.0,5.0,3.0,270.0,,,,,,,,,
Engenho,AcuRite Iris®,2026/09/06 13:05,21.6,71.0,18.8,24.7,27.5,24.4,1014.56,5.0,2.0,3.0,270.0,,,,,,,,,
Engenho,AcuRite Iris®,2026/09/06 13:10,21.5,72.0,18.9,24.7,27.4,24.3,1014.56,5.0,2.0,3.0,248.0,,,,,,,,,
Engenho,AcuRite Iris®,2026/09/06 13:15,21.4,71.0,18.6,24.6,27.3,24.2,1014.56,5.0,3.0,3.0,270.0,,,,,,,,,
Engenho,AcuRite Iris®,2026/09/06 13:20,21.2,72.0,18.6,24.3,26.4,24.0,1014.56,5.0,3.0,5.0,248.0,,,,,,,,,
Engenho,AcuRite Iris®,2026/09/06 13:25,21.3,72.0,18.7,24.4,27.2,24.1,1014.22,5.0,5.0,3.0,248.0,,,,,,,,,
Engenho,AcuRite Iris®,2026/09/06 13:30,21.3,72.0,18.7,24.4,27.2,24.1,1014.22,5.0,3.0,3.0,248.0,,,,,,,,,
Engenho,AcuRite Iris®,2026/09/06 13:35,21.2,73.0,18.8,24.4,27.2,24.0,1014.22,5.0,3.0,3.0,248.0,,,,,,,,,
Engenho,AcuRite Iris®,2026/09/06 13:40,21.3,73.0,18.9,24.5,27.3,24.1,1014.22,5.0,5.0,3.0,248.0,,,,,,,,,
Engenho,AcuRite Iris®,2026/09/06 13:45,21.2,73.0,18.8,24.4,27.2,24.0,1013.88,5.0,3.0,3.0,248.0,,,,,,,,,
Engenho,AcuRite Iris®,2026/09/06 13:50,21.4,73.0,19.1,24.6,27.5,24.2,1013.88,5.0,0.0,2.0,248.0,,,,,,,,,
Engenho,AcuRite Iris®,2026/09/06 13:55,21.2,73.0,18.8,24.4,27.2,24.0,1013.88,5.0,5.0,3.0,248.0,,,,,,,,,
Engenho,AcuRite Iris®,2026/09/06 14:00,21.3,72.0,18.7,24.4,27.2,24.1,1013.88,5.0,2.0,3.0,248.0,,,,,,,,,
Engenho,AcuRite Iris®,2026/09/06 14:05,21.3,72.0,18.7,24.4,27.2,24.1,1013.88,5.0,5.0,2.0,248.0,,,,,,,,,
Engenho,AcuRite Iris®,2026/09/06 14:10,21.6,72.0,19.0,24.8,27.6,24.4,1013.88,5.0,3.0,3.0,248.0,,,,,,,,,
Engenho,AcuRite Iris®,2026/09/06 14:15,22.0,71.0,19.2,25.2,28.1,24.8,1013.88,5.0,3.0,2.0,248.0,,,,,,,,,
Engenho,AcuRite Iris®,2026/09/06 14:20,21.3,74.0,19.2,24.5,27.4,24.1,1013.88,5.0,3.0,3.0,23.0,,,,,,,,,
Engenho,AcuRite Iris®,2026/09/06 14:25,21.6,73.0,19.2,24.8,27.7,24.4,1013.88,5.0,3.0,2.0,23.0,,,,,,,,,
Engenho,AcuRite Iris®,2026/09/06 14:30,21.5,74.0,19.3,24.7,27.7,24.3,1013.88,5.0,2.0,2.0,23.0,,,,,,,,,
Engenho,AcuRite Iris®,2026/09/06 14:35,21.1,75.0,19.2,24.3,27.2,23.9,1013.88,5.0,3.0,0.0,23.0,,,,,,,,,
Engenho,AcuRite Iris®,2026/09/06 14:40,21.1,75.0,19.2,24.3,27.2,23.9,1013.88,5.0,2.0,2.0,23.0,,,,,,,,,
Engenho,AcuRite Iris®,2026/09/06 14:45,21.7,73.0,19.3,24.9,27.9,24.5,1013.88,5.0,3.0,0.0,23.0,,,,,,,,,
Engenho,AcuRite Iris®,2026/09/06 14:50,21.6,73.0,19.2,24.8,27.7,24.4,1013.88,5.0,2.0,2.0,23.0,,,,,,,,,
Engenho,AcuRite Iris®,2026/09/06 14:55,21.3,74.0,19.2,24.5,27.4,24.1,1013.88,5.0,2.0,3.0,135.0,,,,,,,,,
Engenho,AcuRite Iris®,2026/09/06 15:00,21.2,73.0,18.8,24.4,27.2,24.0,1013.88,5.0,3.0,3.0,135.0,,,,,,,,,
Engenho,AcuRite Iris®,2026/09/06 15:05,21.4,73.0,19.1,24.6,27.5,24.2,1013.88,5.0,8.0,3.0,135.0,,,,,,,,,
Engenho,AcuRite Iris®,2026/09/06 15:10,21.0,75.0,19.1,24.2,27.1,23.8,1013.88,5.0,8.0,3.0,135.0,,,,,,,,,
Engenho,AcuRite Iris®,2026/09/06 15:15,20.8,75.0,18.9,24.0,26.8,23.6,1013.88,5.0,0.0,3.0,135.0,,,,,,,,,
Engenho,AcuRite Iris®,2026/09/06 15:20,20.1,76.0,18.4,23.2,25.2,22.9,1013.88,5.0,3.0,6.0,135.0,,,,,,,,,
Engenho,AcuRite Iris®,2026/09/06 15:25,20.6,75.0,18.7,23.7,26.5,23.4,1013.88,5.0,10.0,3.0,135.0,,,,,,,,,
Engenho,AcuRite Iris®,2026/09/06 15:30,20.2,76.0,18.6,23.3,25.3,23.0,1013.88,5.0,8.0,6.0,135.0,,,,,,,,,
Engenho,AcuRite Iris®,2026/09/06 15:35,20.4,76.0,18.7,23.6,26.3,23.2,1013.88,5.0,3.0,3.0,135.0,,,,,,,,,
Engenho,AcuRite Iris®,2026/09/06 15:40,20.4,75.0,18.6,23.6,26.2,23.2,1013.88,5.0,2.0,3.0,135.0,,,,,,,,,
Engenho,AcuRite Iris®,2026/09/06 15:45,20.2,75.0,18.3,23.3,25.9,23.0,1013.88,5.0,3.0,3.0,135.0,,,,,,,,,
Engenho,AcuRite Iris®,2026/09/06 15:50,20.5,75.0,18.6,23.6,26.3,23.3,1014.22,5.0,5.0,3.0,203.0,,,,,,,,,
Engenho,AcuRite Iris®,2026/09/06 15:55,20.0,76.0,18.3,23.1,25.7,22.8,1014.22,5.0,3.0,3.0,158.0,,,,,,,,,
Engenho,AcuRite Iris®,2026/09/06 16:00,20.3,75.0,18.4,23.4,26.1,23.1,1014.22,5.0,5.0,3.0,135.0,,,,,,,,,
Engenho,AcuRite Iris®,2026/09/06 16:05,20.3,75.0,18.4,23.4,26.1,23.1,1014.22,5.0,3.0,0.0,135.0,,,,,,,,,
Engenho,AcuRite Iris®,2026/09/06 16:10,20.6,74.0,18.5,23.7,26.4,23.4,1014.22,5.0,2.0,0.0,135.0,,,,,,,,,
Engenho,AcuRite Iris®,2026/09/06 16:15,20.0,76.0,18.3,23.1,25.7,22.8,1014.22,5.0,2.0,2.0,135.0,,,,,,,,,
Engenho,AcuRite Iris®,2026/09/06 16:20,20.0,76.0,18.3,23.1,25.7,22.8,1014.22,5.0,2.0,2.0,135.0,,,,,,,,,
Engenho,AcuRite Iris®,2026/09/06 16:25,19.6,77.0,18.2,22.7,25.2,22.4,1014.56,5.0,3.0,2.0,135.0,,,,,,,,,
Engenho,AcuRite Iris®,2026/09/06 16:30,19.9,76.0,18.3,23.1,25.6,22.7,1014.56,5.0,0.0,0.0,135.0,,,,,,,,,
Engenho,AcuRite Iris®,2026/09/06 16:35,19.3,78.0,18.1,22.4,24.9,22.1,1014.56,5.0,0.0,2.0,135.0,,,,,,,,,
Engenho,AcuRite Iris®,2026/09/06 16:40,19.9,77.0,18.5,23.1,25.7,22.7,1014.56,5.0,3.0,2.0,135.0,,,,,,,,,
Engenho,AcuRite Iris®,2026/09/06 16:45,19.6,78.0,18.3,22.7,25.3,22.4,1014.56,5.0,0.0,2.0,135.0,,,,,,,,,
Engenho,AcuRite Iris®,2026/09/06 16:50,19.2,79.0,18.2,22.3,24.9,22.0,1014.56,5.0,2.0,2.0,135.0,,,,,,,,,
Engenho,AcuRite Iris®,2026/09/06 16:55,19.3,79.0,18.3,22.4,25.1,22.1,1014.9,5.0,0.0,2.0,135.0,,,,,,,,,
Engenho,AcuRite Iris®,2026/09/06 17:00,19.2,79.0,18.2,22.3,24.9,22.0,1014.9,5.0,0.0,0.0,135.0,,,,,,,,,
Engenho,AcuRite Iris®,2026/09/06 17:05,19.7,77.0,18.3,22.8,25.4,22.5,1014.9,5.0,0.0,0.0,135.0,,,,,,,,,
Engenho,AcuRite Iris®,2026/09/06 17:10,19.2,78.0,18.0,22.3,24.8,22.0,1014.9,5.0,0.0,2.0,135.0,,,,,,,,,
Engenho,AcuRite Iris®,2026/09/06 17:15,19.4,77.0,18.0,22.5,25.0,22.2,1015.24,5.0,2.0,0.0,135.0,,,,,,,,,
Engenho,AcuRite Iris®,2026/09/06 17:20,19.5,77.0,18.1,22.6,25.1,22.3,1015.24,5.0,0.0,0.0,135.0,,,,,,,,,
Engenho,AcuRite Iris®,2026/09/06 17:25,19.1,77.0,17.7,22.2,24.6,21.9,1015.24,5.0,3.0,0.0,135.0,,,,,,,,,
Engenho,AcuRite Iris®,2026/09/06 17:30,19.0,78.0,17.8,22.1,24.5,21.8,1015.24,5.0,2.0,2.0,135.0,,,,,,,,,
Engenho,AcuRite Iris®,2026/09/06 17:35,19.0,78.0,17.8,22.1,24.5,21.8,1015.24,5.0,2.0,0.0,135.0,,,,,,,,,
Engenho,AcuRite Iris®,2026/09/06 17:40,18.6,78.0,17.4,21.6,23.9,21.4,1015.24,5.0,5.0,2.0,135.0,,,,,,,,,
Engenho,AcuRite Iris®,2026/09/06 17:45,18.5,78.0,17.3,21.5,23.8,21.3,1015.58,5.0,2.0,2.0,135.0,,,,,,,,,
Engenho,AcuRite Iris®,2026/09/06 17:50,18.3,79.0,17.3,21.3,23.6,21.1,1015.58,5.0,2.0,2.0,135.0,,,,,,,,,
Engenho,AcuRite Iris®,2026/09/06 17:55,18.6,80.0,17.8,21.7,24.1,21.4,1015.58,5.0,0.0,2.0,135.0,,,,,,,,,
Engenho,AcuRite Iris®,2026/09/06 18:00,18.4,80.0,17.6,21.5,23.8,21.2,1015.92,5.0,2.0,0.0,135.0,,,,,,,,,
Engenho,AcuRite Iris®,2026/09/06 18:05,18.7,79.0,17.7,21.8,24.2,21.5,1015.92,5.0,0.0,0.0,135.0,,,,,,,,,
Engenho,AcuRite Iris®,2026/09/06 18:10,18.5,79.0,17.5,21.5,23.8,21.3,1015.92,5.0,0.0,0.0,135.0,,,,,,,,,
Engenho,AcuRite Iris®,2026/09/06 18:15,18.5,79.0,17.5,21.5,23.8,21.3,1015.92,5.0,0.0,0.0,135.0,,,,,,,,,
Engenho,AcuRite Iris®,2026/09/06 18:20,18.3,80.0,17.5,21.4,23.7,21.1,1015.92,5.0,3.0,2.0,135.0,,,,,,,,,
Engenho,AcuRite Iris®,2026/09/06 18:25,18.6,80.0,17.8,21.7,24.1,21.4,1015.92,5.0,0.0,0.0,135.0,,,,,,,,,
Engenho,AcuRite Iris®,2026/09/06 18:30,18.7,79.0,17.7,21.8,24.2,21.5,1016.26,5.0,0.0,0.0,135.0,,,,,,,,,
Engenho,AcuRite Iris®,2026/09/06 18:35,18.4,81.0,17.8,21.5,23.9,21.2,1016.26,5.0,3.0,3.0,135.0,,,,,,,,,
Engenho,AcuRite Iris®,2026/09/06 18:40,18.7,80.0,17.9,21.8,24.3,21.5,1016.26,5.0,2.0,0.0,135.0,,,,,,,,,
Engenho,AcuRite Iris®,2026/09/06 18:45,18.6,79.0,17.6,21.7,24.0,21.4,1016.26,5.0,0.0,0.0,135.0,,,,,,,,,
Engenho,AcuRite Iris®,2026/09/06 18:50,18.6,78.0,17.4,21.6,23.9,21.4,1016.26,5.0,0.0,2.0,135.0,,,,,,,,,
Engenho,AcuRite Iris®,2026/09/06 18:55,18.4,77.0,17.0,21.4,23.6,21.2,1016.26,5.0,6.0,3.0,135.0,,,,,,,,,
Engenho,AcuRite Iris®,2026/09/06 19:00,18.4,78.0,17.2,21.4,23.7,21.2,1016.26,5.0,0.0,3.0,135.0,,,,,,,,,
Engenho,AcuRite Iris®,2026/09/06 19:05,18.6,77.0,17.2,21.6,23.8,21.4,1016.59,5.0,8.0,2.0,135.0,,,,,,,,,
Engenho,AcuRite Iris®,2026/09/06 19:10,18.2,78.0,17.0,21.2,23.4,21.0,1016.59,5.0,8.0,3.0,68.0,,,,,,,,,
Engenho,AcuRite Iris®,2026/09/06 19:15,18.1,78.0,16.9,21.1,22.6,20.9,1016.59,5.0,5.0,5.0,68.0,,,,,,,,,
Engenho,AcuRite Iris®,2026/09/06 19:20,18.3,78.0,17.1,21.3,23.6,21.1,1016.59,5.0,3.0,3.0,68.0,,,,,,,,,
Engenho,AcuRite Iris®,2026/09/06 19:25,17.9,78.0,16.7,20.9,23.0,20.7,1016.59,5.0,6.0,3.0,90.0,,,,,,,,,
Engenho,AcuRite Iris®,2026/09/06 19:30,18.1,78.0,16.9,21.1,23.2,20.9,1016.59,5.0,5.0,3.0,90.0,,,,,,,,,
Engenho,AcuRite Iris®,2026/09/06 19:35,18.5,77.0,17.1,21.4,23.7,21.3,1016.59,5.0,3.0,3.0,135.0,,,,,,,,,
Engenho,AcuRite Iris®,2026/09/06 19:40,18.2,77.0,16.8,21.2,23.3,21.0,1016.59,5.0,0.0,3.0,90.0,,,,,,,,,
Engenho,AcuRite Iris®,2026/09/06 19:45,18.4,77.0,17.0,21.4,23.6,21.2,1016.59,5.0,2.0,2.0,90.0,,,,,,,,,
Engenho,AcuRite Iris®,2026/09/06 19:50,18.1,77.0,16.7,21.1,23.2,20.9,1016.93,5.0,5.0,2.0,135.0,,,,,,,,,
Engenho,AcuRite Iris®,2026/09/06 19:55,18.3,77.0,16.9,21.3,23.4,21.1,1016.93,5.0,3.0,2.0,135.0,,,,,,,,,
Engenho,AcuRite Iris®,2026/09/06 20:00,17.9,77.0,16.6,20.8,22.9,20.7,1016.59,5.0,3.0,3.0,113.0,,,,,,,,,
Engenho,AcuRite Iris®,2026/09/06 20:05,18.0,77.0,16.6,20.9,23.0,20.8,1016.93,5.0,5.0,2.0,135.0,,,,,,,,,
Engenho,AcuRite Iris®,2026/09/06 20:10,18.3,76.0,16.7,21.3,23.4,21.1,1016.93,5.0,0.0,2.0,135.0,,,,,,,,,
Engenho,AcuRite Iris®,2026/09/06 20:15,18.0,77.0,16.6,20.9,23.0,20.8,1016.93,5.0,3.0,2.0,90.0,,,,,,,,,
Engenho,AcuRite Iris®,2026/09/06 20:20,18.2,77.0,16.8,21.2,23.3,21.0,1016.93,5.0,3.0,2.0,135.0,,,,,,,,,
Engenho,AcuRite Iris®,2026/09/06 20:25,18.1,77.0,16.7,21.1,23.2,20.9,1017.27,5.0,0.0,2.0,113.0,,,,,,,,,
Engenho,AcuRite Iris®,2026/09/06 20:30,17.9,76.0,16.3,20.8,22.8,20.7,1017.27,5.0,5.0,0.0,113.0,,,,,,,,,
Engenho,AcuRite Iris®,2026/09/06 20:35,17.8,77.0,16.4,20.7,22.8,20.6,1017.27,5.0,3.0,2.0,113.0,,,,,,,,,
Engenho,AcuRite Iris®,2026/09/06 20:40,17.8,77.0,16.4,20.7,22.8,20.6,1017.27,5.0,3.0,3.0,113.0,,,,,,,,,
Engenho,AcuRite Iris®,2026/09/06 20:45,18.0,76.0,16.4,20.9,22.9,20.8,1017.27,5.0,0.0,2.0,113.0,,,,,,,,,
Engenho,AcuRite Iris®,2026/09/06 20:50,17.6,77.0,16.2,20.5,22.4,20.4,1017.27,5.0,3.0,2.0,113.0,,,,,,,,,
Engenho,AcuRite Iris®,2026/09/06 20:55,17.5,78.0,16.3,20.4,22.4,20.3,1017.61,5.0,2.0,3.0,135.0,,,,,,,,,
Engenho,AcuRite Iris®,2026/09/06 21:00,18.1,76.0,16.5,21.0,23.1,20.9,1017.27,5.0,2.0,0.0,158.0,,,,,,,,,
Engenho,AcuRite Iris®,2026/09/06 21:05,17.4,78.0,16.3,20.3,21.6,20.2,1017.27,5.0,3.0,5.0,135.0,,,,,,,,,
Engenho,AcuRite Iris®,2026/09/06 21:10,17.6,78.0,16.4,20.5,22.6,20.4,1017.61,5.0,2.0,2.0,135.0,,,,,,,,,
Engenho,AcuRite Iris®,2026/09/06 21:15,17.6,78.0,16.4,20.5,22.6,20.4,1017.27,5.0,0.0,0.0,135.0,,,,,,,,,
Engenho,AcuRite Iris®,2026/09/06 21:20,17.2,79.0,16.2,20.1,22.1,20.0,1017.61,5.0,2.0,2.0,135.0,,,,,,,,,
Engenho,AcuRite Iris®,2026/09/06 21:25,17.5,78.0,16.3,20.4,22.4,20.3,1017.27,5.0,0.0,0.0,135.0,,,,,,,,,
Engenho,AcuRite Iris®,2026/09/06 21:30,17.6,78.0,16.4,20.5,22.6,20.4,1017.61,5.0,0.0,0.0,135.0,,,,,,,,,
Engenho,AcuRite Iris®,2026/09/06 21:35,17.9,76.0,16.3,20.8,22.8,20.7,1017.61,5.0,0.0,0.0,135.0,,,,,,,,,
Engenho,AcuRite Iris®,2026/09/06 21:40,17.9,77.0,16.6,20.8,22.9,20.7,1017.95,5.0,0.0,0.0,135.0,,,,,,,,,
Engenho,AcuRite Iris®,2026/09/06 21:45,17.8,77.0,16.4,20.7,22.8,20.6,1017.61,5.0,0.0,0.0,135.0,,,,,,,,,
Engenho,AcuRite Iris®,2026/09/06 21:50,17.2,79.0,16.2,20.1,22.1,20.0,1017.95,5.0,0.0,0.0,135.0,,,,,,,,,
Engenho,AcuRite Iris®,2026/09/06 21:55,17.3,79.0,16.3,20.2,22.2,20.1,1017.61,5.0,2.0,0.0,135.0,,,,,,,,,
Engenho,AcuRite Iris®,2026/09/06 22:00,17.4,79.0,16.4,20.4,22.4,20.2,1017.61,5.0,0.0,0.0,135.0,,,,,,,,,
Engenho,AcuRite Iris®,2026/09/06 22:05,17.7,78.0,16.5,20.7,22.7,20.5,1017.61,5.0,2.0,0.0,135.0,,,,,,,,,
Engenho,AcuRite Iris®,2026/09/06 22:10,17.3,78.0,16.2,20.2,22.2,20.1,1017.61,5.0,0.0,0.0,135.0,,,,,,,,,
Engenho,AcuRite Iris®,2026/09/06 22:15,17.3,79.0,16.3,20.2,22.2,20.1,1017.61,5.0,0.0,0.0,135.0,,,,,,,,,
Engenho,AcuRite Iris®,2026/09/06 22:20,17.9,77.0,16.6,20.8,22.9,20.7,1017.61,5.0,0.0,0.0,135.0,,,,,,,,,
Engenho,AcuRite Iris®,2026/09/06 22:25,17.9,77.0,16.6,20.8,22.9,20.7,1017.61,5.0,0.0,0.0,135.0,,,,,,,,,
Engenho,AcuRite Iris®,2026/09/06 22:30,17.8,77.0,16.4,20.7,22.8,20.6,1017.61,5.0,0.0,0.0,135.0,,,,,,,,,
Engenho,AcuRite Iris®,2026/09/06 22:35,17.3,78.0,16.2,20.2,22.2,20.1,1017.61,5.0,3.0,0.0,135.0,,,,,,,,,
Engenho,AcuRite Iris®,2026/09/06 22:40,17.4,78.0,16.3,20.3,22.3,20.2,1017.61,5.0,0.0,0.0,135.0,,,,,,,,,
Engenho,AcuRite Iris®,2026/09/06 22:45,17.5,77.0,16.1,20.4,22.3,20.3,1017.61,5.0,2.0,2.0,135.0,,,,,,,,,
Engenho,AcuRite Iris®,2026/09/06 22:50,17.7,77.0,16.3,20.6,22.6,20.5,1017.61,5.0,0.0,0.0,135.0,,,,,,,,,
Engenho,AcuRite Iris®,2026/09/06 22:55,18.0,76.0,16.4,20.9,22.9,20.8,1017.61,5.0,0.0,0.0,135.0,,,,,,,,,
Engenho,AcuRite Iris®,2026/09/06 23:00,17.7,76.0,16.1,20.6,22.6,20.5,1017.61,5.0,2.0,0.0,135.0,,,,,,,,,
Engenho,AcuRite Iris®,2026/09/06 23:05,17.7,76.0,16.1,20.6,22.6,20.5,1017.61,5.0,0.0,0.0,135.0,,,,,,,,,
Engenho,AcuRite Iris®,2026/09/06 23:10,17.6,77.0,16.2,20.5,22.4,20.4,1017.61,5.0,0.0,0.0,135.0,,,,,,,,,
Engenho,AcuRite Iris®,2026/09/06 23:15,17.9,76.0,16.3,20.8,22.8,20.7,1017.61,5.0,3.0,0.0,135.0,,,,,,,,,
Engenho,AcuRite Iris®,2026/09/06 23:20,17.5,77.0,16.1,20.4,22.3,20.3,1017.61,5.0,2.0,2.0,135.0,,,,,,,,,
Engenho,AcuRite Iris®,2026/09/06 23:25,17.8,77.0,16.4,20.7,22.8,20.6,1017.61,5.0,2.0,0.0,135.0,,,,,,,,,
Engenho,AcuRite Iris®,2026/09/06 23:30,17.6,77.0,16.2,20.5,22.4,20.4,1017.27,5.0,2.0,0.0,135.0,,,,,,,,,
Engenho,AcuRite Iris®,2026/09/06 23:35,17.4,77.0,16.1,20.3,22.2,20.2,1017.27,5.0,5.0,2.0,135.0,,,,,,,,,
Engenho,AcuRite Iris®,2026/09/06 23:40,17.3,78.0,16.2,20.2,22.2,20.1,1017.27,5.0,5.0,3.0,135.0,,,,,,,,,
Engenho,AcuRite Iris®,2026/09/06 23:45,17.3,78.0,16.2,20.2,22.2,20.1,1017.27,5.0,2.0,2.0,135.0,,,,,,,,,
Engenho,AcuRite Iris®,2026/09/06 23:50,17.4,78.0,16.3,20.3,22.3,20.2,1017.27,5.0,0.0,2.0,135.0,,,,,,,,,
Engenho,AcuRite Iris®,2026/09/06 23:55,17.5,77.0,16.1,20.4,22.3,20.3,1017.27,5.0,3.0,0.0,135.0,,,,,,,,,
Engenho,AcuRite Iris®,2026/10/06 00:00,17.2,78.0,16.1,20.1,22.0,20.0,1017.61,0.0,8.0,2.0,158.0,,,,,,,,,
Engenho,AcuRite Iris®,2026/10/06 00:05,17.1,79.0,16.1,20.0,21.2,19.9,1017.61,0.0,6.0,5.0,135.0,,,,,,,,,
Engenho,AcuRite Iris®,2026/10/06 00:10,17.2,79.0,16.2,20.1,22.1,20.0,1017.27,0.0,2.0,3.0,158.0,,,,,,,,,
Engenho,AcuRite Iris®,2026/10/06 00:15,17.6,78.0,16.4,20.5,22.6,20.4,1017.27,0.0,3.0,2.0,158.0,,,,,,,,,
Engenho,AcuRite Iris®,2026/10/06 00:20,17.6,77.0,16.2,20.5,22.4,20.4,1016.93,0.0,5.0,2.0,158.0,,,,,,,,,
Engenho,AcuRite Iris®,2026/10/06 00:25,17.2,78.0,16.1,20.1,21.3,20.0,1017.27,0.0,3.0,5.0,135.0,,,,,,,,,
Engenho,AcuRite Iris®,2026/10/06 00:30,16.9,78.0,15.8,19.8,21.6,19.7,1017.27,0.0,5.0,3.0,135.0,,,,,,,,,
Engenho,AcuRite Iris®,2026/10/06 00:35,17.0,78.0,15.8,19.8,21.7,19.8,1017.27,0.0,2.0,3.0,135.0,,,,,,,,,
Engenho,AcuRite Iris®,2026/10/06 00:40,17.1,78.0,15.9,19.9,21.8,19.9,1017.27,0.0,3.0,3.0,135.0,,,,,,,,,
Engenho,AcuRite Iris®,2026/10/06 00:45,17.1,78.0,15.9,19.9,21.8,19.9,1017.27,0.0,5.0,3.0,135.0,,,,,,,,,
Engenho,AcuRite Iris®,2026/10/06 00:50,17.2,78.0,16.1,20.1,22.0,20.0,1017.27,0.0,0.0,2.0,135.0,,,,,,,,,
Engenho,AcuRite Iris®,2026/10/06 00:55,17.2,78.0,16.1,20.1,22.0,20.0,1017.27,0.0,3.0,2.0,135.0,,,,,,,,,
Engenho,AcuRite Iris®,2026/10/06 01:00,16.9,78.0,15.8,19.8,21.6,19.7,1017.27,0.0,5.0,2.0,135.0,,,,,,,,,
Engenho,AcuRite Iris®,2026/10/06 01:05,17.2,78.0,16.1,20.1,22.0,20.0,1017.27,0.0,2.0,2.0,135.0,,,,,,,,,
Engenho,AcuRite Iris®,2026/10/06 01:10,17.0,78.0,15.8,19.8,21.7,19.8,1017.27,0.0,2.0,2.0,135.0,,,,,,,,,
Engenho,AcuRite Iris®,2026/10/06 01:15,17.1,78.0,15.9,19.9,21.8,19.9,1017.27,0.0,6.0,2.0,135.0,,,,,,,,,
Engenho,AcuRite Iris®,2026/10/06 01:20,16.9,78.0,15.8,19.8,21.6,19.7,1017.27,0.0,0.0,3.0,135.0,,,,,,,,,
Engenho,AcuRite Iris®,2026/10/06 01:25,16.9,78.0,15.8,19.8,21.6,19.7,1017.61,0.0,2.0,2.0,135.0,,,,,,,,,
Engenho,AcuRite Iris®,2026/10/06 01:30,16.8,79.0,15.9,19.7,21.6,19.6,1017.27,0.0,3.0,2.0,135.0,,,,,,,,,
Engenho,AcuRite Iris®,2026/10/06 01:35,17.1,78.0,15.9,19.9,21.8,19.9,1017.61,0.0,2.0,0.0,135.0,,,,,,,,,
Engenho,AcuRite Iris®,2026/10/06 01:40,17.3,78.0,16.2,20.2,22.2,20.1,1017.61,0.0,0.0,0.0,135.0,,,,,,,,,
Engenho,AcuRite Iris®,2026/10/06 01:45,17.5,77.0,16.1,20.4,22.3,20.3,1017.61,0.0,0.0,0.0,135.0,,,,,,,,,
Engenho,AcuRite Iris®,2026/10/06 01:50,17.4,77.0,16.1,20.3,22.2,20.2,1017.61,0.0,0.0,0.0,135.0,,,,,,,,,
Engenho,AcuRite Iris®,2026/10/06 01:55,17.6,77.0,16.2,20.5,22.4,20.4,1017.61,0.0,0.0,0.0,135.0,,,,,,,,,
Engenho,AcuRite Iris®,2026/10/06 02:00,17.2,78.0,16.1,20.1,22.0,20.0,1017.61,0.0,0.0,0.0,135.0,,,,,,,,,
Engenho,AcuRite Iris®,2026/10/06 02:05,17.3,78.0,16.2,20.2,22.2,20.1,1017.27,0.0,0.0,0.0,135.0,,,,,,,,,
Engenho,AcuRite Iris®,2026/10/06 02:10,17.2,78.0,16.1,20.1,22.0,20.0,1017.27,0.0,0.0,0.0,135.0,,,,,,,,,
Engenho,AcuRite Iris®,2026/10/06 02:15,17.4,78.0,16.3,20.3,22.3,20.2,1017.27,0.0,0.0,0.0,135.0,,,,,,,,,
Engenho,AcuRite Iris®,2026/10/06 02:20,17.2,77.0,15.8,20.1,21.9,20.0,1017.27,0.0,0.0,0.0,135.0,,,,,,,,,
Engenho,AcuRite Iris®,2026/10/06 02:25,17.4,77.0,16.1,20.3,22.2,20.2,1017.27,0.0,0.0,0.0,135.0,,,,,,,,,
Engenho,AcuRite Iris®,2026/10/06 02:30,17.4,77.0,16.1,20.3,22.2,20.2,1017.27,0.0,0.0,0.0,135.0,,,,,,,,,
Engenho,AcuRite Iris®,2026/10/06 02:35,17.1,77.0,15.7,19.9,21.8,19.9,1017.27,0.0,0.0,0.0,135.0,,,,,,,,,
Engenho,AcuRite Iris®,2026/10/06 02:40,17.0,77.0,15.6,19.8,21.6,19.8,1016.93,0.0,0.0,0.0,135.0,,,,,,,,,
Engenho,AcuRite Iris®,2026/10/06 02:45,17.4,77.0,16.1,20.3,22.2,20.2,1017.27,0.0,0.0,0.0,135.0,,,,,,,,,
Engenho,AcuRite Iris®,2026/10/06 02:50,17.2,77.0,15.8,20.1,21.9,20.0,1017.27,0.0,0.0,0.0,135.0,,,,,,,,,
Engenho,AcuRite Iris®,2026/10/06 02:55,17.3,77.0,15.9,20.2,22.1,20.1,1017.27,0.0,0.0,0.0,135.0,,,,,,,,,
Engenho,AcuRite Iris®,2026/10/06 03:00,17.6,76.0,16.0,20.4,22.4,20.4,1017.27,0.0,0.0,0.0,135.0,,,,,,,,,
Engenho,AcuRite Iris®,2026/10/06 03:05,17.7,75.0,15.9,20.6,22.4,20.5,1017.27,0.0,0.0,0.0,135.0,,,,,,,,,
Engenho,AcuRite Iris®,2026/10/06 03:10,16.8,77.0,15.4,19.6,21.4,19.6,1016.93,0.0,0.0,0.0,135.0,,,,,,,,,
Engenho,AcuRite Iris®,2026/10/06 03:15,17.2,77.0,15.8,20.1,21.9,20.0,1016.93,0.0,0.0,0.0,135.0,,,,,,,,,
Engenho,AcuRite Iris®,2026/10/06 03:20,16.9,77.0,15.6,19.8,21.6,19.7,1016.93,0.0,2.0,0.0,135.0,,,,,,,,,
Engenho,AcuRite Iris®,2026/10/06 03:25,16.7,78.0,15.6,19.6,21.3,19.5,1016.59,0.0,0.0,0.0,135.0,,,,,,,,,
Engenho,AcuRite Iris®,2026/10/06 03:30,16.4,79.0,15.5,19.3,21.0,19.2,1016.59,0.0,2.0,2.0,135.0,,,,,,,,,
Engenho,AcuRite Iris®,2026/10/06 03:35,16.4,79.0,15.5,19.3,21.0,19.2,1016.59,0.0,0.0,2.0,135.0,,,,,,,,,
Engenho,AcuRite Iris®,2026/10/06 03:40,16.3,80.0,15.6,19.2,20.9,19.1,1016.59,0.0,3.0,3.0,135.0,,,,,,,,,
Engenho,AcuRite Iris®,2026/10/06 03:45,16.2,80.0,15.4,19.1,20.8,19.0,1016.59,0.0,3.0,3.0,135.0,,,,,,,,,
Engenho,AcuRite Iris®,2026/10/06 03:50,16.0,80.0,15.3,18.8,20.5,18.8,1016.59,0.0,5.0,3.0,135.0,,,,,,,,,
Engenho,AcuRite Iris®,2026/10/06 03:55,16.1,80.0,15.3,18.9,20.6,18.9,1016.59,0.0,2.0,2.0,135.0,,,,,,,,,
Engenho,AcuRite Iris®,2026/10/06 04:00,16.3,79.0,15.4,19.2,20.9,19.1,1016.59,0.0,2.0,0.0,135.0,,,,,,,,,
Engenho,AcuRite Iris®,2026/10/06 04:05,16.3,79.0,15.4,19.2,20.9,19.1,1016.26,0.0,0.0,0.0,135.0,,,,,,,,,
Engenho,AcuRite Iris®,2026/10/06 04:10,16.6,78.0,15.4,19.4,21.2,19.4,1016.26,0.0,0.0,0.0,135.0,,,,,,,,,
Engenho,AcuRite Iris®,2026/10/06 04:15,16.2,79.0,15.3,19.0,20.7,19.0,1016.26,0.0,3.0,0.0,135.0,,,,,,,,,
Engenho,AcuRite Iris®,2026/10/06 04:20,16.1,80.0,15.3,18.9,20.6,18.9,1016.26,0.0,0.0,0.0,135.0,,,,,,,,,
Engenho,AcuRite Iris®,2026/10/06 04:25,16.3,80.0,15.6,19.2,20.9,19.1,1016.26,0.0,0.0,2.0,135.0,,,,,,,,,
Engenho,AcuRite Iris®,2026/10/06 04:30,16.1,79.0,15.2,18.9,20.6,18.9,1016.26,0.0,2.0,2.0,135.0,,,,,,,,,
Engenho,AcuRite Iris®,2026/10/06 04:35,16.1,79.0,15.2,18.9,20.6,18.9,1016.26,0.0,3.0,2.0,135.0,,,,,,,,,
Engenho,AcuRite Iris®,2026/10/06 04:40,16.3,79.0,15.4,19.2,20.9,19.1,1016.59,0.0,2.0,2.0,135.0,,,,,,,,,
Engenho,AcuRite Iris®,2026/10/06 04:45,16.5,78.0,15.3,19.3,21.0,19.3,1016.59,0.0,0.0,0.0,135.0,,,,,,,,,
Engenho,AcuRite Iris®,2026/10/06 04:50,16.4,78.0,15.3,19.2,20.9,19.2,1016.59,0.0,2.0,2.0,135.0,,,,,,,,,
Engenho,AcuRite Iris®,2026/10/06 04:55,16.6,78.0,15.4,19.4,21.2,19.4,1016.59,0.0,3.0,0.0,135.0,,,,,,,,,
Engenho,AcuRite Iris®,2026/10/06 05:00,16.5,79.0,15.6,19.3,21.1,19.3,1016.59,0.0,0.0,2.0,135.0,,,,,,,,,
Engenho,AcuRite Iris®,2026/10/06 05:05,16.6,77.0,15.2,19.4,21.1,19.4,1016.59,0.0,0.0,0.0,135.0,,,,,,,,,
Engenho,AcuRite Iris®,2026/10/06 05:10,16.6,78.0,15.4,19.4,21.2,19.4,1016.59,0.0,2.0,0.0,135.0,,,,,,,,,
Engenho,AcuRite Iris®,2026/10/06 05:15,16.2,78.0,15.1,19.0,20.7,19.0,1016.59,0.0,2.0,2.0,135.0,,,,,,,,,
Engenho,AcuRite Iris®,2026/10/06 05:20,16.3,78.0,15.2,19.1,20.8,19.1,1016.59,0.0,3.0,2.0,135.0,,,,,,,,,
Engenho,AcuRite Iris®,2026/10/06 05:25,16.6,78.0,15.4,19.4,21.2,19.4,1016.59,0.0,0.0,0.0,135.0,,,,,,,,,
Engenho,AcuRite Iris®,2026/10/06 05:30,16.7,78.0,15.6,19.6,21.3,19.5,1016.59,0.0,0.0,0.0,135.0,,,,,,,,,
Engenho,AcuRite Iris®,2026/10/06 05:35,16.6,78.0,15.4,19.4,21.2,19.4,1016.93,0.0,2.0,0.0,135.0,,,,,,,,,
Engenho,AcuRite Iris®,2026/10/06 05:40,16.8,78.0,15.7,19.7,21.4,19.6,1016.93,0.0,2.0,0.0,135.0,,,,,,,,,
Engenho,AcuRite Iris®,2026/10/06 05:45,16.2,78.0,15.1,19.0,20.7,19.0,1017.27,0.0,3.0,0.0,135.0,,,,,,,,,
Engenho,AcuRite Iris®,2026/10/06 05:50,16.1,79.0,15.2,18.9,20.6,18.9,1017.27,0.0,0.0,2.0,135.0,,,,,,,,,
Engenho,AcuRite Iris®,2026/10/06 05:55,16.2,78.0,15.1,19.0,20.7,19.0,1017.27,0.0,0.0,0.0,135.0,,,,,,,,,
Engenho,AcuRite Iris®,2026/10/06 06:00,16.3,78.0,15.2,19.1,20.8,19.1,1017.27,0.0,0.0,0.0,135.0,,,,,,,,,
Engenho,AcuRite Iris®,2026/10/06 06:05,16.1,78.0,14.9,18.9,20.5,18.9,1017.27,0.0,2.0,0.0,135.0,,,,,,,,,
Engenho,AcuRite Iris®,2026/10/06 06:10,16.3,78.0,15.2,19.1,20.8,19.1,1017.27,0.0,0.0,0.0,135.0,,,,,,,,,
Engenho,AcuRite Iris®,2026/10/06 06:15,16.7,77.0,15.3,19.5,21.2,19.5,1017.61,0.0,0.0,0.0,135.0,,,,,,,,,
Engenho,AcuRite Iris®,2026/10/06 06:20,16.1,78.0,14.9,18.9,20.5,18.9,1017.61,0.0,2.0,2.0,135.0,,,,,,,,,
Engenho,AcuRite Iris®,2026/10/06 06:25,16.2,78.0,15.1,19.0,20.7,19.0,1017.61,0.0,2.0,0.0,135.0,,,,,,,,,
Engenho,AcuRite Iris®,2026/10/06 06:30,16.4,77.0,15.1,19.2,20.9,19.2,1017.61,0.0,0.0,0.0,135.0,,,,,,,,,
Engenho,AcuRite Iris®,2026/10/06 06:35,16.2,77.0,14.9,18.9,20.6,19.0,1017.95,0.0,3.0,0.0,135.0,,,,,,,,,
Engenho,AcuRite Iris®,2026/10/06 06:40,16.1,77.0,14.8,18.8,20.4,18.9,1017.95,0.0,0.0,0.0,135.0,,,,,,,,,
Engenho,AcuRite Iris®,2026/10/06 06:45,16.0,78.0,14.8,18.7,20.3,18.8,1017.95,0.0,0.0,2.0,135.0,,,,,,,,,
Engenho,AcuRite Iris®,2026/10/06 06:50,16.1,78.0,14.9,18.9,20.5,18.9,1018.29,0.0,2.0,0.0,135.0,,,,,,,,,
Engenho,AcuRite Iris®,2026/10/06 06:55,16.0,79.0,15.1,18.8,20.4,18.8,1017.95,0.0,0.0,0.0,135.0,,,,,,,,,
Engenho,AcuRite Iris®,2026/10/06 07:00,16.3,79.0,15.4,19.2,20.9,19.1,1017.95,0.0,0.0,0.0,135.0,,,,,,,,,
Engenho,AcuRite Iris®,2026/10/06 07:05,16.3,79.0,15.4,19.2,20.9,19.1,1018.29,0.0,0.0,0.0,135.0,,,,,,,,,
Engenho,AcuRite Iris®,2026/10/06 07:10,15.9,80.0,15.2,18.7,20.4,18.7,1018.29,0.0,3.0,0.0,135.0,,,,,,,,,
Engenho,AcuRite Iris®,2026/10/06 07:15,15.9,81.0,15.4,18.8,20.5,18.7,1018.29,0.0,3.0,0.0,135.0,,,,,,,,,
Engenho,AcuRite Iris®,2026/10/06 07:20,16.1,81.0,15.6,18.9,20.7,18.9,1018.29,0.0,0.0,0.0,135.0,,,,,,,,,
Engenho,AcuRite Iris®,2026/10/06 07:25,16.4,81.0,15.9,19.3,21.2,19.2,1018.29,0.0,0.0,0.0,135.0,,,,,,,,,
Engenho,AcuRite Iris®,2026/10/06 07:30,16.3,80.0,15.6,19.2,20.9,19.1,1018.29,0.0,2.0,0.0,135.0,,,,,,,,,
Engenho,AcuRite Iris®,2026/10/06 07:35,16.3,81.0,15.8,19.2,21.0,19.1,1018.63,0.0,2.0,0.0,135.0,,,,,,,,,
Engenho,AcuRite Iris®,2026/10/06 07:40,16.4,81.0,15.9,19.3,21.2,19.2,1018.63,0.0,0.0,0.0,135.0,,,,,,,,,
Engenho,AcuRite Iris®,2026/10/06 07:45,16.2,81.0,15.7,19.1,20.8,19.0,1018.63,0.0,3.0,0.0,135.0,,,,,,,,,
Engenho,AcuRite Iris®,2026/10/06 07:50,16.2,81.0,15.7,19.1,20.8,19.0,1018.63,0.0,2.0,2.0,135.0,,,,,,,,,
Engenho,AcuRite Iris®,2026/10/06 07:55,16.5,81.0,15.9,19.4,21.2,19.3,1018.63,0.0,0.0,0.0,135.0,,,,,,,,,
Engenho,AcuRite Iris®,2026/10/06 08:00,16.4,81.0,15.9,19.3,21.2,19.2,1018.29,0.0,0.0,0.0,135.0,,,,,,,,,
Engenho,AcuRite Iris®,2026/10/06 08:05,16.6,81.0,16.1,19.5,21.4,19.4,1018.63,0.0,0.0,0.0,135.0,,,,,,,,,
Engenho,AcuRite Iris®,2026/10/06 08:10,16.5,80.0,15.7,19.3,21.2,19.3,1018.63,0.0,3.0,0.0,135.0,,,,,,,,,
Engenho,AcuRite Iris®,2026/10/06 08:15,16.2,81.0,15.7,19.1,20.8,19.0,1018.63,0.0,0.0,2.0,135.0,,,,,,,,,
Engenho,AcuRite Iris®,2026/10/06 08:20,16.3,81.0,15.8,19.2,21.0,19.1,1018.29,0.0,2.0,0.0,135.0,,,,,,,,,
Engenho,AcuRite Iris®,2026/10/06 08:25,16.2,81.0,15.7,19.1,20.8,19.0,1018.63,0.0,2.0,0.0,135.0,,,,,,,,,
Engenho,AcuRite Iris®,2026/10/06 08:30,16.8,80.0,16.1,19.7,21.6,19.6,1018.63,0.0,0.0,0.0,135.0,,,,,,,,,
Engenho,AcuRite Iris®,2026/10/06 08:35,16.6,80.0,15.8,19.5,21.3,19.4,1018.63,0.0,5.0,2.0,135.0,,,,,,,,,
Engenho,AcuRite Iris®,2026/10/06 08:40,16.4,80.0,15.7,19.3,21.1,19.2,1018.63,0.0,2.0,2.0,135.0,,,,,,,,,
Engenho,AcuRite Iris®,2026/10/06 08:45,16.7,79.0,15.8,19.6,21.4,19.5,1018.63,0.0,0.0,2.0,135.0,,,,,,,,,
Engenho,AcuRite Iris®,2026/10/06 08:50,16.9,79.0,16.0,19.8,21.7,19.7,1018.63,0.0,2.0,0.0,135.0,,,,,,,,,
Engenho,AcuRite Iris®,2026/10/06 08:55,16.7,79.0,15.8,19.6,21.4,19.5,1018.96,0.0,2.0,2.0,135.0,,,,,,,,,
Engenho,AcuRite Iris®,2026/10/06 09:00,16.4,80.0,15.7,19.3,20.4,19.2,1018.96,0.0,5.0,5.0,135.0,,,,,,,,,
Engenho,AcuRite Iris®,2026/10/06 09:05,16.7,80.0,15.9,19.6,21.4,19.5,1019.3,0.0,2.0,2.0,135.0,,,,,,,,,
Engenho,AcuRite Iris®,2026/10/06 09:10,16.7,79.0,15.8,19.6,21.4,19.5,1018.96,0.0,2.0,2.0,135.0,,,,,,,,,
Engenho,AcuRite Iris®,2026/10/06 09:15,16.6,79.0,15.7,19.4,21.2,19.4,1019.3,0.0,3.0,2.0,135.0,,,,,,,,,
Engenho,AcuRite Iris®,2026/10/06 09:20,16.6,80.0,15.8,19.5,21.3,19.4,1019.3,0.0,2.0,2.0,135.0,,,,,,,,,
Engenho,AcuRite Iris®,2026/10/06 09:25,16.7,80.0,15.9,19.6,21.4,19.5,1019.3,0.0,2.0,0.0,135.0,,,,,,,,,
Engenho,AcuRite Iris®,2026/10/06 09:30,16.8,80.0,16.1,19.7,21.6,19.6,1019.3,0.0,0.0,0.0,135.0,,,,,,,,,
Engenho,AcuRite Iris®,2026/10/06 09:35,16.7,80.0,15.9,19.6,21.4,19.5,1019.3,0.0,2.0,0.0,135.0,,,,,,,,,
Engenho,AcuRite Iris®,2026/10/06 09:40,17.0,77.0,15.6,19.8,21.6,19.8,1019.3,0.0,0.0,0.0,135.0,,,,,,,,,
Engenho,AcuRite Iris®,2026/10/06 09:45,16.8,77.0,15.4,19.6,21.4,19.6,1019.3,0.0,5.0,3.0,135.0,,,,,,,,,
Engenho,AcuRite Iris®,2026/10/06 09:50,17.2,76.0,15.6,20.1,21.8,20.0,1019.3,0.0,0.0,0.0,135.0,,,,,,,,,
Engenho,AcuRite Iris®,2026/10/06 09:55,17.5,74.0,15.5,20.3,22.1,20.3,1019.3,0.0,3.0,2.0,135.0,,,,,,,,,
Engenho,AcuRite Iris®,2026/10/06 10:00,17.1,75.0,15.3,19.9,21.6,19.9,1019.3,0.0,2.0,2.0,135.0,,,,,,,,,
Engenho,AcuRite Iris®,2026/10/06 10:05,17.4,74.0,15.4,20.2,22.0,20.2,1019.3,0.0,0.0,0.0,135.0,,,,,,,,,
Engenho,AcuRite Iris®,2026/10/06 10:10,17.5,74.0,15.5,20.3,22.1,20.3,1019.3,0.0,0.0,0.0,135.0,,,,,,,,,
Engenho,AcuRite Iris®,2026/10/06 10:15,17.4,74.0,15.4,20.2,22.0,20.2,1018.96,0.0,3.0,3.0,135.0,,,,,,,,,
Engenho,AcuRite Iris®,2026/10/06 10:20,17.7,74.0,15.7,20.6,22.4,20.5,1019.3,0.0,2.0,0.0,135.0,,,,,,,,,
Engenho,AcuRite Iris®,2026/10/06 10:25,17.6,74.0,15.6,20.4,22.2,20.4,1019.3,0.0,5.0,2.0,135.0,,,,,,,,,
Engenho,AcuRite Iris®,2026/10/06 10:30,17.7,73.0,15.5,20.5,22.3,20.5,1019.3,0.0,2.0,0.0,135.0,,,,,,,,,
Engenho,AcuRite Iris®,2026/10/06 10:35,18.0,72.0,15.6,20.8,22.6,20.8,1019.3,0.0,2.0,0.0,135.0,,,,,,,,,
Engenho,AcuRite Iris®,2026/10/06 10:40,17.6,73.0,15.4,20.4,22.2,20.4,1019.3,0.0,0.0,2.0,135.0,,,,,,,,,
Engenho,AcuRite Iris®,2026/10/06 10:45,18.0,72.0,15.6,20.8,22.6,20.8,1018.96,0.0,0.0,0.0,135.0,,,,,,,,,
Engenho,AcuRite Iris®,2026/10/06 10:50,18.2,72.0,15.8,21.1,22.9,21.0,1018.96,0.0,0.0,0.0,135.0,,,,,,,,,
Engenho,AcuRite Iris®,2026/10/06 10:55,18.0,72.0,15.6,20.8,22.6,20.8,1018.63,0.0,3.0,3.0,135.0,,,,,,,,,
Engenho,AcuRite Iris®,2026/10/06 11:05,18.0,72.0,15.6,20.8,22.6,20.8,1018.63,0.0,2.0,2.0,135.0,,,,,,,,,
Engenho,AcuRite Iris®,2026/10/06 11:10,18.3,72.0,15.8,21.2,23.1,21.1,1018.29,0.0,2.0,0.0,135.0,,,,,,,,,
Engenho,AcuRite Iris®,2026/10/06 11:15,18.3,71.0,15.7,21.1,22.9,21.1,1018.29,0.0,2.0,2.0,135.0,,,,,,,,,
Engenho,AcuRite Iris®,2026/10/06 11:20,18.9,70.0,16.0,21.8,23.7,21.7,1018.63,0.0,0.0,0.0,135.0,,,,,,,,,
Engenho,AcuRite Iris®,2026/10/06 11:25,19.1,69.0,15.9,21.9,23.8,21.9,1018.63,0.0,0.0,0.0,135.0,,,,,,,,,
Engenho,AcuRite Iris®,2026/10/06 11:30,19.5,69.0,16.3,22.4,24.4,22.3,1018.29,0.0,0.0,0.0,135.0,,,,,,,,,
Engenho,AcuRite Iris®,2026/10/06 11:35,19.4,69.0,16.3,22.3,24.3,22.2,1018.29,0.0,2.0,2.0,135.0,,,,,,,,,
Engenho,AcuRite Iris®,2026/10/06 11:40,19.5,70.0,16.6,22.4,24.5,22.3,1018.29,0.0,0.0,2.0,135.0,,,,,,,,,
Engenho,AcuRite Iris®,2026/10/06 11:45,19.9,69.0,16.7,22.8,25.0,22.7,1018.63,0.0,2.0,0.0,135.0,,,,,,,,,
Engenho,AcuRite Iris®,2026/10/06 11:50,19.8,69.0,16.6,22.7,24.8,22.6,1018.29,0.0,0.0,0.0,135.0,,,,,,,,,
Engenho,AcuRite Iris®,2026/10/06 11:55,19.8,69.0,16.6,22.7,24.8,22.6,1018.29,0.0,5.0,0.0,135.0,,,,,,,,,
Engenho,AcuRite Iris®,2026/10/06 12:00,19.4,69.0,16.3,22.3,24.3,22.2,1018.29,0.0,3.0,2.0,135.0,,,,,,,,,
Engenho,AcuRite Iris®,2026/10/06 12:05,19.2,69.0,16.1,22.1,24.0,22.0,1018.29,0.0,3.0,2.0,135.0,,,,,,,,,
Engenho,AcuRite Iris®,2026/10/06 12:10,18.7,71.0,16.0,21.6,23.5,21.5,1018.29,0.0,0.0,0.0,135.0,,,,,,,,,
Engenho,AcuRite Iris®,2026/10/06 12:15,19.3,70.0,16.4,22.2,24.2,22.1,1018.29,0.0,0.0,0.0,135.0,,,,,,,,,
Engenho,AcuRite Iris®,2026/10/06 12:20,18.8,70.0,15.9,21.7,23.6,21.6,1017.95,0.0,3.0,2.0,135.0,,,,,,,,,
Engenho,AcuRite Iris®,2026/10/06 12:25,18.5,70.0,15.6,21.3,23.1,21.3,1017.95,0.0,3.0,2.0,135.0,,,,,,,,,
Engenho,AcuRite Iris®,2026/10/06 12:30,18.4,71.0,15.7,21.3,23.1,21.2,1017.61,0.0,3.0,2.0,135.0,,,,,,,,,
Engenho,AcuRite Iris®,2026/10/06 12:35,18.8,70.0,15.9,21.7,23.6,21.6,1017.61,0.0,0.0,2.0,135.0,,,,,,,,,
Engenho,AcuRite Iris®,2026/10/06 12:40,18.5,70.0,15.6,21.3,23.1,21.3,1017.61,0.0,3.0,2.0,135.0,,,,,,,,,
Engenho,AcuRite Iris®,2026/10/06 12:45,19.0,69.0,15.8,21.8,23.7,21.8,1017.61,0.0,0.0,2.0,135.0,,,,,,,,,
Engenho,AcuRite Iris®,2026/10/06 12:50,19.2,69.0,16.1,22.1,24.0,22.0,1017.61,0.0,2.0,2.0,135.0,,,,,,,,,
Engenho,AcuRite Iris®,2026/10/06 12:55,19.6,69.0,16.4,22.5,24.6,22.4,1017.61,0.0,2.0,0.0,135.0,,,,,,,,,
Engenho,AcuRite Iris®,2026/10/06 13:00,19.4,68.0,16.0,22.3,24.2,22.2,1017.27,0.0,0.0,0.0,135.0,,,,,,,,,
Engenho,AcuRite Iris®,2026/10/06 13:05,19.9,68.0,16.5,22.8,24.9,22.7,1017.27,0.0,2.0,0.0,135.0,,,,,,,,,
Engenho,AcuRite Iris®,2026/10/06 13:10,20.1,68.0,16.7,23.0,25.1,22.9,1017.27,0.0,2.0,2.0,135.0,,,,,,,,,
Engenho,AcuRite Iris®,2026/10/06 13:15,20.1,68.0,16.7,23.0,25.1,22.9,1017.27,0.0,2.0,2.0,135.0,,,,,,,,,
Engenho,AcuRite Iris®,2026/10/06 13:20,20.1,68.0,16.7,23.0,25.1,22.9,1016.93,0.0,0.0,2.0,135.0,,,,,,,,,
Engenho,AcuRite Iris®,2026/10/06 13:25,20.4,68.0,17.0,23.4,25.6,23.2,1016.93,0.0,2.0,0.0,135.0,,,,,,,,,
Engenho,AcuRite Iris®,2026/10/06 13:30,20.3,68.0,16.9,23.3,25.4,23.1,1016.59,0.0,2.0,2.0,135.0,,,,,,,,,
Engenho,AcuRite Iris®,2026/10/06 13:35,20.4,68.0,17.0,23.4,25.6,23.2,1016.93,0.0,2.0,0.0,135.0,,,,,,,,,
Engenho,AcuRite Iris®,2026/10/06 13:40,20.1,69.0,16.9,23.1,25.2,22.9,1016.59,0.0,3.0,2.0,135.0,,,,,,,,,
Engenho,AcuRite Iris®,2026/10/06 13:45,20.2,68.0,16.8,23.1,25.3,23.0,1016.59,0.0,3.0,2.0,135.0,,,,,,,,,
Engenho,AcuRite Iris®,2026/10/06 13:50,20.5,68.0,17.1,23.4,25.7,23.3,1016.26,0.0,0.0,0.0,135.0,,,,,,,,,
Engenho,AcuRite Iris®,2026/10/06 13:55,20.6,68.0,17.1,23.6,25.8,23.4,1016.59,0.0,3.0,0.0,135.0,,,,,,,,,
Engenho,AcuRite Iris®,2026/10/06 14:00,21.1,67.0,17.4,24.1,26.4,23.9,1016.59,0.0,0.0,0.0,135.0,,,,,,,,,
Engenho,AcuRite Iris®,2026/10/06 14:05,20.6,67.0,16.9,23.6,25.7,23.4,1016.59,0.0,0.0,0.0,135.0,,,,,,,,,
Engenho,AcuRite Iris®,2026/10/06 14:10,21.1,67.0,17.4,24.1,26.4,23.9,1016.59,0.0,0.0,0.0,135.0,,,,,,,,,
Engenho,AcuRite Iris®,2026/10/06 14:15,20.7,68.0,17.2,23.7,26.0,23.5,1016.59,0.0,0.0,0.0,135.0,,,,,,,,,
Engenho,AcuRite Iris®,2026/10/06 14:20,20.6,68.0,17.1,23.6,25.8,23.4,1016.59,0.0,0.0,0.0,135.0,,,,,,,,,
Engenho,AcuRite Iris®,2026/10/06 14:25,21.0,68.0,17.5,24.0,26.4,23.8,1016.26,0.0,0.0,0.0,135.0,,,,,,,,,
Engenho,AcuRite Iris®,2026/10/06 14:30,20.8,68.0,17.3,23.8,26.1,23.6,1016.26,0.0,0.0,0.0,135.0,,,,,,,,,
Engenho,AcuRite Iris®,2026/10/06 14:35,20.7,68.0,17.2,23.7,26.0,23.5,1016.59,0.0,0.0,0.0,135.0,,,,,,,,,
Engenho,AcuRite Iris®,2026/10/06 14:40,21.0,68.0,17.5,24.0,26.4,23.8,1016.59,0.0,0.0,0.0,135.0,,,,,,,,,
Engenho,AcuRite Iris®,2026/10/06 14:45,20.4,69.0,17.2,23.4,25.7,23.2,1016.59,0.0,2.0,0.0,135.0,,,,,,,,,
Engenho,AcuRite Iris®,2026/10/06 14:50,19.7,70.0,16.7,22.6,24.8,22.5,1016.59,0.0,2.0,0.0,135.0,,,,,,,,,
Engenho,AcuRite Iris®,2026/10/06 14:55,19.4,70.0,16.5,22.3,24.4,22.2,1016.59,0.0,2.0,2.0,135.0,,,,,,,,,
Engenho,AcuRite Iris®,2026/10/06 15:00,19.2,70.0,16.3,22.1,24.1,22.0,1016.59,0.0,3.0,2.0,203.0,,,,,,,,,
Engenho,AcuRite Iris®,2026/10/06 15:05,19.4,71.0,16.7,22.3,24.5,22.2,1016.59,0.0,2.0,2.0,203.0,,,,,,,,,
Engenho,AcuRite Iris®,2026/10/06 15:10,18.9,71.0,16.2,21.8,23.8,21.7,1016.59,0.0,3.0,2.0,270.0,,,,,,,,,
Engenho,AcuRite Iris®,2026/10/06 15:15,18.7,71.0,16.0,21.6,23.5,21.5,1016.59,0.0,2.0,2.0,270.0,,,,,,,,,
Engenho,AcuRite Iris®,2026/10/06 15:20,19.2,71.0,16.5,22.1,24.2,22.0,1016.59,0.0,0.0,0.0,270.0,,,,,,,,,
Engenho,AcuRite Iris®,2026/10/06 15:25,19.1,71.0,16.4,22.0,24.0,21.9,1016.59,0.0,2.0,0.0,270.0,,,,,,,,,
Engenho,AcuRite Iris®,2026/10/06 15:30,18.9,72.0,16.4,21.8,23.9,21.7,1016.59,0.0,0.0,0.0,270.0,,,,,,,,,
Engenho,AcuRite Iris®,2026/10/06 15:35,19.0,71.0,16.3,21.9,23.9,21.8,1016.59,0.0,3.0,0.0,270.0,,,,,,,,,
Engenho,AcuRite Iris®,2026/10/06 15:40,18.7,72.0,16.2,21.6,23.6,21.5,1016.59,0.0,0.0,2.0,270.0,,,,,,,,,
Engenho,AcuRite Iris®,2026/10/06 15:45,18.9,72.0,16.4,21.8,23.9,21.7,1016.26,0.0,0.0,0.0,270.0,,,,,,,,,
Engenho,AcuRite Iris®,2026/10/06 15:50,19.1,71.0,16.4,22.0,24.0,21.9,1016.26,0.0,0.0,0.0,270.0,,,,,,,,,
Engenho,AcuRite Iris®,2026/10/06 15:55,19.0,72.0,16.5,21.9,23.9,21.8,1016.26,0.0,0.0,0.0,270.0,,,,,,,,,
Engenho,AcuRite Iris®,2026/10/06 16:00,18.7,72.0,16.2,21.6,23.6,21.5,1016.26,0.0,3.0,2.0,270.0,,,,,,,,,
Engenho,AcuRite Iris®,2026/10/06 16:05,18.6,72.0,16.1,21.4,23.4,21.4,1016.26,0.0,2.0,0.0,270.0,,,,,,,,,
Engenho,AcuRite Iris®,2026/10/06 16:10,18.6,72.0,16.1,21.4,23.4,21.4,1016.26,0.0,3.0,0.0,270.0,,,,,,,,,
Engenho,AcuRite Iris®,2026/10/06 16:15,18.5,72.0,16.0,21.3,23.3,21.3,1016.26,0.0,3.0,2.0,270.0,,,,,,,,,
Engenho,AcuRite Iris®,2026/10/06 16:20,18.6,72.0,16.1,21.4,23.4,21.4,1016.26,0.0,0.0,0.0,270.0,,,,,,,,,
Engenho,AcuRite Iris®,2026/10/06 16:25,18.6,73.0,16.3,21.5,23.5,21.4,1016.26,0.0,0.0,0.0,270.0,,,,,,,,,
Engenho,AcuRite Iris®,2026/10/06 16:30,18.2,73.0,15.9,21.1,23.0,21.0,1016.26,0.0,2.0,2.0,270.0,,,,,,,,,
Engenho,AcuRite Iris®,2026/10/06 16:35,18.2,73.0,15.9,21.1,23.0,21.0,1016.26,0.0,2.0,2.0,270.0,,,,,,,,,
Engenho,AcuRite Iris®,2026/10/06 16:40,18.1,74.0,16.1,20.9,22.9,20.9,1016.26,0.0,5.0,0.0,270.0,,,,,,,,,
Engenho,AcuRite Iris®,2026/10/06 16:45,18.2,74.0,16.2,21.1,23.1,21.0,1016.59,0.0,0.0,0.0,270.0,,,,,,,,,
Engenho,AcuRite Iris®,2026/10/06 16:50,18.0,75.0,16.2,20.9,22.8,20.8,1016.26,0.0,2.0,0.0,270.0,,,,,,,,,
Engenho,AcuRite Iris®,2026/10/06 16:55,17.9,76.0,16.3,20.8,22.8,20.7,1016.26,0.0,3.0,2.0,270.0,,,,,,,,,
Engenho,AcuRite Iris®,2026/10/06 17:00,18.0,77.0,16.6,20.9,23.0,20.8,1016.26,0.0,0.0,0.0,270.0,,,,,,,,,
Engenho,AcuRite Iris®,2026/10/06 17:05,18.1,76.0,16.5,21.0,23.1,20.9,1016.59,0.0,0.0,0.0,270.0,,,,,,,,,
Engenho,AcuRite Iris®,2026/10/06 17:10,18.3,76.0,16.7,21.3,23.4,21.1,1016.59,0.0,2.0,0.0,270.0,,,,,,,,,
Engenho,AcuRite Iris®,2026/10/06 17:15,18.2,76.0,16.6,21.2,23.2,21.0,1016.59,0.0,2.0,0.0,270.0,,,,,,,,,
Engenho,AcuRite Iris®,2026/10/06 17:20,18.0,77.0,16.6,20.9,23.0,20.8,1016.26,0.0,0.0,0.0,270.0,,,,,,,,,
Engenho,AcuRite Iris®,2026/10/06 17:25,17.8,77.0,16.4,20.7,22.8,20.6,1016.26,0.0,2.0,0.0,270.0,,,,,,,,,
Engenho,AcuRite Iris®,2026/10/06 17:30,17.7,78.0,16.5,20.7,22.7,20.5,1016.26,0.0,0.0,2.0,270.0,,,,,,,,,
Engenho,AcuRite Iris®,2026/10/06 17:35,17.9,77.0,16.6,20.8,22.9,20.7,1016.26,0.0,3.0,2.0,270.0,,,,,,,,,
Engenho,AcuRite Iris®,2026/10/06 17:40,18.0,77.0,16.6,20.9,23.0,20.8,1016.59,0.0,0.0,0.0,270.0,,,,,,,,,
Engenho,AcuRite Iris®,2026/10/06 17:45,18.3,76.0,16.7,21.3,23.4,21.1,1016.59,0.0,0.0,0.0,270.0,,,,,,,,,
Engenho,AcuRite Iris®,2026/10/06 17:50,18.0,76.0,16.4,20.9,22.9,20.8,1016.59,0.0,2.0,0.0,270.0,,,,,,,,,
Engenho,AcuRite Iris®,2026/10/06 17:55,17.5,77.0,16.1,20.4,22.3,20.3,1016.59,0.0,0.0,0.0,270.0,,,,,,,,,
Engenho,AcuRite Iris®,2026/10/06 18:00,18.1,76.0,16.5,21.0,23.1,20.9,1016.59,0.0,0.0,0.0,270.0,,,,,,,,,
Engenho,AcuRite Iris®,2026/10/06 18:10,17.9,77.0,16.6,20.8,22.9,20.7,1016.93,0.0,0.0,0.0,270.0,,,,,,,,,
Engenho,AcuRite Iris®,2026/10/06 18:15,17.6,78.0,16.4,20.5,22.6,20.4,1016.93,0.0,0.0,0.0,270.0,,,,,,,,,
Engenho,AcuRite Iris®,2026/10/06 18:20,17.9,78.0,16.7,20.9,23.0,20.7,1016.93,0.0,3.0,0.0,270.0,,,,,,,,,
Engenho,AcuRite Iris®,2026/11/06 10:40,23.3,68.0,19.7,27.4,29.7,26.1,1017.95,0.0,0.0,0.0,203.0,,,,,,,,,
Engenho,AcuRite Iris®,2026/11/06 10:45,21.8,70.0,18.8,24.9,27.7,24.6,1017.95,0.0,2.0,2.0,203.0,,,,,,,,,
Engenho,AcuRite Iris®,2026/11/06 10:50,21.1,71.0,18.3,24.2,26.8,23.9,1018.29,0.0,2.0,2.0,203.0,,,,,,,,,
Engenho,AcuRite Iris®,2026/11/06 10:55,21.8,71.0,19.0,25.0,27.8,24.6,1017.95,0.0,2.0,0.0,203.0,,,,,,,,,
Engenho,AcuRite Iris®,2026/11/06 11:00,21.4,71.0,18.6,24.6,27.3,24.2,1017.95,0.0,2.0,0.0,203.0,,,,,,,,,
Engenho,AcuRite Iris®,2026/11/06 11:05,20.9,72.0,18.4,24.1,26.7,23.7,1017.95,0.0,0.0,0.0,203.0,,,,,,,,,
Engenho,AcuRite Iris®,2026/11/06 11:10,21.1,72.0,18.5,24.2,26.9,23.9,1017.95,0.0,0.0,0.0,203.0,,,,,,,,,
Engenho,AcuRite Iris®,2026/11/06 11:15,19.6,80.0,18.8,22.8,25.5,22.4,1017.61,0.0,0.0,2.0,225.0,,,,,,,,,
Engenho,AcuRite Iris®,2026/11/06 11:20,20.8,75.0,18.9,24.0,26.8,23.6,1017.61,0.0,0.0,0.0,225.0,,,,,,,,,
Engenho,AcuRite Iris®,2026/11/06 11:25,20.0,76.0,18.3,23.1,25.7,22.8,1017.61,0.0,3.0,2.0,225.0,,,,,,,,,
Engenho,AcuRite Iris®,2026/11/06 11:30,18.7,81.0,18.1,21.8,24.3,21.5,1017.27,0.0,3.0,2.0,225.0,,,,,,,,,
Engenho,AcuRite Iris®,2026/11/06 11:35,18.8,80.0,18.0,21.9,24.4,21.6,1017.27,0.0,3.0,3.0,248.0,,,,,,,,,
Engenho,AcuRite Iris®,2026/11/06 11:40,18.9,80.0,18.1,22.1,24.6,21.7,1016.93,0.0,6.0,3.0,248.0,,,,,,,,,
Engenho,AcuRite Iris®,2026/11/06 11:45,19.3,78.0,18.1,22.4,24.9,22.1,1016.93,0.0,3.0,2.0,248.0,,,,,,,,,
Engenho,AcuRite Iris®,2026/11/06 11:50,19.2,78.0,18.0,22.3,24.8,22.0,1016.93,0.0,5.0,3.0,248.0,,,,,,,,,
Engenho,AcuRite Iris®,2026/11/06 11:55,20.8,73.0,18.5,23.9,26.6,23.6,1016.59,0.0,5.0,3.0,248.0,,,,,,,,,
Engenho,AcuRite Iris®,2026/11/06 12:00,21.0,73.0,18.7,24.1,26.8,23.8,1016.59,0.0,5.0,3.0,248.0,,,,,,,,,
Engenho,AcuRite Iris®,2026/11/06 12:05,20.2,73.0,17.9,23.3,25.7,23.0,1016.59,0.0,3.0,3.0,248.0,,,,,,,,,
Engenho,AcuRite Iris®,2026/11/06 12:10,20.5,73.0,18.2,23.6,26.2,23.3,1016.59,0.0,3.0,3.0,248.0,,,,,,,,,
Engenho,AcuRite Iris®,2026/11/06 12:15,20.0,75.0,18.1,23.1,25.6,22.8,1016.59,0.0,5.0,3.0,270.0,,,,,,,,,
Engenho,AcuRite Iris®,2026/11/06 12:20,21.0,73.0,18.7,24.1,26.8,23.8,1016.59,0.0,6.0,3.0,270.0,,,,,,,,,
Engenho,AcuRite Iris®,2026/11/06 12:25,21.4,72.0,18.8,24.6,27.4,24.2,1016.26,0.0,0.0,2.0,270.0,,,,,,,,,
Engenho,AcuRite Iris®,2026/11/06 12:30,21.7,70.0,18.7,24.8,27.6,24.5,1016.59,0.0,2.0,2.0,270.0,,,,,,,,,
Engenho,AcuRite Iris®,2026/11/06 12:35,21.1,71.0,18.3,24.2,26.8,23.9,1016.26,0.0,3.0,2.0,270.0,,,,,,,,,
Engenho,AcuRite Iris®,2026/11/06 12:40,21.3,71.0,18.5,24.4,27.1,24.1,1016.26,0.0,3.0,2.0,270.0,,,,,,,,,
Engenho,AcuRite Iris®,2026/11/06 12:45,21.0,71.0,18.2,24.1,26.7,23.8,1016.26,0.0,0.0,2.0,270.0,,,,,,,,,
Engenho,AcuRite Iris®,2026/11/06 12:50,21.2,72.0,18.6,24.3,27.1,24.0,1016.26,0.0,0.0,2.0,270.0,,,,,,,,,
Engenho,AcuRite Iris®,2026/11/06 12:55,21.3,72.0,18.7,24.4,27.2,24.1,1016.26,0.0,2.0,0.0,270.0,,,,,,,,,
Engenho,AcuRite Iris®,2026/11/06 13:00,20.9,73.0,18.6,24.1,26.8,23.7,1016.26,0.0,5.0,3.0,270.0,,,,,,,,,
Engenho,AcuRite Iris®,2026/11/06 13:05,20.7,74.0,18.6,23.8,26.6,23.5,1015.92,0.0,6.0,3.0,315.0,,,,,,,,,
Engenho,AcuRite Iris®,2026/11/06 13:10,21.2,73.0,18.8,24.4,27.2,24.0,1015.92,0.0,2.0,2.0,270.0,,,,,,,,,
Engenho,AcuRite Iris®,2026/11/06 13:15,21.2,72.0,18.6,24.3,27.1,24.0,1015.92,0.0,2.0,2.0,270.0,,,,,,,,,
Engenho,AcuRite Iris®,2026/11/06 13:20,21.3,72.0,18.7,24.4,27.2,24.1,1015.92,0.0,3.0,2.0,270.0,,,,,,,,,
Engenho,AcuRite Iris®,2026/11/06 13:25,20.9,72.0,18.4,24.1,26.7,23.7,1015.58,0.0,5.0,3.0,270.0,,,,,,,,,
Engenho,AcuRite Iris®,2026/11/06 13:30,21.1,74.0,18.9,24.3,27.1,23.9,1015.58,0.0,5.0,2.0,270.0,,,,,,,,,
Engenho,AcuRite Iris®,2026/11/06 13:35,21.0,75.0,19.1,24.2,27.1,23.8,1015.58,0.0,3.0,2.0,270.0,,,,,,,,,
Engenho,AcuRite Iris®,2026/11/06 13:40,20.9,75.0,19.0,24.1,26.9,23.7,1015.58,0.0,3.0,2.0,270.0,,,,,,,,,
Engenho,AcuRite Iris®,2026/11/06 13:45,21.2,75.0,19.3,24.4,27.4,24.0,1015.58,0.0,3.0,3.0,270.0,,,,,,,,,
Engenho,AcuRite Iris®,2026/11/06 13:50,21.2,75.0,19.3,24.4,27.4,24.0,1015.24,0.0,2.0,2.0,293.0,,,,,,,,,
Engenho,AcuRite Iris®,2026/11/06 13:55,21.0,75.0,19.1,24.2,27.1,23.8,1015.24,0.0,6.0,3.0,248.0,,,,,,,,,
Engenho,AcuRite Iris®,2026/11/06 14:00,21.3,74.0,19.2,24.5,27.4,24.1,1014.9,0.0,5.0,3.0,248.0,,,,,,,,,
Engenho,AcuRite Iris®,2026/11/06 14:05,21.5,74.0,19.3,24.7,27.7,24.3,1014.9,0.0,5.0,3.0,248.0,,,,,,,,,
Engenho,AcuRite Iris®,2026/11/06 14:10,21.2,74.0,19.1,24.4,26.6,24.0,1014.9,0.0,5.0,5.0,248.0,,,,,,,,,
Engenho,AcuRite Iris®,2026/11/06 14:15,21.3,74.0,19.2,24.5,27.4,24.1,1014.9,0.0,3.0,3.0,248.0,,,,,,,,,
Engenho,AcuRite Iris®,2026/11/06 14:20,21.5,74.0,19.3,24.7,27.7,24.3,1014.9,0.0,2.0,3.0,225.0,,,,,,,,,
Engenho,AcuRite Iris®,2026/11/06 14:25,20.8,75.0,18.9,24.0,26.1,23.6,1014.9,0.0,6.0,5.0,270.0,,,,,,,,,
Engenho,AcuRite Iris®,2026/11/06 14:30,20.6,75.0,18.7,23.7,26.5,23.4,1014.9,0.0,6.0,3.0,270.0,,,,,,,,,
Engenho,AcuRite Iris®,2026/11/06 14:35,20.4,75.0,18.6,23.6,25.6,23.2,1014.9,0.0,5.0,5.0,270.0,,,,,,,,,
Engenho,AcuRite Iris®,2026/11/06 14:40,20.7,75.0,18.8,23.9,26.7,23.5,1014.9,0.0,2.0,2.0,270.0,,,,,,,,,
Engenho,AcuRite Iris®,2026/11/06 14:50,20.7,75.0,18.8,23.9,26.7,23.5,1014.9,0.0,3.0,3.0,270.0,,,,,,,,,
Engenho,AcuRite Iris®,2026/11/06 14:55,20.7,75.0,18.8,23.9,26.7,23.5,1014.56,0.0,5.0,3.0,270.0,,,,,,,,,
Engenho,AcuRite Iris®,2026/11/06 15:00,20.4,75.0,18.6,23.6,26.2,23.2,1014.56,0.0,5.0,3.0,270.0,,,,,,,,,
Engenho,AcuRite Iris®,2026/11/06 15:05,20.9,75.0,19.0,24.1,26.9,23.7,1014.56,0.0,2.0,2.0,270.0,,,,,,,,,
Engenho,AcuRite Iris®,2026/11/06 15:10,20.5,76.0,18.8,23.7,26.4,23.3,1014.56,0.0,3.0,3.0,270.0,,,,,,,,,
Engenho,AcuRite Iris®,2026/11/06 15:15,20.5,76.0,18.8,23.7,26.4,23.3,1014.56,0.0,2.0,2.0,270.0,,,,,,,,,
Engenho,AcuRite Iris®,2026/11/06 15:20,20.4,76.0,18.7,23.6,26.3,23.2,1014.56,0.0,2.0,3.0,270.0,,,,,,,,,
Engenho,AcuRite Iris®,2026/11/06 15:25,20.5,75.0,18.6,23.6,26.3,23.3,1014.56,0.0,3.0,2.0,270.0,,,,,,,,,
Engenho,AcuRite Iris®,2026/11/06 15:30,20.7,75.0,18.8,23.9,26.7,23.5,1014.9,0.0,3.0,2.0,270.0,,,,,,,,,
Engenho,AcuRite Iris®,2026/11/06 15:35,20.3,76.0,18.7,23.4,26.2,23.1,1014.56,0.0,3.0,3.0,270.0,,,,,,,,,
Engenho,AcuRite Iris®,2026/11/06 15:40,20.4,76.0,18.7,23.6,26.3,23.2,1014.56,0.0,3.0,3.0,270.0,,,,,,,,,
Engenho,AcuRite Iris®,2026/11/06 15:45,20.3,77.0,18.8,23.5,26.3,23.1,1014.56,0.0,2.0,3.0,248.0,,,,,,,,,
Engenho,AcuRite Iris®,2026/11/06 15:50,20.3,77.0,18.8,23.5,26.3,23.1,1014.56,0.0,2.0,3.0,248.0,,,,,,,,,
Engenho,AcuRite Iris®,2026/11/06 15:55,20.6,77.0,19.1,23.8,26.7,23.4,1014.56,0.0,2.0,2.0,248.0,,,,,,,,,
Engenho,AcuRite Iris®,2026/11/06 16:00,20.3,77.0,18.8,23.5,26.3,23.1,1014.56,0.0,5.0,2.0,248.0,,,,,,,,,
Engenho,AcuRite Iris®,2026/11/06 16:05,20.4,77.0,18.9,23.6,26.4,23.2,1014.56,0.0,3.0,2.0,248.0,,,,,,,,,
Engenho,AcuRite Iris®,2026/11/06 16:10,20.3,77.0,18.8,23.5,26.3,23.1,1014.56,0.0,5.0,2.0,248.0,,,,,,,,,
Engenho,AcuRite Iris®,2026/11/06 16:15,20.3,77.0,18.8,23.5,26.3,23.1,1014.56,0.0,2.0,2.0,248.0,,,,,,,,,
Engenho,AcuRite Iris®,2026/11/06 17:25,19.0,83.0,18.8,22.2,24.9,21.8,1014.9,0.0,3.0,2.0,270.0,,,,,,,,,
Engenho,AcuRite Iris®,2026/11/06 17:30,18.9,83.0,18.7,22.1,24.8,21.7,1014.9,0.0,2.0,2.0,248.0,,,,,,,,,
Engenho,AcuRite Iris®,2026/11/06 17:35,19.2,83.0,19.0,22.4,25.2,22.0,1014.9,0.0,3.0,2.0,248.0,,,,,,,,,
Engenho,AcuRite Iris®,2026/11/06 17:40,19.1,84.0,19.1,22.3,25.2,21.9,1014.9,0.0,5.0,2.0,270.0,,,,,,,,,
Engenho,AcuRite Iris®,2026/11/06 17:45,18.9,84.0,18.9,22.2,24.9,21.7,1014.9,0.0,3.0,3.0,248.0,,,,,,,,,
Engenho,AcuRite Iris®,2026/11/06 17:50,18.8,85.0,19.0,22.1,24.8,21.6,1014.9,0.0,2.0,3.0,248.0,,,,,,,,,
Engenho,AcuRite Iris®,2026/11/06 17:55,18.8,85.0,19.0,22.1,24.8,21.6,1014.9,0.0,0.0,2.0,270.0,,,,,,,,,
Engenho,AcuRite Iris®,2026/11/06 18:00,18.8,85.0,19.0,22.1,24.8,21.6,1014.9,0.0,2.0,3.0,270.0,,,,,,,,,
Engenho,AcuRite Iris®,2026/11/06 18:05,18.9,85.0,19.1,22.2,25.0,21.7,1014.9,0.0,2.0,2.0,270.0,,,,,,,,,
Engenho,AcuRite Iris®,2026/11/06 18:10,18.8,85.0,19.0,22.1,24.8,21.6,1014.9,0.0,3.0,2.0,270.0,,,,,,,,,
Engenho,AcuRite Iris®,2026/11/06 18:15,18.9,85.0,19.1,22.2,25.0,21.7,1014.9,0.0,3.0,2.0,270.0,,,,,,,,,
Engenho,AcuRite Iris®,2026/11/06 18:20,19.2,84.0,19.2,22.4,25.3,22.0,1014.9,0.0,0.0,0.0,270.0,,,,,,,,,
Engenho,AcuRite Iris®,2026/11/06 18:25,19.0,84.0,18.9,22.2,25.0,21.8,1015.24,0.0,0.0,0.0,270.0,,,,,,,,,
Engenho,AcuRite Iris®,2026/11/06 18:35,18.9,84.0,18.9,22.2,24.9,21.7,1015.24,0.0,0.0,0.0,270.0,,,,,,,,,
Engenho,AcuRite Iris®,2026/11/06 18:40,19.0,84.0,18.9,22.2,25.0,21.8,1015.24,0.0,0.0,0.0,270.0,,,,,,,,,
Engenho,AcuRite Iris®,2026/11/06 18:45,19.2,84.0,19.2,22.4,25.3,22.0,1015.24,0.0,2.0,0.0,270.0,,,,,,,,,
Engenho,AcuRite Iris®,2026/11/06 18:50,18.9,84.0,18.9,22.2,24.9,21.7,1015.24,0.0,3.0,0.0,270.0,,,,,,,,,
Engenho,AcuRite Iris®,2026/11/06 18:55,18.8,85.0,19.0,22.1,24.8,21.6,1015.24,0.0,2.0,2.0,270.0,,,,,,,,,
Engenho,AcuRite Iris®,2026/11/06 19:00,19.0,85.0,19.2,22.2,25.1,21.8,1015.24,0.0,3.0,0.0,270.0,,,,,,,,,
Engenho,AcuRite Iris®,2026/11/06 19:05,18.9,85.0,19.1,22.2,25.0,21.7,1015.24,0.0,2.0,2.0,270.0,,,,,,,,,
Engenho,AcuRite Iris®,2026/11/06 19:10,19.3,85.0,19.4,22.6,25.6,22.1,1015.24,0.0,0.0,0.0,270.0,,,,,,,,,
Engenho,AcuRite Iris®,2026/11/06 19:15,19.3,84.0,19.3,22.6,25.4,22.1,1015.24,0.0,2.0,0.0,270.0,,,,,,,,,
Engenho,AcuRite Iris®,2026/11/06 19:20,19.2,84.0,19.2,22.4,25.3,22.0,1015.58,0.0,0.0,0.0,270.0,,,,,,,,,
Engenho,AcuRite Iris®,2026/11/06 19:25,19.3,83.0,19.1,22.6,25.4,22.1,1015.58,0.0,3.0,0.0,270.0,,,,,,,,,
Engenho,AcuRite Iris®,2026/11/06 19:30,19.4,83.0,19.2,22.7,25.6,22.2,1015.58,0.0,0.0,0.0,270.0,,,,,,,,,
Engenho,AcuRite Iris®,2026/11/06 19:35,19.6,82.0,19.2,22.8,25.7,22.4,1015.58,0.0,0.0,0.0,270.0,,,,,,,,,
Engenho,AcuRite Iris®,2026/11/06 19:40,19.2,83.0,19.0,22.4,25.2,22.0,1015.92,0.0,0.0,0.0,270.0,,,,,,,,,
Engenho,AcuRite Iris®,2026/11/06 19:45,19.4,82.0,19.0,22.7,25.4,22.2,1015.92,0.0,0.0,0.0,270.0,,,,,,,,,
Engenho,AcuRite Iris®,2026/11/06 19:50,19.0,84.0,18.9,22.2,25.0,21.8,1015.58,0.0,5.0,2.0,270.0,,,,,,,,,
Engenho,AcuRite Iris®,2026/11/06 19:55,19.1,84.0,19.1,22.3,25.2,21.9,1015.92,0.0,0.0,0.0,270.0,,,,,,,,,
Engenho,AcuRite Iris®,2026/11/06 20:00,19.1,84.0,19.1,22.3,25.2,21.9,1015.58,0.0,2.0,2.0,270.0,,,,,,,,,
Engenho,AcuRite Iris®,2026/11/06 20:05,18.8,86.0,19.2,22.1,24.9,21.6,1015.58,0.0,2.0,2.0,270.0,,,,,,,,,
Engenho,AcuRite Iris®,2026/11/06 20:10,18.5,86.0,18.8,21.7,24.4,21.3,1015.58,0.0,5.0,3.0,270.0,,,,,,,,,
Engenho,AcuRite Iris®,2026/11/06 20:15,18.8,86.0,19.2,22.1,24.9,21.6,1015.58,0.0,0.0,2.0,270.0,,,,,,,,,
Engenho,AcuRite Iris®,2026/11/06 20:20,18.8,86.0,19.2,22.1,24.9,21.6,1015.58,0.0,3.0,2.0,270.0,,,,,,,,,
Engenho,AcuRite Iris®,2026/11/06 20:25,18.7,86.0,19.1,21.9,24.8,21.5,1015.58,0.0,2.0,2.0,270.0,,,,,,,,,
Engenho,AcuRite Iris®,2026/11/06 20:30,18.8,86.0,19.2,22.1,24.9,21.6,1015.58,0.0,3.0,0.0,270.0,,,,,,,,,
Engenho,AcuRite Iris®,2026/11/06 20:35,18.5,87.0,19.0,21.7,24.5,21.3,1015.58,0.0,3.0,3.0,270.0,,,,,,,,,
Engenho,AcuRite Iris®,2026/11/06 20:40,18.6,87.0,19.1,21.8,24.7,21.4,1015.92,0.0,3.0,2.0,270.0,,,,,,,,,
Engenho,AcuRite Iris®,2026/11/06 20:45,19.1,85.0,19.2,22.3,25.2,21.9,1015.58,0.0,0.0,0.0,270.0,,,,,,,,,
Engenho,AcuRite Iris®,2026/11/06 20:50,18.6,86.0,18.9,21.8,24.6,21.4,1015.92,0.0,0.0,2.0,270.0,,,,,,,,,
Engenho,AcuRite Iris®,2026/11/06 20:55,18.4,87.0,18.9,21.7,24.4,21.2,1015.92,0.0,0.0,2.0,293.0,,,,,,,,,
Engenho,AcuRite Iris®,2026/11/06 21:00,18.5,87.0,19.0,21.7,24.5,21.3,1015.92,0.0,6.0,2.0,248.0,,,,,,,,,
Engenho,AcuRite Iris®,2026/11/06 21:05,18.5,86.0,18.8,21.7,24.4,21.3,1015.58,0.0,5.0,3.0,270.0,,,,,,,,,
Engenho,AcuRite Iris®,2026/11/06 21:10,18.6,86.0,18.9,21.8,24.6,21.4,1015.92,0.0,2.0,2.0,248.0,,,,,,,,,
Engenho,AcuRite Iris®,2026/11/06 21:15,18.5,86.0,18.8,21.7,24.4,21.3,1015.58,0.0,2.0,2.0,248.0,,,,,,,,,
Engenho,AcuRite Iris®,2026/11/06 21:20,18.7,86.0,19.1,21.9,24.8,21.5,1015.58,0.0,2.0,0.0,248.0,,,,,,,,,
Engenho,AcuRite Iris®,2026/11/06 21:25,18.4,86.0,18.8,21.7,24.3,21.2,1015.24,0.0,3.0,3.0,248.0,,,,,,,,,
Engenho,AcuRite Iris®,2026/11/06 21:30,18.4,86.0,18.8,21.7,24.3,21.2,1015.24,0.0,5.0,3.0,248.0,,,,,,,,,
Engenho,AcuRite Iris®,2026/11/06 21:35,18.5,87.0,19.0,21.7,24.5,21.3,1015.24,0.0,0.0,2.0,248.0,,,,,,,,,
Engenho,AcuRite Iris®,2026/11/06 21:40,18.5,87.0,19.0,21.7,24.5,21.3,1015.24,0.0,2.0,2.0,248.0,,,,,,,,,
Engenho,AcuRite Iris®,2026/11/06 21:45,18.5,87.0,19.0,21.7,24.5,21.3,1015.24,0.0,2.0,2.0,248.0,,,,,,,,,
Engenho,AcuRite Iris®,2026/11/06 21:50,18.2,87.0,18.7,21.4,24.1,21.0,1015.24,0.0,3.0,2.0,248.0,,,,,,,,,
Engenho,AcuRite Iris®,2026/11/06 21:55,18.3,87.0,18.8,21.6,24.3,21.1,1015.24,0.0,2.0,2.0,248.0,,,,,,,,,
Engenho,AcuRite Iris®,2026/11/06 22:00,18.6,86.0,18.9,21.8,24.6,21.4,1015.24,0.0,0.0,0.0,248.0,,,,,,,,,
Engenho,AcuRite Iris®,2026/11/06 22:05,18.8,85.0,19.0,22.1,24.8,21.6,1015.24,0.0,2.0,0.0,248.0,,,,,,,,,
Engenho,AcuRite Iris®,2026/11/06 22:10,18.5,86.0,18.8,21.7,24.4,21.3,1015.24,0.0,2.0,0.0,248.0,,,,,,,,,
Engenho,AcuRite Iris®,2026/11/06 22:15,18.5,86.0,18.8,21.7,24.4,21.3,1015.24,0.0,0.0,0.0,248.0,,,,,,,,,
Engenho,AcuRite Iris®,2026/11/06 22:20,19.1,84.0,19.1,22.3,25.2,21.9,1015.24,0.0,0.0,0.0,248.0,,,,,,,,,
Engenho,AcuRite Iris®,2026/11/06 22:25,19.1,84.0,19.1,22.3,25.2,21.9,1015.24,0.0,0.0,0.0,248.0,,,,,,,,,
Engenho,AcuRite Iris®,2026/11/06 22:30,18.6,85.0,18.8,21.8,24.5,21.4,1015.24,0.0,2.0,0.0,248.0,,,,,,,,,
Engenho,AcuRite Iris®,2026/11/06 22:35,18.6,86.0,18.9,21.8,24.6,21.4,1015.58,0.0,0.0,0.0,248.0,,,,,,,,,
Engenho,AcuRite Iris®,2026/11/06 22:40,18.5,86.0,18.8,21.7,24.4,21.3,1015.58,0.0,0.0,0.0,248.0,,,,,,,,,
Engenho,AcuRite Iris®,2026/11/06 22:45,18.7,86.0,19.1,21.9,24.8,21.5,1015.58,0.0,0.0,0.0,248.0,,,,,,,,,
Engenho,AcuRite Iris®,2026/11/06 22:50,18.9,85.0,19.1,22.2,25.0,21.7,1015.58,0.0,0.0,0.0,248.0,,,,,,,,,
Engenho,AcuRite Iris®,2026/11/06 22:55,19.2,84.0,19.2,22.4,25.3,22.0,1015.24,0.0,0.0,0.0,248.0,,,,,,,,,
Engenho,AcuRite Iris®,2026/11/06 23:00,18.9,84.0,18.9,22.2,24.9,21.7,1015.24,0.0,0.0,0.0,248.0,,,,,,,,,
Engenho,AcuRite Iris®,2026/11/06 23:05,19.2,84.0,19.2,22.4,25.3,22.0,1015.24,0.0,0.0,0.0,248.0,,,,,,,,,
Engenho,AcuRite Iris®,2026/11/06 23:10,19.0,83.0,18.8,22.2,24.9,21.8,1015.24,0.0,0.0,0.0,248.0,,,,,,,,,
Engenho,AcuRite Iris®,2026/11/06 23:15,18.8,84.0,18.8,22.0,24.7,21.6,1015.24,0.0,0.0,0.0,248.0,,,,,,,,,
Engenho,AcuRite Iris®,2026/11/06 23:20,18.7,85.0,18.9,21.9,24.7,21.5,1014.9,0.0,2.0,0.0,248.0,,,,,,,,,
Engenho,AcuRite Iris®,2026/11/06 23:25,18.4,85.0,18.6,21.6,24.3,21.2,1014.9,0.0,0.0,0.0,248.0,,,,,,,,,
Engenho,AcuRite Iris®,2026/11/06 23:30,18.6,85.0,18.8,21.8,24.5,21.4,1014.9,0.0,3.0,0.0,248.0,,,,,,,,,
Engenho,AcuRite Iris®,2026/11/06 23:35,18.8,85.0,19.0,22.1,24.8,21.6,1014.56,0.0,0.0,0.0,248.0,,,,,,,,,
Engenho,AcuRite Iris®,2026/11/06 23:40,18.9,84.0,18.9,22.2,24.9,21.7,1014.56,0.0,0.0,0.0,248.0,,,,,,,,,
Engenho,AcuRite Iris®,2026/11/06 23:45,19.0,84.0,18.9,22.2,25.0,21.8,1014.56,0.0,0.0,0.0,248.0,,,,,,,,,
Engenho,AcuRite Iris®,2026/11/06 23:50,18.6,85.0,18.8,21.8,24.5,21.4,1014.56,0.0,0.0,0.0,248.0,,,,,,,,,
Engenho,AcuRite Iris®,2026/11/06 23:55,18.9,85.0,19.1,22.2,25.0,21.7,1014.56,0.0,0.0,0.0,248.0,,,,,,,,,
Engenho,AcuRite Iris®,2026/12/06 00:00,18.6,85.0,18.8,21.8,24.5,21.4,1014.56,0.0,0.0,0.0,248.0,,,,,,,,,
Engenho,AcuRite Iris®,2026/12/06 00:05,18.5,85.0,18.7,21.7,24.3,21.3,1014.56,0.0,0.0,0.0,248.0,,,,,,,,,
Engenho,AcuRite Iris®,2026/12/06 00:10,18.8,85.0,19.0,22.1,24.8,21.6,1014.56,0.0,0.0,0.0,248.0,,,,,,,,,
Engenho,AcuRite Iris®,2026/12/06 00:15,18.4,85.0,18.6,21.6,24.3,21.2,1014.56,0.0,0.0,0.0,248.0,,,,,,,,,
Engenho,AcuRite Iris®,2026/12/06 00:20,18.5,85.0,18.7,21.7,24.3,21.3,1014.22,0.0,0.0,0.0,248.0,,,,,,,,,
Engenho,AcuRite Iris®,2026/12/06 00:25,18.7,85.0,18.9,21.9,24.7,21.5,1014.22,0.0,0.0,0.0,248.0,,,,,,,,,
Engenho,AcuRite Iris®,2026/12/06 00:30,18.8,85.0,19.0,22.1,24.8,21.6,1014.22,0.0,0.0,0.0,248.0,,,,,,,,,
Engenho,AcuRite Iris®,2026/12/06 00:35,18.8,84.0,18.8,22.0,24.7,21.6,1014.22,0.0,0.0,0.0,248.0,,,,,,,,,
Engenho,AcuRite Iris®,2026/12/06 00:40,18.6,84.0,18.6,21.8,24.4,21.4,1014.22,0.0,0.0,0.0,248.0,,,,,,,,,
Engenho,AcuRite Iris®,2026/12/06 00:45,19.1,83.0,18.9,22.3,25.1,21.9,1014.22,0.0,0.0,0.0,248.0,,,,,,,,,
Engenho,AcuRite Iris®,2026/12/06 00:50,19.2,83.0,19.0,22.4,25.2,22.0,1014.22,0.0,0.0,0.0,248.0,,,,,,,,,
Engenho,AcuRite Iris®,2026/12/06 00:55,19.3,82.0,18.9,22.5,25.3,22.1,1014.22,0.0,0.0,0.0,248.0,,,,,,,,,
Engenho,AcuRite Iris®,2026/12/06 01:00,19.2,82.0,18.8,22.4,25.1,22.0,1014.22,0.0,0.0,0.0,248.0,,,,,,,,,
Engenho,AcuRite Iris®,2026/12/06 01:05,18.9,83.0,18.7,22.1,24.8,21.7,1014.22,0.0,0.0,0.0,248.0,,,,,,,,,
Engenho,AcuRite Iris®,2026/12/06 01:10,19.0,83.0,18.8,22.2,24.9,21.8,1014.22,0.0,0.0,0.0,248.0,,,,,,,,,
Engenho,AcuRite Iris®,2026/12/06 01:15,19.2,82.0,18.8,22.4,25.1,22.0,1014.22,0.0,0.0,0.0,248.0,,,,,,,,,
Engenho,AcuRite Iris®,2026/12/06 01:20,19.0,82.0,18.6,22.2,24.8,21.8,1013.88,0.0,0.0,0.0,248.0,,,,,,,,,
Engenho,AcuRite Iris®,2026/12/06 01:25,19.3,82.0,18.9,22.5,25.3,22.1,1013.88,0.0,0.0,0.0,248.0,,,,,,,,,
Engenho,AcuRite Iris®,2026/12/06 01:30,19.3,82.0,18.9,22.5,25.3,22.1,1013.88,0.0,0.0,0.0,248.0,,,,,,,,,
Engenho,AcuRite Iris®,2026/12/06 01:35,19.3,82.0,18.9,22.5,25.3,22.1,1013.88,0.0,0.0,0.0,248.0,,,,,,,,,
Engenho,AcuRite Iris®,2026/12/06 01:40,19.0,82.0,18.6,22.2,24.8,21.8,1013.88,0.0,0.0,0.0,248.0,,,,,,,,,
Engenho,AcuRite Iris®,2026/12/06 01:45,19.2,82.0,18.8,22.4,25.1,22.0,1013.88,0.0,0.0,0.0,248.0,,,,,,,,,
Engenho,AcuRite Iris®,2026/12/06 01:50,19.0,83.0,18.8,22.2,24.9,21.8,1013.88,0.0,0.0,0.0,248.0,,,,,,,,,
Engenho,AcuRite Iris®,2026/12/06 01:55,18.6,83.0,18.4,21.8,24.3,21.4,1013.88,0.0,0.0,0.0,248.0,,,,,,,,,
Engenho,AcuRite Iris®,2026/12/06 02:00,18.6,83.0,18.4,21.8,24.3,21.4,1013.55,0.0,0.0,0.0,248.0,,,,,,,,,
Engenho,AcuRite Iris®,2026/12/06 02:05,18.7,83.0,18.5,21.9,24.5,21.5,1013.55,0.0,2.0,0.0,248.0,,,,,,,,,
Engenho,AcuRite Iris®,2026/12/06 02:10,19.1,82.0,18.7,22.3,25.0,21.9,1013.55,0.0,0.0,0.0,248.0,,,,,,,,,
Engenho,AcuRite Iris®,2026/12/06 02:15,19.2,81.0,18.6,22.4,25.1,22.0,1013.55,0.0,0.0,0.0,248.0,,,,,,,,,
Engenho,AcuRite Iris®,2026/12/06 02:20,18.8,82.0,18.4,21.9,24.6,21.6,1013.55,0.0,0.0,0.0,248.0,,,,,,,,,
Engenho,AcuRite Iris®,2026/12/06 02:25,18.8,83.0,18.6,22.0,24.7,21.6,1013.55,0.0,0.0,0.0,248.0,,,,,,,,,
Engenho,AcuRite Iris®,2026/12/06 02:30,18.9,83.0,18.7,22.1,24.8,21.7,1013.55,0.0,0.0,0.0,248.0,,,,,,,,,
Engenho,AcuRite Iris®,2026/12/06 02:35,19.2,82.0,18.8,22.4,25.1,22.0,1013.21,0.0,0.0,0.0,248.0,,,,,,,,,
Engenho,AcuRite Iris®,2026/12/06 02:40,19.2,82.0,18.8,22.4,25.1,22.0,1013.21,0.0,0.0,0.0,248.0,,,,,,,,,
Engenho,AcuRite Iris®,2026/12/06 02:45,19.0,82.0,18.6,22.2,24.8,21.8,1013.21,0.0,0.0,0.0,248.0,,,,,,,,,
Engenho,AcuRite Iris®,2026/12/06 02:50,19.1,82.0,18.7,22.3,25.0,21.9,1012.87,0.0,0.0,0.0,248.0,,,,,,,,,
Engenho,AcuRite Iris®,2026/12/06 02:55,18.8,82.0,18.4,21.9,24.6,21.6,1012.87,0.0,0.0,0.0,248.0,,,,,,,,,
Engenho,AcuRite Iris®,2026/12/06 03:00,18.5,84.0,18.4,21.7,24.3,21.3,1012.87,0.0,0.0,0.0,248.0,,,,,,,,,
Engenho,AcuRite Iris®,2026/12/06 03:05,18.3,84.0,18.3,21.4,24.1,21.1,1012.87,0.0,0.0,2.0,113.0,,,,,,,,,
Engenho,AcuRite Iris®,2026/12/06 03:10,18.2,84.0,18.2,21.3,23.9,21.0,1012.87,0.0,2.0,0.0,113.0,,,,,,,,,
Engenho,AcuRite Iris®,2026/12/06 03:15,18.7,84.0,18.7,21.9,24.6,21.5,1012.87,0.0,0.0,0.0,113.0,,,,,,,,,
Engenho,AcuRite Iris®,2026/12/06 03:20,19.1,82.0,18.7,22.3,25.0,21.9,1012.87,0.0,0.0,0.0,113.0,,,,,,,,,
Engenho,AcuRite Iris®,2026/12/06 03:25,18.7,83.0,18.5,21.9,24.5,21.5,1012.87,0.0,0.0,0.0,113.0,,,,,,,,,
Engenho,AcuRite Iris®,2026/12/06 03:30,18.5,83.0,18.3,21.6,24.2,21.3,1012.53,0.0,0.0,0.0,113.0,,,,,,,,,
Engenho,AcuRite Iris®,2026/12/06 03:35,18.7,83.0,18.5,21.9,24.5,21.5,1012.53,0.0,0.0,0.0,113.0,,,,,,,,,
Engenho,AcuRite Iris®,2026/12/06 03:40,18.6,83.0,18.4,21.8,24.3,21.4,1012.53,0.0,0.0,0.0,113.0,,,,,,,,,
Engenho,AcuRite Iris®,2026/12/06 03:45,18.7,83.0,18.5,21.9,24.5,21.5,1012.53,0.0,0.0,0.0,113.0,,,,,,,,,
Engenho,AcuRite Iris®,2026/12/06 03:50,18.6,83.0,18.4,21.8,24.3,21.4,1012.53,0.0,0.0,0.0,113.0,,,,,,,,,
Engenho,AcuRite Iris®,2026/12/06 03:55,18.8,83.0,18.6,22.0,24.7,21.6,1012.19,0.0,0.0,0.0,113.0,,,,,,,,,
Engenho,AcuRite Iris®,2026/12/06 04:00,18.7,83.0,18.5,21.9,24.5,21.5,1012.19,0.0,0.0,0.0,113.0,,,,,,,,,
Engenho,AcuRite Iris®,2026/12/06 04:05,18.9,82.0,18.5,22.1,24.7,21.7,1011.85,0.0,0.0,0.0,113.0,,,,,,,,,
Engenho,AcuRite Iris®,2026/12/06 04:10,18.9,82.0,18.5,22.1,24.7,21.7,1012.19,0.0,0.0,0.0,113.0,,,,,,,,,
Engenho,AcuRite Iris®,2026/12/06 04:15,18.5,83.0,18.3,21.6,24.2,21.3,1012.19,0.0,0.0,0.0,113.0,,,,,,,,,
Engenho,AcuRite Iris®,2026/12/06 04:20,18.5,83.0,18.3,21.6,24.2,21.3,1012.19,0.0,2.0,0.0,113.0,,,,,,,,,
Engenho,AcuRite Iris®,2026/12/06 04:25,18.7,83.0,18.5,21.9,24.5,21.5,1011.85,0.0,0.0,0.0,113.0,,,,,,,,,
Engenho,AcuRite Iris®,2026/12/06 04:30,18.7,83.0,18.5,21.9,24.5,21.5,1011.51,0.0,0.0,0.0,113.0,,,,,,,,,
Engenho,AcuRite Iris®,2026/12/06 04:35,18.7,83.0,18.5,21.9,24.5,21.5,1011.51,0.0,0.0,0.0,113.0,,,,,,,,,
Engenho,AcuRite Iris®,2026/12/06 04:40,18.6,83.0,18.4,21.8,24.3,21.4,1011.51,0.0,0.0,0.0,113.0,,,,,,,,,
Engenho,AcuRite Iris®,2026/12/06 04:45,18.4,84.0,18.4,21.6,24.2,21.2,1011.51,0.0,0.0,0.0,113.0,,,,,,,,,
Engenho,AcuRite Iris®,2026/12/06 04:50,18.5,84.0,18.4,21.7,24.3,21.3,1011.18,0.0,0.0,0.0,113.0,,,,,,,,,
Engenho,AcuRite Iris®,2026/12/06 04:55,18.4,84.0,18.4,21.6,24.2,21.2,1011.51,0.0,0.0,0.0,113.0,,,,,,,,,
Engenho,AcuRite Iris®,2026/12/06 05:00,18.7,84.0,18.7,21.9,24.6,21.5,1011.18,0.0,0.0,0.0,113.0,,,,,,,,,
Engenho,AcuRite Iris®,2026/12/06 05:05,18.5,83.0,18.3,21.6,24.2,21.3,1011.18,0.0,0.0,0.0,113.0,,,,,,,,,
Engenho,AcuRite Iris®,2026/12/06 05:10,18.2,85.0,18.4,21.4,23.9,21.0,1011.18,0.0,0.0,0.0,113.0,,,,,,,,,
Engenho,AcuRite Iris®,2026/12/06 05:15,18.4,84.0,18.4,21.6,24.2,21.2,1011.18,0.0,0.0,0.0,113.0,,,,,,,,,
Engenho,AcuRite Iris®,2026/12/06 05:20,18.1,85.0,18.3,21.3,23.8,20.9,1011.18,0.0,0.0,0.0,113.0,,,,,,,,,
Engenho,AcuRite Iris®,2026/12/06 05:25,18.2,85.0,18.4,21.4,23.9,21.0,1010.84,0.0,2.0,0.0,113.0,,,,,,,,,
Engenho,AcuRite Iris®,2026/12/06 05:30,18.0,86.0,18.3,21.2,23.7,20.8,1010.84,0.0,2.0,0.0,113.0,,,,,,,,,
Engenho,AcuRite Iris®,2026/12/06 05:35,17.9,86.0,18.3,21.1,23.7,20.7,1010.84,0.0,3.0,0.0,113.0,,,,,,,,,
Engenho,AcuRite Iris®,2026/12/06 05:40,17.8,87.0,18.4,21.0,23.6,20.6,1010.84,0.0,3.0,3.0,293.0,,,,,,,,,
Engenho,AcuRite Iris®,2026/12/06 05:45,18.0,87.0,18.6,21.2,23.8,20.8,1010.5,0.0,5.0,2.0,293.0,,,,,,,,,
Engenho,AcuRite Iris®,2026/12/06 05:50,18.3,85.0,18.5,21.5,24.1,21.1,1010.16,0.0,2.0,2.0,293.0,,,,,,,,,
Engenho,AcuRite Iris®,2026/12/06 05:55,18.0,86.0,18.3,21.2,23.7,20.8,1010.5,0.0,5.0,3.0,270.0,,,,,,,,,
Engenho,AcuRite Iris®,2026/12/06 06:00,18.3,86.0,18.7,21.5,24.2,21.1,1010.16,0.0,0.0,2.0,270.0,,,,,,,,,
Engenho,AcuRite Iris®,2026/12/06 06:05,18.4,85.0,18.6,21.6,24.3,21.2,1010.16,0.0,2.0,0.0,270.0,,,,,,,,,
Engenho,AcuRite Iris®,2026/12/06 06:10,18.2,85.0,18.4,21.4,23.9,21.0,1010.84,0.0,3.0,3.0,113.0,,,,,,,,,
Engenho,AcuRite Iris®,2026/12/06 06:15,18.3,85.0,18.5,21.5,24.1,21.1,1010.84,0.0,5.0,2.0,113.0,,,,,,,,,
Engenho,AcuRite Iris®,2026/12/06 06:20,18.3,85.0,18.5,21.5,24.1,21.1,1010.84,0.0,2.0,2.0,113.0,,,,,,,,,
Engenho,AcuRite Iris®,2026/12/06 06:25,18.2,85.0,18.4,21.4,23.9,21.0,1011.18,0.0,2.0,2.0,113.0,,,,,,,,,
Engenho,AcuRite Iris®,2026/12/06 06:30,18.5,85.0,18.7,21.7,24.3,21.3,1011.18,0.0,2.0,0.0,113.0,,,,,,,,,
Engenho,AcuRite Iris®,2026/12/06 06:35,18.2,85.0,18.4,21.4,23.9,21.0,1011.51,0.0,0.0,0.0,113.0,,,,,,,,,
Engenho,AcuRite Iris®,2026/12/06 06:40,18.3,85.0,18.5,21.5,24.1,21.1,1011.51,0.0,0.0,0.0,113.0,,,,,,,,,
Engenho,AcuRite Iris®,2026/12/06 06:45,19.0,84.0,18.9,22.2,25.0,21.8,1011.85,0.0,0.0,0.0,113.0,,,,,,,,,
Engenho,AcuRite Iris®,2026/12/06 06:50,19.0,83.0,18.8,22.2,24.9,21.8,1011.51,0.0,0.0,0.0,113.0,,,,,,,,,
Engenho,AcuRite Iris®,2026/12/06 06:55,18.4,85.0,18.6,21.6,24.3,21.2,1011.51,0.0,2.0,0.0,113.0,,,,,,,,,
Engenho,AcuRite Iris®,2026/12/06 07:00,18.5,85.0,18.7,21.7,24.3,21.3,1011.51,0.0,0.0,0.0,113.0,,,,,,,,,
Engenho,AcuRite Iris®,2026/12/06 07:05,18.4,85.0,18.6,21.6,24.3,21.2,1011.51,0.0,3.0,0.0,113.0,,,,,,,,,
Engenho,AcuRite Iris®,2026/12/06 07:10,18.2,86.0,18.6,21.4,24.1,21.0,1011.18,0.0,2.0,2.0,113.0,,,,,,,,,
Engenho,AcuRite Iris®,2026/12/06 07:15,18.5,86.0,18.8,21.7,24.4,21.3,1011.18,0.0,0.0,0.0,113.0,,,,,,,,,
Engenho,AcuRite Iris®,2026/12/06 07:20,18.7,85.0,18.9,21.9,24.7,21.5,1011.18,0.0,0.0,0.0,113.0,,,,,,,,,
Engenho,AcuRite Iris®,2026/12/06 07:25,18.8,85.0,19.0,22.1,24.8,21.6,1011.18,0.0,0.0,0.0,113.0,,,,,,,,,
Engenho,AcuRite Iris®,2026/12/06 07:30,18.7,85.0,18.9,21.9,24.7,21.5,1011.18,1.0,0.0,0.0,113.0,,,,,,,,,
Engenho,AcuRite Iris®,2026/12/06 07:35,18.5,86.0,18.8,21.7,24.4,21.3,1011.18,1.0,0.0,0.0,113.0,,,,,,,,,
Engenho,AcuRite Iris®,2026/12/06 07:40,18.4,87.0,18.9,21.7,24.4,21.2,1011.18,1.0,0.0,0.0,113.0,,,,,,,,,
Engenho,AcuRite Iris®,2026/12/06 07:45,18.6,87.0,19.1,21.8,24.7,21.4,1010.84,1.0,2.0,0.0,113.0,,,,,,,,,
Engenho,AcuRite Iris®,2026/12/06 07:50,18.6,87.0,19.1,21.8,24.7,21.4,1010.84,1.0,0.0,0.0,113.0,,,,,,,,,
Engenho,AcuRite Iris®,2026/12/06 07:55,18.7,86.0,19.1,21.9,24.8,21.5,1010.84,1.0,2.0,0.0,113.0,,,,,,,,,
Engenho,AcuRite Iris®,2026/12/06 08:00,18.3,87.0,18.8,21.6,24.3,21.1,1010.84,1.0,2.0,0.0,113.0,,,,,,,,,
Engenho,AcuRite Iris®,2026/12/06 08:05,18.7,87.0,19.2,22.0,24.8,21.5,1011.18,1.0,0.0,0.0,113.0,,,,,,,,,
Engenho,AcuRite Iris®,2026/12/06 08:25,18.7,87.0,19.2,22.0,24.8,21.5,1011.51,1.0,0.0,0.0,113.0,,,,,,,,,
Engenho,AcuRite Iris®,2026/12/06 08:30,18.5,87.0,19.0,21.7,24.5,21.3,1011.51,1.0,0.0,2.0,113.0,,,,,,,,,
Engenho,AcuRite Iris®,2026/12/06 08:35,18.5,86.0,18.8,21.7,24.4,21.3,1011.85,1.0,3.0,0.0,113.0,,,,,,,,,
Engenho,AcuRite Iris®,2026/12/06 08:40,18.4,86.0,18.8,21.7,24.3,21.2,1011.85,1.0,0.0,2.0,113.0,,,,,,,,,
Engenho,AcuRite Iris®,2026/12/06 08:45,18.6,86.0,18.9,21.8,24.6,21.4,1011.85,1.0,2.0,0.0,113.0,,,,,,,,,
Engenho,AcuRite Iris®,2026/12/06 08:50,18.8,86.0,19.2,22.1,24.9,21.6,1011.85,1.0,0.0,0.0,113.0,,,,,,,,,
Engenho,AcuRite Iris®,2026/12/06 08:55,18.9,85.0,19.1,22.2,25.0,21.7,1011.85,1.0,0.0,0.0,113.0,,,,,,,,,
Engenho,AcuRite Iris®,2026/12/06 09:00,18.7,85.0,18.9,21.9,24.7,21.5,1012.19,1.0,2.0,0.0,113.0,,,,,,,,,
Engenho,AcuRite Iris®,2026/12/06 09:05,18.8,85.0,19.0,22.1,24.8,21.6,1012.19,2.0,0.0,0.0,113.0,,,,,,,,,
Engenho,AcuRite Iris®,2026/12/06 09:10,18.6,86.0,18.9,21.8,24.6,21.4,1012.19,2.0,2.0,0.0,113.0,,,,,,,,,
Engenho,AcuRite Iris®,2026/12/06 09:15,18.5,87.0,19.0,21.7,24.5,21.3,1012.19,2.0,0.0,0.0,113.0,,,,,,,,,
Engenho,AcuRite Iris®,2026/12/06 09:20,19.0,86.0,19.3,22.3,25.2,21.8,1011.85,2.0,0.0,0.0,113.0,,,,,,,,,
Engenho,AcuRite Iris®,2026/12/06 09:25,19.2,85.0,19.3,22.5,25.4,22.0,1011.85,2.0,0.0,0.0,113.0,,,,,,,,,
Engenho,AcuRite Iris®,2026/12/06 09:30,19.1,85.0,19.2,22.3,25.2,21.9,1011.85,2.0,0.0,0.0,113.0,,,,,,,,,
Engenho,AcuRite Iris®,2026/12/06 09:35,19.2,85.0,19.3,22.5,25.4,22.0,1011.85,2.0,0.0,0.0,113.0,,,,,,,,,
Engenho,AcuRite Iris®,2026/12/06 09:40,18.8,86.0,19.2,22.1,24.9,21.6,1011.85,2.0,0.0,0.0,113.0,,,,,,,,,
Engenho,AcuRite Iris®,2026/12/06 09:45,18.5,87.0,19.0,21.7,24.5,21.3,1011.85,2.0,2.0,0.0,113.0,,,,,,,,,
Engenho,AcuRite Iris®,2026/12/06 09:50,18.5,87.0,19.0,21.7,24.5,21.3,1011.51,3.0,3.0,0.0,113.0,,,,,,,,,
Engenho,AcuRite Iris®,2026/12/06 09:55,18.5,88.0,19.2,21.8,24.6,21.3,1011.51,3.0,0.0,0.0,113.0,,,,,,,,,
Engenho,AcuRite Iris®,2026/12/06 10:00,18.4,88.0,19.2,21.7,24.5,21.2,1011.51,3.0,3.0,0.0,113.0,,,,,,,,,
Engenho,AcuRite Iris®,2026/12/06 10:05,18.5,88.0,19.2,21.8,24.6,21.3,1011.51,3.0,0.0,0.0,113.0,,,,,,,,,
Engenho,AcuRite Iris®,2026/12/06 10:10,18.7,88.0,19.4,22.0,24.9,21.5,1011.51,3.0,0.0,0.0,113.0,,,,,,,,,
Engenho,AcuRite Iris®,2026/12/06 10:15,18.8,88.0,19.6,22.1,25.1,21.6,1011.51,3.0,0.0,0.0,113.0,,,,,,,,,
Engenho,AcuRite Iris®,2026/12/06 10:20,18.7,87.0,19.2,22.0,24.8,21.5,1011.51,4.0,0.0,0.0,113.0,,,,,,,,,
Engenho,AcuRite Iris®,2026/12/06 10:25,18.4,88.0,19.2,21.7,24.5,21.2,1011.18,4.0,5.0,2.0,180.0,,,,,,,,,
Engenho,AcuRite Iris®,2026/12/06 10:30,18.1,90.0,19.2,21.4,24.2,20.9,1010.84,5.0,5.0,3.0,225.0,,,,,,,,,
Engenho,AcuRite Iris®,2026/12/06 10:35,17.9,90.0,19.0,21.2,23.3,20.7,1009.82,5.0,5.0,5.0,248.0,,,,,,,,,
Engenho,AcuRite Iris®,2026/12/06 10:40,18.4,90.0,19.5,21.7,24.7,21.2,1009.14,5.0,0.0,2.0,248.0,,,,,,,,,
Engenho,AcuRite Iris®,2026/12/06 10:45,18.8,89.0,19.7,22.2,25.2,21.6,1009.48,5.0,2.0,0.0,248.0,,,,,,,,,
Engenho,AcuRite Iris®,2026/12/06 10:50,19.2,87.0,19.7,22.5,25.6,22.0,1010.16,5.0,0.0,0.0,248.0,,,,,,,,,
Engenho,AcuRite Iris®,2026/12/06 10:55,18.9,87.0,19.4,22.2,25.2,21.7,1010.16,5.0,0.0,0.0,248.0,,,,,,,,,
Engenho,AcuRite Iris®,2026/12/06 11:00,18.8,88.0,19.6,22.1,25.1,21.6,1010.16,5.0,2.0,0.0,248.0,,,,,,,,,
Engenho,AcuRite Iris®,2026/12/06 11:05,19.1,88.0,19.8,22.4,25.5,21.9,1010.16,5.0,0.0,0.0,248.0,,,,,,,,,
Engenho,AcuRite Iris®,2026/12/06 11:10,19.0,87.0,19.5,22.3,25.2,21.8,1009.82,5.0,0.0,0.0,248.0,,,,,,,,,
Engenho,AcuRite Iris®,2026/12/06 11:15,18.9,88.0,19.7,22.2,25.3,21.7,1009.82,5.0,0.0,0.0,248.0,,,,,,,,,
Engenho,AcuRite Iris®,2026/12/06 11:20,18.7,88.0,19.4,22.0,24.9,21.5,1009.82,5.0,0.0,0.0,248.0,,,,,,,,,
Engenho,AcuRite Iris®,2026/12/06 11:25,19.3,88.0,20.0,22.7,25.8,22.1,1009.82,5.0,0.0,0.0,248.0,,,,,,,,,
Engenho,AcuRite Iris®,2026/12/06 11:30,19.8,87.0,20.3,23.2,26.4,22.6,1009.48,5.0,0.0,0.0,248.0,,,,,,,,,
Engenho,AcuRite Iris®,2026/12/06 11:35,18.7,90.0,19.8,22.1,25.1,21.5,1009.14,5.0,0.0,0.0,248.0,,,,,,,,,
Engenho,AcuRite Iris®,2026/12/06 11:40,19.6,90.0,20.7,23.1,26.4,22.4,1009.14,5.0,3.0,0.0,248.0,,,,,,,,,
Engenho,AcuRite Iris®,2026/12/06 11:45,20.8,84.0,20.7,24.2,27.7,23.6,1009.14,5.0,2.0,0.0,248.0,,,,,,,,,
Engenho,AcuRite Iris®,2026/12/06 11:50,20.0,86.0,20.3,23.3,26.6,22.8,1008.81,5.0,0.0,0.0,248.0,,,,,,,,,
Engenho,AcuRite Iris®,2026/12/06 11:55,19.1,90.0,20.2,22.5,25.7,21.9,1008.81,5.0,2.0,0.0,248.0,,,,,,,,,
Engenho,AcuRite Iris®,2026/12/06 12:00,19.1,89.0,20.0,22.4,25.6,21.9,1008.47,5.0,3.0,2.0,270.0,,,,,,,,,
Engenho,AcuRite Iris®,2026/12/06 12:05,21.1,82.0,20.6,24.5,27.9,23.9,1008.47,5.0,3.0,0.0,270.0,,,,,,,,,
Engenho,AcuRite Iris®,2026/12/06 12:10,19.1,89.0,20.0,22.4,25.6,21.9,1008.47,5.0,5.0,3.0,270.0,,,,,,,,,
Engenho,AcuRite Iris®,2026/12/06 12:15,19.0,88.0,19.7,22.3,25.3,21.8,1008.13,5.0,0.0,3.0,270.0,,,,,,,,,
Engenho,AcuRite Iris®,2026/12/06 12:20,19.4,87.0,19.9,22.8,25.9,22.2,1008.13,5.0,2.0,2.0,293.0,,,,,,,,,
Engenho,AcuRite Iris®,2026/12/06 12:25,19.6,86.0,19.9,22.9,26.1,22.4,1008.13,5.0,3.0,3.0,270.0,,,,,,,,,
Engenho,AcuRite Iris®,2026/12/06 12:30,20.1,84.0,20.1,23.4,26.6,22.9,1007.79,5.0,0.0,2.0,270.0,,,,,,,,,
Engenho,AcuRite Iris®,2026/12/06 12:35,19.9,85.0,20.1,23.3,26.4,22.7,1007.79,5.0,2.0,2.0,293.0,,,,,,,,,
Engenho,AcuRite Iris®,2026/12/06 12:40,19.9,86.0,20.3,23.3,26.6,22.7,1007.79,5.0,6.0,3.0,270.0,,,,,,,,,
Engenho,AcuRite Iris®,2026/12/06 12:45,21.9,81.0,21.2,25.4,29.0,24.7,1007.79,5.0,2.0,2.0,270.0,,,,,,,,,
Engenho,AcuRite Iris®,2026/12/06 12:50,21.5,79.0,20.4,24.8,28.2,24.3,1007.79,5.0,8.0,3.0,248.0,,,,,,,,,
Engenho,AcuRite Iris®,2026/12/06 12:55,21.3,80.0,20.4,24.7,28.0,24.1,1007.45,5.0,2.0,3.0,68.0,,,,,,,,,
Engenho,AcuRite Iris®,2026/12/06 13:00,21.7,80.0,20.8,25.1,28.6,24.5,1007.45,5.0,3.0,3.0,293.0,,,,,,,,,
Engenho,AcuRite Iris®,2026/12/06 13:05,21.2,80.0,20.3,24.6,27.8,24.0,1007.45,5.0,3.0,3.0,293.0,,,,,,,,,
Engenho,AcuRite Iris®,2026/12/06 13:10,21.2,81.0,20.6,24.6,27.9,24.0,1007.45,5.0,8.0,3.0,270.0,,,,,,,,,
Engenho,AcuRite Iris®,2026/12/06 13:15,21.1,82.0,20.6,24.5,27.9,23.9,1007.11,5.0,6.0,3.0,0.0,,,,,,,,,
Engenho,AcuRite Iris®,2026/12/06 13:20,20.8,83.0,20.6,24.2,26.9,23.6,1007.11,5.0,3.0,5.0,270.0,,,,,,,,,
Engenho,AcuRite Iris®,2026/12/06 13:25,21.3,82.0,20.8,24.7,28.2,24.1,1007.11,5.0,2.0,2.0,270.0,,,,,,,,,
Engenho,AcuRite Iris®,2026/12/06 13:30,21.2,81.0,20.6,24.6,27.9,24.0,1007.11,5.0,3.0,3.0,270.0,,,,,,,,,
Engenho,AcuRite Iris®,2026/12/06 13:35,21.4,82.0,20.9,24.8,28.4,24.2,1006.77,5.0,0.0,2.0,270.0,,,,,,,,,
Engenho,AcuRite Iris®,2026/12/06 13:40,21.9,81.0,21.2,25.4,29.0,24.7,1006.77,5.0,3.0,0.0,270.0,,,,,,,,,
Engenho,AcuRite Iris®,2026/12/06 13:45,21.6,80.0,20.7,24.9,28.4,24.4,1006.77,5.0,2.0,2.0,270.0,,,,,,,,,
Engenho,AcuRite Iris®,2026/12/06 13:55,21.9,78.0,20.6,25.3,28.0,24.7,1006.77,5.0,5.0,5.0,270.0,,,,,,,,,
Engenho,AcuRite Iris®,2026/12/06 14:00,21.8,80.0,20.9,25.2,28.8,24.6,1006.43,5.0,3.0,3.0,293.0,,,,,,,,,
Engenho,AcuRite Iris®,2026/12/06 14:05,21.9,79.0,20.8,25.3,28.8,24.7,1006.43,5.0,5.0,2.0,293.0,,,,,,,,,
Engenho,AcuRite Iris®,2026/12/06 14:10,21.9,79.0,20.8,25.3,28.8,24.7,1006.43,5.0,5.0,3.0,293.0,,,,,,,,,
Engenho,AcuRite Iris®,2026/12/06 14:15,21.6,80.0,20.7,24.9,28.4,24.4,1006.43,5.0,3.0,3.0,270.0,,,,,,,,,
Engenho,AcuRite Iris®,2026/12/06 14:20,21.5,80.0,20.6,24.8,27.6,24.3,1006.1,5.0,6.0,5.0,270.0,,,,,,,,,
Engenho,AcuRite Iris®,2026/12/06 14:25,21.4,81.0,20.7,24.8,27.6,24.2,1006.1,5.0,2.0,5.0,270.0,,,,,,,,,
Engenho,AcuRite Iris®,2026/12/06 14:30,21.5,81.0,20.8,24.9,28.4,24.3,1006.1,5.0,6.0,3.0,270.0,,,,,,,,,
Engenho,AcuRite Iris®,2026/12/06 14:35,21.1,82.0,20.6,24.5,27.2,23.9,1005.76,5.0,6.0,5.0,270.0,,,,,,,,,
Engenho,AcuRite Iris®,2026/12/06 14:40,21.1,82.0,20.6,24.5,27.2,23.9,1005.76,5.0,8.0,5.0,270.0,,,,,,,,,
Engenho,AcuRite Iris®,2026/12/06 14:45,20.9,83.0,20.7,24.3,27.1,23.7,1006.1,5.0,5.0,5.0,248.0,,,,,,,,,
Engenho,AcuRite Iris®,2026/12/06 14:50,20.9,83.0,20.7,24.3,27.7,23.7,1006.1,5.0,5.0,3.0,270.0,,,,,,,,,
Engenho,AcuRite Iris®,2026/12/06 14:55,20.9,83.0,20.7,24.3,27.1,23.7,1006.1,5.0,5.0,5.0,270.0,,,,,,,,,
Engenho,AcuRite Iris®,2026/12/06 15:00,20.6,84.0,20.5,24.0,25.9,23.4,1006.1,5.0,6.0,8.0,293.0,,,,,,,,,
Engenho,AcuRite Iris®,2026/12/06 15:05,20.7,84.0,20.6,24.1,26.8,23.5,1006.1,5.0,5.0,6.0,225.0,,,,,,,,,
Engenho,AcuRite Iris®,2026/12/06 15:10,20.5,84.0,20.4,23.8,26.5,23.3,1006.1,5.0,6.0,6.0,225.0,,,,,,,,,
Engenho,AcuRite Iris®,2026/12/06 15:15,20.4,85.0,20.6,23.8,26.5,23.2,1006.1,5.0,8.0,6.0,225.0,,,,,,,,,
Engenho,AcuRite Iris®,2026/12/06 15:20,20.4,85.0,20.6,23.8,26.5,23.2,1006.1,5.0,6.0,6.0,225.0,,,,,,,,,
Engenho,AcuRite Iris®,2026/12/06 15:25,20.4,85.0,20.6,23.8,26.5,23.2,1006.1,5.0,6.0,5.0,270.0,,,,,,,,,
Engenho,AcuRite Iris®,2026/12/06 15:30,20.4,85.0,20.6,23.8,26.5,23.2,1006.1,5.0,8.0,5.0,270.0,,,,,,,,,
Engenho,AcuRite Iris®,2026/12/06 15:35,20.2,85.0,20.3,23.6,26.2,23.0,1006.1,5.0,6.0,5.0,248.0,,,,,,,,,
Engenho,AcuRite Iris®,2026/12/06 15:40,20.3,85.0,20.4,23.7,26.3,23.1,1005.76,5.0,5.0,5.0,248.0,,,,,,,,,
Engenho,AcuRite Iris®,2026/12/06 15:45,20.3,85.0,20.4,23.7,27.0,23.1,1005.76,5.0,6.0,3.0,270.0,,,,,,,,,
Engenho,AcuRite Iris®,2026/12/06 15:50,20.3,85.0,20.4,23.7,26.3,23.1,1006.1,5.0,5.0,5.0,248.0,,,,,,,,,
Engenho,AcuRite Iris®,2026/12/06 15:55,20.3,85.0,20.4,23.7,27.0,23.1,1006.1,5.0,2.0,3.0,225.0,,,,,,,,,
Engenho,AcuRite Iris®,2026/12/06 16:00,20.3,85.0,20.4,23.7,26.3,23.1,1006.1,5.0,3.0,5.0,270.0,,,,,,,,,
Engenho,AcuRite Iris®,2026/12/06 16:05,20.7,84.0,20.6,24.1,27.5,23.5,1006.1,5.0,3.0,3.0,248.0,,,,,,,,,
Engenho,AcuRite Iris®,2026/12/06 16:10,21.3,82.0,20.8,24.7,28.2,24.1,1006.1,5.0,0.0,0.0,248.0,,,,,,,,,
Engenho,AcuRite Iris®,2026/12/06 16:15,21.4,81.0,20.7,24.8,28.3,24.2,1006.1,5.0,2.0,2.0,315.0,,,,,,,,,
Engenho,AcuRite Iris®,2026/12/06 16:20,21.3,81.0,20.7,24.7,28.1,24.1,1005.76,5.0,3.0,2.0,270.0,,,,,,,,,
Engenho,AcuRite Iris®,2026/12/06 16:25,21.4,81.0,20.7,24.8,28.3,24.2,1006.1,5.0,5.0,2.0,270.0,,,,,,,,,
Engenho,AcuRite Iris®,2026/12/06 16:30,21.0,81.0,20.3,24.3,26.9,23.8,1006.43,5.0,3.0,5.0,225.0,,,,,,,,,
Engenho,AcuRite Iris®,2026/12/06 16:35,21.2,82.0,20.7,24.6,28.1,24.0,1006.43,5.0,0.0,3.0,270.0,,,,,,,,,
Engenho,AcuRite Iris®,2026/12/06 16:40,21.3,81.0,20.7,24.7,28.1,24.1,1006.1,5.0,2.0,0.0,270.0,,,,,,,,,
Engenho,AcuRite Iris®,2026/12/06 16:45,21.0,82.0,20.5,24.3,27.7,23.8,1006.1,5.0,2.0,2.0,270.0,,,,,,,,,
Engenho,AcuRite Iris®,2026/12/06 16:50,21.1,82.0,20.6,24.5,27.9,23.9,1006.43,5.0,5.0,2.0,0.0,,,,,,,,,
Engenho,AcuRite Iris®,2026/12/06 16:55,20.7,82.0,20.2,24.1,27.3,23.5,1006.43,5.0,3.0,2.0,270.0,,,,,,,,,
Engenho,AcuRite Iris®,2026/12/06 17:00,20.5,84.0,20.4,23.8,27.2,23.3,1006.43,5.0,2.0,3.0,270.0,,,,,,,,,
Engenho,AcuRite Iris®,2026/12/06 17:05,20.7,83.0,20.4,24.1,27.4,23.5,1006.43,5.0,3.0,2.0,248.0,,,,,,,,,
Engenho,AcuRite Iris®,2026/12/06 17:10,20.5,84.0,20.4,23.8,27.2,23.3,1006.43,5.0,5.0,2.0,270.0,,,,,,,,,
Engenho,AcuRite Iris®,2026/12/06 17:15,20.3,84.0,20.3,23.7,26.9,23.1,1006.43,5.0,2.0,2.0,270.0,,,,,,,,,
Engenho,AcuRite Iris®,2026/12/06 17:20,21.0,83.0,20.7,24.4,27.8,23.8,1006.77,5.0,0.0,0.0,270.0,,,,,,,,,
Engenho,AcuRite Iris®,2026/12/06 17:25,21.0,82.0,20.5,24.3,27.7,23.8,1006.77,5.0,0.0,0.0,270.0,,,,,,,,,
Engenho,AcuRite Iris®,2026/12/06 17:30,20.9,83.0,20.7,24.3,27.7,23.7,1007.11,5.0,0.0,0.0,270.0,,,,,,,,,
Engenho,AcuRite Iris®,2026/12/06 17:35,20.5,84.0,20.4,23.8,27.2,23.3,1007.11,5.0,0.0,0.0,270.0,,,,,,,,,
Engenho,AcuRite Iris®,2026/12/06 17:40,20.1,83.0,19.8,23.4,26.5,22.9,1007.45,5.0,2.0,2.0,293.0,,,,,,,,,
Engenho,AcuRite Iris®,2026/12/06 17:45,20.6,79.0,19.6,23.8,26.9,23.4,1007.11,5.0,0.0,0.0,0.0,,,,,,,,,
Engenho,AcuRite Iris®,2026/12/06 17:50,20.4,69.0,17.2,23.4,25.7,23.2,1007.11,5.0,5.0,3.0,68.0,,,,,,,,,
Engenho,AcuRite Iris®,2026/12/06 17:55,20.4,67.0,16.7,23.3,25.5,23.2,1007.45,5.0,5.0,3.0,113.0,,,,,,,,,
Engenho,AcuRite Iris®,2026/12/06 18:00,20.5,67.0,16.8,23.4,25.6,23.3,1007.45,5.0,6.0,2.0,113.0,,,,,,,,,
Engenho,AcuRite Iris®,2026/12/06 18:05,20.5,68.0,17.1,23.4,25.7,23.3,1007.45,5.0,6.0,3.0,113.0,,,,,,,,,
Engenho,AcuRite Iris®,2026/12/06 18:10,20.4,67.0,16.7,23.3,24.8,23.2,1007.45,5.0,0.0,5.0,135.0,,,,,,,,,
Engenho,AcuRite Iris®,2026/12/06 18:15,20.4,66.0,16.5,23.3,24.7,23.2,1007.79,5.0,6.0,6.0,135.0,,,,,,,,,
Engenho,AcuRite Iris®,2026/12/06 18:20,20.8,66.0,16.9,23.8,25.9,23.6,1007.79,5.0,0.0,2.0,135.0,,,,,,,,,
Engenho,AcuRite Iris®,2026/12/06 18:25,20.7,67.0,17.0,23.7,25.9,23.5,1007.79,5.0,0.0,0.0,135.0,,,,,,,,,
Engenho,AcuRite Iris®,2026/12/06 18:30,20.7,66.0,16.8,23.6,25.8,23.5,1007.79,5.0,0.0,2.0,135.0,,,,,,,,,
Engenho,AcuRite Iris®,2026/12/06 18:35,20.3,67.0,16.7,23.2,25.3,23.1,1007.79,5.0,0.0,0.0,270.0,,,,,,,,,
Engenho,AcuRite Iris®,2026/12/06 18:40,20.7,67.0,17.0,23.7,25.9,23.5,1008.13,5.0,0.0,0.0,270.0,,,,,,,,,
Engenho,AcuRite Iris®,2026/12/06 18:45,20.5,68.0,17.1,23.4,25.7,23.3,1007.79,5.0,0.0,0.0,270.0,,,,,,,,,
Engenho,AcuRite Iris®,2026/12/06 18:50,20.0,70.0,17.0,22.9,25.2,22.8,1007.79,5.0,0.0,0.0,270.0,,,,,,,,,
Engenho,AcuRite Iris®,2026/12/06 18:55,19.8,71.0,17.1,22.8,25.0,22.6,1008.13,5.0,0.0,0.0,270.0,,,,,,,,,
Engenho,AcuRite Iris®,2026/12/06 19:00,19.1,71.0,16.4,22.0,24.0,21.9,1008.13,5.0,8.0,0.0,158.0,,,,,,,,,
Engenho,AcuRite Iris®,2026/12/06 19:05,19.3,68.0,15.9,22.2,24.1,22.1,1008.13,5.0,2.0,3.0,135.0,,,,,,,,,
Engenho,AcuRite Iris®,2026/12/06 19:10,19.4,66.0,15.6,22.2,23.3,22.2,1008.13,5.0,8.0,5.0,113.0,,,,,,,,,
Engenho,AcuRite Iris®,2026/12/06 19:15,19.8,66.0,15.9,22.7,24.6,22.6,1008.47,5.0,2.0,3.0,113.0,,,,,,,,,
Engenho,AcuRite Iris®,2026/12/06 19:20,19.7,66.0,15.8,22.6,24.4,22.5,1008.47,5.0,0.0,2.0,90.0,,,,,,,,,
Engenho,AcuRite Iris®,2026/12/06 19:25,20.1,66.0,16.2,22.9,24.9,22.9,1008.47,5.0,0.0,0.0,90.0,,,,,,,,,
Engenho,AcuRite Iris®,2026/12/06 19:30,20.2,66.0,16.3,23.1,25.1,23.0,1008.47,5.0,0.0,0.0,90.0,,,,,,,,,
Engenho,AcuRite Iris®,2026/12/06 19:35,19.6,68.0,16.2,22.4,24.4,22.4,1008.47,5.0,0.0,0.0,90.0,,,,,,,,,
Engenho,AcuRite Iris®,2026/12/06 19:40,19.1,68.0,15.7,21.9,23.8,21.9,1008.47,5.0,2.0,0.0,113.0,,,,,,,,,
Engenho,AcuRite Iris®,2026/12/06 19:45,19.0,68.0,15.6,21.8,23.6,21.8,1008.47,5.0,2.0,3.0,113.0,,,,,,,,,
Engenho,AcuRite Iris®,2026/12/06 19:50,19.2,67.0,15.6,22.0,23.8,22.0,1008.47,5.0,0.0,2.0,113.0,,,,,,,,,
Engenho,AcuRite Iris®,2026/12/06 19:55,19.3,66.0,15.4,22.1,23.9,22.1,1008.81,5.0,10.0,3.0,113.0,,,,,,,,,
Engenho,AcuRite Iris®,2026/12/06 20:00,19.6,66.0,15.7,22.4,24.3,22.4,1008.47,5.0,3.0,3.0,113.0,,,,,,,,,
Engenho,AcuRite Iris®,2026/12/06 20:05,19.7,66.0,15.8,22.6,24.4,22.5,1008.81,5.0,3.0,3.0,90.0,,,,,,,,,
Engenho,AcuRite Iris®,2026/12/06 20:10,19.4,66.0,15.6,22.2,24.1,22.2,1008.81,5.0,3.0,3.0,135.0,,,,,,,,,
Engenho,AcuRite Iris®,2026/12/06 20:15,19.3,66.0,15.4,22.1,23.9,22.1,1009.14,5.0,3.0,3.0,135.0,,,,,,,,,
Engenho,AcuRite Iris®,2026/12/06 20:20,19.2,66.0,15.3,22.0,23.1,22.0,1008.81,5.0,8.0,6.0,135.0,,,,,,,,,
Engenho,AcuRite Iris®,2026/12/06 20:25,19.5,66.0,15.6,22.3,24.1,22.3,1009.14,5.0,6.0,3.0,113.0,,,,,,,,,
Engenho,AcuRite Iris®,2026/12/06 20:30,19.1,66.0,15.2,21.8,23.6,21.9,1009.14,5.0,2.0,3.0,135.0,,,,,,,,,
Engenho,AcuRite Iris®,2026/12/06 20:35,19.4,66.0,15.6,22.2,24.1,22.2,1009.14,5.0,3.0,3.0,113.0,,,,,,,,,
Engenho,AcuRite Iris®,2026/12/06 20:40,19.2,66.0,15.3,22.0,23.7,22.0,1009.14,5.0,5.0,3.0,135.0,,,,,,,,,
Engenho,AcuRite Iris®,2026/12/06 20:45,19.1,66.0,15.2,21.8,22.9,21.9,1009.14,5.0,3.0,5.0,135.0,,,,,,,,,
Engenho,AcuRite Iris®,2026/12/06 20:50,19.1,66.0,15.2,21.8,22.2,21.9,1009.14,5.0,8.0,8.0,113.0,,,,,,,,,
Engenho,AcuRite Iris®,2026/12/06 20:55,19.1,67.0,15.5,21.9,23.7,21.9,1009.14,5.0,3.0,3.0,113.0,,,,,,,,,
Engenho,AcuRite Iris®,2026/12/06 21:00,19.0,67.0,15.4,21.8,23.6,21.8,1009.14,5.0,2.0,3.0,113.0,,,,,,,,,
Engenho,AcuRite Iris®,2026/12/06 21:05,19.1,67.0,15.5,21.9,23.7,21.9,1009.14,5.0,5.0,2.0,90.0,,,,,,,,,
Engenho,AcuRite Iris®,2026/12/06 21:10,19.1,67.0,15.5,21.9,23.7,21.9,1009.14,5.0,0.0,2.0,90.0,,,,,,,,,
Engenho,AcuRite Iris®,2026/12/06 21:15,19.0,67.0,15.4,21.8,23.6,21.8,1009.14,5.0,5.0,0.0,90.0,,,,,,,,,
Engenho,AcuRite Iris®,2026/12/06 21:20,18.7,68.0,15.3,21.5,23.2,21.5,1009.14,5.0,0.0,3.0,135.0,,,,,,,,,
Engenho,AcuRite Iris®,2026/12/06 21:25,19.1,67.0,15.5,21.9,23.7,21.9,1009.14,5.0,0.0,0.0,135.0,,,,,,,,,
Engenho,AcuRite Iris®,2026/12/06 21:30,18.8,68.0,15.4,21.6,23.4,21.6,1009.48,5.0,0.0,0.0,203.0,,,,,,,,,
Engenho,AcuRite Iris®,2026/12/06 21:35,18.9,67.0,15.3,21.7,23.4,21.7,1009.14,5.0,0.0,0.0,203.0,,,,,,,,,
Engenho,AcuRite Iris®,2026/12/06 21:40,18.9,67.0,15.3,21.7,23.4,21.7,1009.48,5.0,3.0,0.0,203.0,,,,,,,,,
Engenho,AcuRite Iris®,2026/12/06 21:45,19.2,67.0,15.6,22.0,23.8,22.0,1009.48,5.0,0.0,0.0,203.0,,,,,,,,,
Engenho,AcuRite Iris®,2026/12/06 21:50,19.1,68.0,15.7,21.9,23.8,21.9,1009.48,5.0,0.0,0.0,203.0,,,,,,,,,
Engenho,AcuRite Iris®,2026/12/06 21:55,18.4,69.0,15.3,21.2,22.9,21.2,1009.48,5.0,0.0,0.0,203.0,,,,,,,,,
Engenho,AcuRite Iris®,2026/12/06 22:00,18.2,70.0,15.3,21.0,22.7,21.0,1009.48,5.0,0.0,0.0,158.0,,,,,,,,,
Engenho,AcuRite Iris®,2026/12/06 22:05,17.7,70.0,14.8,20.4,22.1,20.5,1009.48,5.0,5.0,2.0,135.0,,,,,,,,,
Engenho,AcuRite Iris®,2026/12/06 22:10,17.6,70.0,14.7,20.3,21.9,20.4,1009.48,5.0,3.0,2.0,135.0,,,,,,,,,
Engenho,AcuRite Iris®,2026/12/06 22:15,18.1,69.0,15.0,20.8,22.5,20.9,1009.48,5.0,8.0,3.0,135.0,,,,,,,,,
Engenho,AcuRite Iris®,2026/12/06 22:20,18.1,69.0,15.0,20.8,22.5,20.9,1009.14,5.0,5.0,2.0,135.0,,,,,,,,,
Engenho,AcuRite Iris®,2026/12/06 22:25,18.1,69.0,15.0,20.8,22.5,20.9,1009.14,5.0,2.0,3.0,135.0,,,,,,,,,
Engenho,AcuRite Iris®,2026/12/06 22:30,18.1,69.0,15.0,20.8,22.5,20.9,1009.14,5.0,2.0,2.0,135.0,,,,,,,,,
Engenho,AcuRite Iris®,2026/12/06 22:35,18.5,69.0,15.3,21.3,23.0,21.3,1009.14,5.0,3.0,0.0,135.0,,,,,,,,,
Engenho,AcuRite Iris®,2026/12/06 22:40,18.1,69.0,15.0,20.8,22.5,20.9,1009.48,5.0,3.0,2.0,135.0,,,,,,,,,
Engenho,AcuRite Iris®,2026/12/06 22:45,18.1,70.0,15.2,20.9,22.6,20.9,1009.48,5.0,5.0,3.0,113.0,,,,,,,,,
Engenho,AcuRite Iris®,2026/12/06 22:50,18.2,70.0,15.3,21.0,22.7,21.0,1009.14,5.0,2.0,3.0,135.0,,,,,,,,,
Engenho,AcuRite Iris®,2026/12/06 22:55,18.1,69.0,15.0,20.8,22.5,20.9,1009.48,5.0,3.0,3.0,68.0,,,,,,,,,
Engenho,AcuRite Iris®,2026/12/06 23:00,18.1,69.0,15.0,20.8,21.8,20.9,1009.48,5.0,6.0,5.0,113.0,,,,,,,,,
Engenho,AcuRite Iris®,2026/12/06 23:05,18.3,69.0,15.2,21.1,22.8,21.1,1009.14,5.0,5.0,3.0,90.0,,,,,,,,,
Engenho,AcuRite Iris®,2026/12/06 23:10,18.5,69.0,15.3,21.3,23.0,21.3,1009.14,5.0,3.0,2.0,135.0,,,,,,,,,
Engenho,AcuRite Iris®,2026/12/06 23:15,18.5,69.0,15.3,21.3,23.0,21.3,1009.48,5.0,2.0,3.0,113.0,,,,,,,,,
Engenho,AcuRite Iris®,2026/12/06 23:25,18.3,69.0,15.2,21.1,22.8,21.1,1009.48,0.0,3.0,2.0,113.0,,,,,,,,,
Engenho,AcuRite Iris®,2026/12/06 23:30,18.0,70.0,15.1,20.7,22.4,20.8,1009.82,0.0,10.0,3.0,68.0,,,,,,,,,
Engenho,AcuRite Iris®,2026/12/06 23:35,18.3,69.0,15.2,21.1,22.8,21.1,1009.82,0.0,0.0,3.0,113.0,,,,,,,,,
Engenho,AcuRite Iris®,2026/12/06 23:40,18.1,69.0,15.0,20.8,22.5,20.9,1009.48,0.0,2.0,3.0,113.0,,,,,,,,,
Engenho,AcuRite Iris®,2026/12/06 23:45,18.1,69.0,15.0,20.8,22.5,20.9,1009.48,0.0,0.0,3.0,113.0,,,,,,,,,
Engenho,AcuRite Iris®,2026/12/06 23:50,18.2,69.0,15.1,20.9,22.7,21.0,1009.48,0.0,2.0,3.0,68.0,,,,,,,,,
Engenho,AcuRite Iris®,2026/12/06 23:55,18.2,69.0,15.1,20.9,22.7,21.0,1009.48,0.0,8.0,3.0,68.0,,,,,,,,,
Engenho,AcuRite Iris®,2026/13/06 00:00,18.0,69.0,14.9,20.7,22.3,20.8,1009.48,0.0,6.0,3.0,113.0,,,,,,,,,
Engenho,AcuRite Iris®,2026/13/06 00:05,17.9,69.0,14.8,20.7,21.6,20.7,1009.48,0.0,5.0,6.0,113.0,,,,,,,,,
Engenho,AcuRite Iris®,2026/13/06 00:10,18.1,69.0,15.0,20.8,21.8,20.9,1009.48,0.0,5.0,5.0,113.0,,,,,,,,,
Engenho,AcuRite Iris®,2026/13/06 00:15,18.0,69.0,14.9,20.7,22.3,20.8,1009.48,0.0,5.0,3.0,113.0,,,,,,,,,
Engenho,AcuRite Iris®,2026/13/06 00:20,18.1,69.0,15.0,20.8,22.5,20.9,1009.48,0.0,2.0,3.0,113.0,,,,,,,,,
Engenho,AcuRite Iris®,2026/13/06 00:25,17.8,69.0,14.7,20.6,22.1,20.6,1009.48,0.0,3.0,3.0,113.0,,,,,,,,,
Engenho,AcuRite Iris®,2026/13/06 00:30,18.0,69.0,14.9,20.7,21.7,20.8,1009.48,0.0,5.0,5.0,113.0,,,,,,,,,
Engenho,AcuRite Iris®,2026/13/06 00:35,18.2,69.0,15.1,20.9,22.7,21.0,1009.48,0.0,3.0,2.0,113.0,,,,,,,,,
Engenho,AcuRite Iris®,2026/13/06 00:40,18.0,69.0,14.9,20.7,22.3,20.8,1009.48,0.0,3.0,3.0,113.0,,,,,,,,,
Engenho,AcuRite Iris®,2026/13/06 00:45,18.1,69.0,15.0,20.8,22.5,20.9,1009.48,0.0,0.0,2.0,113.0,,,,,,,,,
Engenho,AcuRite Iris®,2026/13/06 00:50,18.1,69.0,15.0,20.8,22.5,20.9,1009.48,0.0,2.0,0.0,113.0,,,,,,,,,
Engenho,AcuRite Iris®,2026/13/06 00:55,18.2,69.0,15.1,20.9,22.7,21.0,1009.48,0.0,2.0,0.0,113.0,,,,,,,,,
Engenho,AcuRite Iris®,2026/13/06 01:00,17.8,70.0,14.9,20.6,22.2,20.6,1009.82,0.0,5.0,0.0,113.0,,,,,,,,,
Engenho,AcuRite Iris®,2026/13/06 01:05,18.0,70.0,15.1,20.7,22.4,20.8,1009.48,0.0,0.0,2.0,113.0,,,,,,,,,
Engenho,AcuRite Iris®,2026/13/06 01:10,17.8,70.0,14.9,20.6,22.2,20.6,1009.48,0.0,3.0,0.0,113.0,,,,,,,,,
Engenho,AcuRite Iris®,2026/13/06 01:15,18.0,69.0,14.9,20.7,22.3,20.8,1009.48,0.0,0.0,0.0,113.0,,,,,,,,,
Engenho,AcuRite Iris®,2026/13/06 01:20,17.8,70.0,14.9,20.6,22.2,20.6,1009.48,0.0,2.0,0.0,113.0,,,,,,,,,
Engenho,AcuRite Iris®,2026/13/06 01:25,17.8,70.0,14.9,20.6,22.2,20.6,1009.48,0.0,0.0,0.0,113.0,,,,,,,,,
Engenho,AcuRite Iris®,2026/13/06 01:30,17.9,70.0,15.1,20.7,22.3,20.7,1009.48,0.0,0.0,0.0,113.0,,,,,,,,,
Engenho,AcuRite Iris®,2026/13/06 01:35,17.8,70.0,14.9,20.6,22.2,20.6,1009.48,0.0,0.0,0.0,113.0,,,,,,,,,
Engenho,AcuRite Iris®,2026/13/06 01:40,17.2,71.0,14.6,19.9,21.4,20.0,1009.48,0.0,0.0,0.0,113.0,,,,,,,,,
Engenho,AcuRite Iris®,2026/13/06 01:45,16.9,73.0,14.7,19.7,21.2,19.7,1009.48,0.0,0.0,0.0,113.0,,,,,,,,,
Engenho,AcuRite Iris®,2026/13/06 01:50,16.7,72.0,14.3,19.4,20.9,19.5,1009.14,0.0,0.0,0.0,113.0,,,,,,,,,
Engenho,AcuRite Iris®,2026/13/06 01:55,16.5,72.0,14.1,19.2,20.6,19.3,1009.14,0.0,0.0,0.0,113.0,,,,,,,,,
Engenho,AcuRite Iris®,2026/13/06 02:00,16.5,72.0,14.1,19.2,20.6,19.3,1009.14,0.0,0.0,0.0,113.0,,,,,,,,,
Engenho,AcuRite Iris®,2026/13/06 02:05,16.2,72.0,13.8,18.8,20.2,19.0,1009.14,0.0,0.0,0.0,113.0,,,,,,,,,
Engenho,AcuRite Iris®,2026/13/06 02:10,16.1,72.0,13.7,18.7,20.1,18.9,1009.48,0.0,0.0,0.0,113.0,,,,,,,,,
Engenho,AcuRite Iris®,2026/13/06 02:15,16.4,72.0,14.1,19.1,20.5,19.2,1009.48,0.0,0.0,0.0,113.0,,,,,,,,,
Engenho,AcuRite Iris®,2026/13/06 02:20,16.3,72.0,13.9,18.9,20.3,19.1,1009.48,0.0,0.0,0.0,113.0,,,,,,,,,
Engenho,AcuRite Iris®,2026/13/06 02:25,16.2,73.0,14.1,18.9,20.3,19.0,1009.48,0.0,0.0,0.0,113.0,,,,,,,,,
Engenho,AcuRite Iris®,2026/13/06 02:30,16.3,72.0,13.9,18.9,20.3,19.1,1009.48,0.0,0.0,0.0,113.0,,,,,,,,,
Engenho,AcuRite Iris®,2026/13/06 02:35,15.8,73.0,13.7,18.4,19.8,18.6,1009.48,0.0,0.0,0.0,113.0,,,,,,,,,
Engenho,AcuRite Iris®,2026/13/06 02:40,15.6,73.0,13.4,18.2,19.4,18.4,1009.48,0.0,0.0,0.0,113.0,,,,,,,,,
Engenho,AcuRite Iris®,2026/13/06 02:45,16.2,73.0,14.1,18.9,20.3,19.0,1009.48,0.0,0.0,0.0,113.0,,,,,,,,,
Engenho,AcuRite Iris®,2026/13/06 02:50,16.1,73.0,13.9,18.7,20.1,18.9,1009.48,0.0,0.0,0.0,113.0,,,,,,,,,
Engenho,AcuRite Iris®,2026/13/06 02:55,16.0,73.0,13.8,18.6,20.0,18.8,1009.48,0.0,0.0,0.0,113.0,,,,,,,,,
Engenho,AcuRite Iris®,2026/13/06 03:00,15.5,73.0,13.3,18.1,19.3,18.3,1009.82,0.0,0.0,0.0,113.0,,,,,,,,,
Engenho,AcuRite Iris®,2026/13/06 03:05,15.3,74.0,13.4,17.9,19.2,18.1,1009.48,0.0,0.0,0.0,113.0,,,,,,,,,
Engenho,AcuRite Iris®,2026/13/06 03:10,15.1,74.0,13.2,17.7,18.9,17.9,1009.48,0.0,0.0,0.0,113.0,,,,,,,,,
Engenho,AcuRite Iris®,2026/13/06 03:15,15.2,73.0,13.1,17.8,18.9,18.0,1009.82,0.0,2.0,2.0,113.0,,,,,,,,,
Engenho,AcuRite Iris®,2026/13/06 03:20,15.4,73.0,13.3,18.0,19.3,18.2,1009.48,0.0,3.0,2.0,113.0,,,,,,,,,
Engenho,AcuRite Iris®,2026/13/06 03:25,15.8,72.0,13.4,18.4,19.7,18.6,1009.48,0.0,0.0,0.0,113.0,,,,,,,,,
Engenho,AcuRite Iris®,2026/13/06 03:30,15.8,72.0,13.4,18.4,19.7,18.6,1009.82,0.0,0.0,0.0,113.0,,,,,,,,,
Engenho,AcuRite Iris®,2026/13/06 03:35,16.1,72.0,13.7,18.7,20.1,18.9,1010.16,0.0,0.0,0.0,113.0,,,,,,,,,
Engenho,AcuRite Iris®,2026/13/06 03:40,15.9,72.0,13.6,18.6,19.8,18.7,1010.16,0.0,0.0,0.0,113.0,,,,,,,,,
Engenho,AcuRite Iris®,2026/13/06 03:45,16.1,72.0,13.7,18.7,20.1,18.9,1010.16,0.0,0.0,0.0,113.0,,,,,,,,,
Engenho,AcuRite Iris®,2026/13/06 03:50,15.9,72.0,13.6,18.6,19.8,18.7,1010.16,0.0,0.0,0.0,113.0,,,,,,,,,
Engenho,AcuRite Iris®,2026/13/06 03:55,16.0,72.0,13.6,18.6,19.9,18.8,1010.16,0.0,0.0,0.0,113.0,,,,,,,,,
Engenho,AcuRite Iris®,2026/13/06 04:00,16.2,72.0,13.8,18.8,20.2,19.0,1010.16,0.0,0.0,0.0,113.0,,,,,,,,,
Engenho,AcuRite Iris®,2026/13/06 04:05,15.4,73.0,13.3,18.0,19.3,18.2,1010.16,0.0,0.0,0.0,113.0,,,,,,,,,
Engenho,AcuRite Iris®,2026/13/06 04:10,15.6,73.0,13.4,18.2,19.4,18.4,1010.16,0.0,0.0,0.0,113.0,,,,,,,,,
Engenho,AcuRite Iris®,2026/13/06 04:15,15.5,73.0,13.3,18.1,19.3,18.3,1010.5,0.0,0.0,0.0,113.0,,,,,,,,,
Engenho,AcuRite Iris®,2026/13/06 04:20,15.4,73.0,13.3,18.0,19.3,18.2,1010.5,0.0,0.0,0.0,113.0,,,,,,,,,
Engenho,AcuRite Iris®,2026/13/06 04:25,15.3,73.0,13.2,17.9,19.1,18.1,1010.5,0.0,0.0,0.0,113.0,,,,,,,,,
Engenho,AcuRite Iris®,2026/13/06 04:30,15.6,73.0,13.4,18.2,19.4,18.4,1010.84,0.0,0.0,0.0,113.0,,,,,,,,,
Engenho,AcuRite Iris®,2026/13/06 04:35,15.6,73.0,13.4,18.2,19.4,18.4,1010.84,0.0,0.0,0.0,113.0,,,,,,,,,
Engenho,AcuRite Iris®,2026/13/06 04:40,15.7,73.0,13.6,18.3,19.6,18.5,1010.84,0.0,0.0,0.0,113.0,,,,,,,,,
Engenho,AcuRite Iris®,2026/13/06 04:45,15.5,73.0,13.3,18.1,19.3,18.3,1010.84,0.0,0.0,0.0,113.0,,,,,,,,,
Engenho,AcuRite Iris®,2026/13/06 04:50,15.4,74.0,13.5,18.1,19.3,18.2,1011.18,0.0,0.0,0.0,113.0,,,,,,,,,
Engenho,AcuRite Iris®,2026/13/06 04:55,15.2,74.0,13.3,17.8,19.1,18.0,1011.18,0.0,0.0,0.0,113.0,,,,,,,,,
Engenho,AcuRite Iris®,2026/13/06 05:00,14.9,75.0,13.2,17.5,18.7,17.7,1011.18,0.0,0.0,0.0,113.0,,,,,,,,,
Engenho,AcuRite Iris®,2026/13/06 05:05,15.1,75.0,13.4,17.7,18.9,17.9,1011.18,0.0,0.0,0.0,113.0,,,,,,,,,
Engenho,AcuRite Iris®,2026/13/06 05:10,14.9,75.0,13.2,17.5,18.7,17.7,1011.18,0.0,0.0,0.0,113.0,,,,,,,,,
Engenho,AcuRite Iris®,2026/13/06 05:15,14.7,76.0,13.2,17.3,18.5,17.5,1011.18,0.0,0.0,0.0,113.0,,,,,,,,,
Engenho,AcuRite Iris®,2026/13/06 05:20,14.4,77.0,13.2,17.0,18.2,17.2,1011.18,0.0,0.0,0.0,113.0,,,,,,,,,
Engenho,AcuRite Iris®,2026/13/06 05:25,14.8,76.0,13.3,17.4,18.7,17.6,1011.51,0.0,0.0,0.0,113.0,,,,,,,,,
Engenho,AcuRite Iris®,2026/13/06 05:30,14.3,77.0,13.1,16.9,18.1,17.1,1011.51,0.0,0.0,0.0,113.0,,,,,,,,,
Engenho,AcuRite Iris®,2026/13/06 05:35,14.1,78.0,13.0,16.7,17.8,16.9,1011.51,0.0,0.0,0.0,113.0,,,,,,,,,
Engenho,AcuRite Iris®,2026/13/06 05:40,14.4,78.0,13.3,17.1,18.3,17.2,1011.85,0.0,0.0,0.0,113.0,,,,,,,,,
Engenho,AcuRite Iris®,2026/13/06 05:45,14.3,78.0,13.2,16.9,18.1,17.1,1011.85,0.0,0.0,0.0,113.0,,,,,,,,,
Engenho,AcuRite Iris®,2026/13/06 05:50,14.3,78.0,13.2,16.9,18.1,17.1,1012.19,0.0,0.0,0.0,113.0,,,,,,,,,
Engenho,AcuRite Iris®,2026/13/06 05:55,14.1,78.0,13.0,16.7,17.8,16.9,1012.19,0.0,0.0,0.0,113.0,,,,,,,,,
Engenho,AcuRite Iris®,2026/13/06 06:00,14.2,78.0,13.1,16.8,18.0,17.0,1012.19,0.0,0.0,0.0,113.0,,,,,,,,,
Engenho,AcuRite Iris®,2026/13/06 06:05,14.2,77.0,12.9,16.8,17.9,17.0,1012.19,0.0,0.0,0.0,113.0,,,,,,,,,
Engenho,AcuRite Iris®,2026/13/06 06:10,14.1,77.0,12.8,16.7,17.8,16.9,1012.19,0.0,0.0,0.0,113.0,,,,,,,,,
Engenho,AcuRite Iris®,2026/13/06 06:15,14.2,77.0,12.9,16.8,17.9,17.0,1012.19,0.0,0.0,0.0,113.0,,,,,,,,,
Engenho,AcuRite Iris®,2026/13/06 06:20,14.3,76.0,12.8,16.9,18.0,17.1,1012.53,0.0,3.0,2.0,135.0,,,,,,,,,
Engenho,AcuRite Iris®,2026/13/06 06:25,14.7,74.0,12.8,17.2,18.4,17.5,1012.53,0.0,0.0,0.0,135.0,,,,,,,,,
Engenho,AcuRite Iris®,2026/13/06 06:30,14.8,73.0,12.7,17.3,18.4,17.6,1012.53,0.0,5.0,2.0,135.0,,,,,,,,,
Engenho,AcuRite Iris®,2026/13/06 06:35,15.3,73.0,13.2,17.9,19.1,18.1,1012.87,0.0,0.0,0.0,135.0,,,,,,,,,
Engenho,AcuRite Iris®,2026/13/06 06:40,15.2,73.0,13.1,17.8,18.9,18.0,1013.21,0.0,0.0,0.0,135.0,,,,,,,,,
Engenho,AcuRite Iris®,2026/13/06 06:45,15.2,73.0,13.1,17.8,18.9,18.0,1013.21,0.0,0.0,0.0,135.0,,,,,,,,,
Engenho,AcuRite Iris®,2026/13/06 06:50,14.9,73.0,12.8,17.4,18.6,17.7,1013.21,0.0,2.0,0.0,135.0,,,,,,,,,
Engenho,AcuRite Iris®,2026/13/06 06:55,15.2,73.0,13.1,17.8,18.9,18.0,1013.21,0.0,0.0,0.0,135.0,,,,,,,,,
Engenho,AcuRite Iris®,2026/13/06 07:00,15.1,73.0,13.0,17.7,18.8,17.9,1013.55,0.0,0.0,0.0,135.0,,,,,,,,,
Engenho,AcuRite Iris®,2026/13/06 07:05,15.1,73.0,13.0,17.7,18.8,17.9,1013.55,0.0,0.0,0.0,135.0,,,,,,,,,
Engenho,AcuRite Iris®,2026/13/06 07:10,14.8,75.0,13.1,17.4,18.6,17.6,1013.88,0.0,0.0,0.0,135.0,,,,,,,,,
Engenho,AcuRite Iris®,2026/13/06 07:15,15.0,75.0,13.3,17.6,18.8,17.8,1013.88,0.0,0.0,0.0,135.0,,,,,,,,,
Engenho,AcuRite Iris®,2026/13/06 07:20,15.0,74.0,13.1,17.6,18.7,17.8,1013.88,0.0,0.0,0.0,135.0,,,,,,,,,
Engenho,AcuRite Iris®,2026/13/06 07:25,14.9,74.0,13.0,17.5,18.7,17.7,1014.22,0.0,0.0,0.0,135.0,,,,,,,,,
Engenho,AcuRite Iris®,2026/13/06 07:30,14.7,76.0,13.2,17.3,18.5,17.5,1014.22,0.0,0.0,0.0,135.0,,,,,,,,,
Engenho,AcuRite Iris®,2026/13/06 07:35,15.4,75.0,13.7,18.1,19.4,18.2,1014.22,0.0,0.0,0.0,135.0,,,,,,,,,
Engenho,AcuRite Iris®,2026/13/06 07:40,15.9,73.0,13.8,18.6,19.9,18.7,1014.56,0.0,0.0,0.0,135.0,,,,,,,,,
Engenho,AcuRite Iris®,2026/13/06 07:45,16.9,72.0,14.5,19.6,21.2,19.7,1014.56,0.0,0.0,0.0,135.0,,,,,,,,,
Engenho,AcuRite Iris®,2026/13/06 07:50,17.7,69.0,14.6,20.4,22.0,20.5,1014.56,0.0,0.0,0.0,135.0,,,,,,,,,
Engenho,AcuRite Iris®,2026/13/06 07:55,18.2,68.0,14.9,20.9,22.6,21.0,1014.56,0.0,0.0,0.0,135.0,,,,,,,,,
Engenho,AcuRite Iris®,2026/13/06 08:00,19.3,67.0,15.7,22.1,24.0,22.1,1014.56,0.0,0.0,0.0,135.0,,,,,,,,,
Engenho,AcuRite Iris®,2026/13/06 08:05,19.9,66.0,16.1,22.8,24.7,22.7,1014.56,0.0,0.0,0.0,135.0,,,,,,,,,
Engenho,AcuRite Iris®,2026/13/06 08:10,20.5,65.0,16.3,23.3,25.4,23.3,1014.56,0.0,0.0,0.0,135.0,,,,,,,,,
Engenho,AcuRite Iris®,2026/13/06 08:15,20.5,65.0,16.3,23.3,25.4,23.3,1014.9,0.0,2.0,0.0,135.0,,,,,,,,,
Engenho,AcuRite Iris®,2026/13/06 08:20,21.7,63.0,17.0,24.7,26.9,24.5,1014.9,0.0,0.0,0.0,135.0,,,,,,,,,
Engenho,AcuRite Iris®,2026/13/06 08:25,21.5,63.0,16.8,24.4,26.6,24.3,1014.9,0.0,3.0,0.0,135.0,,,,,,,,,
Engenho,AcuRite Iris®,2026/13/06 08:30,21.9,63.0,17.2,24.9,27.2,24.7,1014.9,0.0,0.0,2.0,135.0,,,,,,,,,
Engenho,AcuRite Iris®,2026/13/06 08:35,21.2,63.0,16.5,24.1,26.2,24.0,1014.9,0.0,6.0,3.0,113.0,,,,,,,,,
Engenho,AcuRite Iris®,2026/13/06 08:40,20.9,64.0,16.5,23.8,25.2,23.7,1014.9,0.0,3.0,5.0,113.0,,,,,,,,,
Engenho,AcuRite Iris®,2026/13/06 08:45,20.6,65.0,16.4,23.5,24.8,23.4,1014.9,0.0,6.0,5.0,113.0,,,,,,,,,
Engenho,AcuRite Iris®,2026/13/06 08:50,20.5,65.0,16.3,23.3,24.7,23.3,1015.24,0.0,6.0,5.0,113.0,,,,,,,,,
Engenho,AcuRite Iris®,2026/13/06 08:55,20.5,65.0,16.3,23.3,25.4,23.3,1015.24,0.0,3.0,3.0,113.0,,,,,,,,,
Engenho,AcuRite Iris®,2026/13/06 09:00,21.1,65.0,16.9,24.1,26.2,23.9,1015.24,0.0,2.0,3.0,113.0,,,,,,,,,
Engenho,AcuRite Iris®,2026/13/06 09:05,21.0,64.0,16.6,23.9,25.3,23.8,1015.24,0.0,6.0,5.0,113.0,,,,,,,,,
Engenho,AcuRite Iris®,2026/13/06 09:10,21.2,64.0,16.8,24.1,25.6,24.0,1015.24,0.0,5.0,5.0,135.0,,,,,,,,,
Engenho,AcuRite Iris®,2026/13/06 09:15,21.4,63.0,16.7,24.3,26.5,24.2,1015.24,0.0,8.0,3.0,113.0,,,,,,,,,
Engenho,AcuRite Iris®,2026/13/06 09:20,21.4,63.0,16.7,24.3,25.8,24.2,1015.24,0.0,6.0,5.0,113.0,,,,,,,,,
Engenho,AcuRite Iris®,2026/13/06 09:25,21.7,63.0,17.0,24.7,26.9,24.5,1015.24,0.0,3.0,3.0,135.0,,,,,,,,,
Engenho,AcuRite Iris®,2026/13/06 09:30,20.0,67.0,16.3,22.8,24.2,22.8,1015.24,0.0,6.0,6.0,113.0,,,,,,,,,
Engenho,AcuRite Iris®,2026/13/06 09:35,19.6,68.0,16.2,22.4,24.4,22.4,1015.24,0.0,5.0,3.0,90.0,,,,,,,,,
Engenho,AcuRite Iris®,2026/13/06 09:40,19.5,68.0,16.1,22.3,24.3,22.3,1015.24,0.0,3.0,3.0,135.0,,,,,,,,,
Engenho,AcuRite Iris®,2026/13/06 09:45,19.7,68.0,16.3,22.6,24.6,22.5,1015.58,0.0,3.0,3.0,158.0,,,,,,,,,
Engenho,AcuRite Iris®,2026/13/06 09:50,19.9,68.0,16.5,22.8,24.9,22.7,1015.58,0.0,5.0,3.0,135.0,,,,,,,,,
Engenho,AcuRite Iris®,2026/13/06 09:55,20.1,68.0,16.7,23.0,25.1,22.9,1015.58,0.0,5.0,3.0,113.0,,,,,,,,,
Engenho,AcuRite Iris®,2026/13/06 10:00,20.0,68.0,16.6,22.9,25.0,22.8,1015.58,0.0,2.0,3.0,113.0,,,,,,,,,
Engenho,AcuRite Iris®,2026/13/06 10:05,20.2,68.0,16.8,23.1,25.3,23.0,1015.92,0.0,6.0,2.0,113.0,,,,,,,,,
Engenho,AcuRite Iris®,2026/13/06 10:10,20.2,67.0,16.6,23.1,24.5,23.0,1015.92,0.0,2.0,5.0,135.0,,,,,,,,,
Engenho,AcuRite Iris®,2026/13/06 10:15,20.8,68.0,17.3,23.8,26.1,23.6,1015.92,0.0,2.0,0.0,135.0,,,,,,,,,
Engenho,AcuRite Iris®,2026/13/06 10:20,20.7,66.0,16.8,23.6,25.8,23.5,1015.58,0.0,2.0,2.0,113.0,,,,,,,,,
Engenho,AcuRite Iris®,2026/13/06 10:25,20.6,66.0,16.7,23.5,25.6,23.4,1015.92,0.0,3.0,0.0,203.0,,,,,,,,,
Engenho,AcuRite Iris®,2026/13/06 10:30,19.9,70.0,16.9,22.9,25.1,22.7,1015.92,0.0,3.0,3.0,203.0,,,,,,,,,
Engenho,AcuRite Iris®,2026/13/06 10:35,20.6,69.0,17.4,23.6,25.9,23.4,1015.92,0.0,3.0,0.0,203.0,,,,,,,,,
Engenho,AcuRite Iris®,2026/13/06 10:40,21.1,67.0,17.4,24.1,26.4,23.9,1015.92,0.0,5.0,3.0,90.0,,,,,,,,,
Engenho,AcuRite Iris®,2026/13/06 10:45,21.1,66.0,17.2,24.1,26.3,23.9,1015.92,0.0,8.0,3.0,68.0,,,,,,,,,
Engenho,AcuRite Iris®,2026/13/06 10:50,21.2,66.0,17.2,24.2,26.5,24.0,1015.92,0.0,2.0,2.0,135.0,,,,,,,,,
Engenho,AcuRite Iris®,2026/13/06 10:55,21.0,68.0,17.5,24.0,26.4,23.8,1015.92,0.0,2.0,2.0,203.0,,,,,,,,,
Engenho,AcuRite Iris®,2026/13/06 11:00,20.1,70.0,17.1,23.1,25.3,22.9,1015.92,0.0,2.0,0.0,203.0,,,,,,,,,
Engenho,AcuRite Iris®,2026/13/06 11:05,20.9,68.0,17.4,23.9,26.3,23.7,1015.92,0.0,0.0,0.0,203.0,,,,,,,,,
Engenho,AcuRite Iris®,2026/13/06 11:10,19.7,71.0,16.9,22.7,24.9,22.5,1015.92,0.0,3.0,3.0,270.0,,,,,,,,,
Engenho,AcuRite Iris®,2026/13/06 11:15,20.0,70.0,17.0,22.9,24.4,22.8,1015.92,0.0,6.0,5.0,248.0,,,,,,,,,
Engenho,AcuRite Iris®,2026/13/06 11:20,20.1,70.0,17.1,23.1,24.6,22.9,1015.92,0.0,3.0,5.0,248.0,,,,,,,,,
Engenho,AcuRite Iris®,2026/13/06 11:25,20.2,70.0,17.2,23.2,25.4,23.0,1015.92,0.0,5.0,3.0,225.0,,,,,,,,,
Engenho,AcuRite Iris®,2026/13/06 11:30,20.3,70.0,17.3,23.3,25.6,23.1,1015.58,0.0,5.0,3.0,225.0,,,,,,,,,
Engenho,AcuRite Iris®,2026/13/06 11:35,20.1,70.0,17.1,23.1,25.3,22.9,1015.58,0.0,2.0,3.0,248.0,,,,,,,,,
Engenho,AcuRite Iris®,2026/13/06 11:40,20.4,70.0,17.4,23.4,25.8,23.2,1015.58,0.0,3.0,3.0,248.0,,,,,,,,,
Engenho,AcuRite Iris®,2026/13/06 11:45,20.3,70.0,17.3,23.3,25.6,23.1,1015.58,0.0,2.0,3.0,270.0,,,,,,,,,
Engenho,AcuRite Iris®,2026/13/06 11:50,20.4,70.0,17.4,23.4,25.8,23.2,1015.58,0.0,6.0,3.0,270.0,,,,,,,,,
Engenho,AcuRite Iris®,2026/13/06 11:55,20.4,70.0,17.4,23.4,25.1,23.2,1015.58,0.0,6.0,5.0,248.0,,,,,,,,,
Engenho,AcuRite Iris®,2026/13/06 12:00,20.5,70.0,17.5,23.5,25.2,23.3,1015.92,0.0,8.0,5.0,248.0,,,,,,,,,
Engenho,AcuRite Iris®,2026/13/06 12:05,20.7,70.0,17.7,23.7,25.4,23.5,1015.58,0.0,5.0,5.0,248.0,,,,,,,,,
Engenho,AcuRite Iris®,2026/13/06 12:10,20.8,69.0,17.6,23.8,25.6,23.6,1015.92,0.0,3.0,5.0,248.0,,,,,,,,,
Engenho,AcuRite Iris®,2026/13/06 12:15,20.6,69.0,17.4,23.6,25.9,23.4,1015.58,0.0,5.0,3.0,270.0,,,,,,,,,
Engenho,AcuRite Iris®,2026/13/06 12:20,20.5,69.0,17.3,23.4,25.8,23.3,1015.58,0.0,3.0,3.0,225.0,,,,,,,,,
Engenho,AcuRite Iris®,2026/13/06 12:25,20.4,68.0,17.0,23.4,25.6,23.2,1015.58,0.0,5.0,3.0,248.0,,,,,,,,,
Engenho,AcuRite Iris®,2026/13/06 12:30,20.5,69.0,17.3,23.4,25.8,23.3,1015.58,0.0,5.0,3.0,248.0,,,,,,,,,
Engenho,AcuRite Iris®,2026/13/06 12:35,20.4,68.0,17.0,23.4,24.9,23.2,1015.58,0.0,6.0,5.0,248.0,,,,,,,,,
Engenho,AcuRite Iris®,2026/13/06 12:40,20.6,68.0,17.1,23.6,25.1,23.4,1015.58,0.0,5.0,5.0,248.0,,,,,,,,,
Engenho,AcuRite Iris®,2026/13/06 12:45,22.3,65.0,18.1,25.4,27.2,25.1,1015.24,0.0,3.0,5.0,248.0,,,,,,,,,
Engenho,AcuRite Iris®,2026/13/06 12:50,22.5,67.0,18.7,25.6,28.4,25.3,1015.24,0.0,2.0,3.0,248.0,,,,,,,,,
Engenho,AcuRite Iris®,2026/13/06 12:55,22.0,67.0,18.2,25.1,27.7,24.8,1015.24,0.0,5.0,3.0,248.0,,,,,,,,,
Engenho,AcuRite Iris®,2026/13/06 13:00,21.9,67.0,18.2,25.0,27.6,24.7,1015.24,0.0,3.0,3.0,248.0,,,,,,,,,
Engenho,AcuRite Iris®,2026/13/06 13:05,22.0,67.0,18.2,25.1,27.7,24.8,1015.24,0.0,3.0,3.0,248.0,,,,,,,,,
Engenho,AcuRite Iris®,2026/13/06 13:10,21.7,68.0,18.2,24.8,27.4,24.5,1015.24,0.0,5.0,3.0,248.0,,,,,,,,,
Engenho,AcuRite Iris®,2026/13/06 13:15,21.6,68.0,18.1,24.7,27.2,24.4,1015.24,0.0,3.0,3.0,270.0,,,,,,,,,
Engenho,AcuRite Iris®,2026/13/06 13:20,21.8,67.0,18.1,24.9,27.4,24.6,1015.24,0.0,3.0,3.0,248.0,,,,,,,,,
Engenho,AcuRite Iris®,2026/13/06 13:25,21.7,66.0,17.7,24.7,27.2,24.5,1015.24,0.0,2.0,3.0,270.0,,,,,,,,,
Engenho,AcuRite Iris®,2026/13/06 13:30,21.8,65.0,17.6,24.8,27.2,24.6,1015.24,0.0,3.0,2.0,270.0,,,,,,,,,
Engenho,AcuRite Iris®,2026/13/06 13:35,21.7,66.0,17.7,24.7,27.2,24.5,1014.9,0.0,5.0,3.0,248.0,,,,,,,,,
Engenho,AcuRite Iris®,2026/13/06 13:40,21.6,69.0,18.3,24.7,27.3,24.4,1014.9,0.0,3.0,3.0,270.0,,,,,,,,,
Engenho,AcuRite Iris®,2026/13/06 13:45,21.5,67.0,17.7,24.5,26.9,24.3,1014.9,0.0,2.0,2.0,270.0,,,,,,,,,
Engenho,AcuRite Iris®,2026/13/06 13:50,21.7,65.0,17.5,24.7,27.1,24.5,1014.9,0.0,5.0,3.0,270.0,,,,,,,,,
Engenho,AcuRite Iris®,2026/13/06 13:55,21.6,65.0,17.4,24.6,26.9,24.4,1014.9,0.0,3.0,2.0,270.0,,,,,,,,,
Engenho,AcuRite Iris®,2026/13/06 14:00,21.2,70.0,18.2,24.3,26.2,24.0,1014.9,0.0,3.0,5.0,248.0,,,,,,,,,
Engenho,AcuRite Iris®,2026/13/06 14:05,21.3,71.0,18.5,24.4,27.1,24.1,1014.9,0.0,5.0,3.0,270.0,,,,,,,,,
Engenho,AcuRite Iris®,2026/13/06 14:10,21.3,71.0,18.5,24.4,27.1,24.1,1014.9,0.0,3.0,2.0,270.0,,,,,,,,,
Engenho,AcuRite Iris®,2026/13/06 14:15,20.8,71.0,18.1,23.9,26.4,23.6,1014.9,0.0,5.0,3.0,225.0,,,,,,,,,
Engenho,AcuRite Iris®,2026/13/06 14:20,20.9,70.0,17.9,24.0,26.5,23.7,1014.9,0.0,5.0,3.0,248.0,,,,,,,,,
Engenho,AcuRite Iris®,2026/13/06 14:25,20.8,71.0,18.1,23.9,26.4,23.6,1014.9,0.0,6.0,3.0,248.0,,,,,,,,,
Engenho,AcuRite Iris®,2026/13/06 14:30,21.1,71.0,18.3,24.2,26.8,23.9,1014.9,0.0,3.0,3.0,248.0,,,,,,,,,
Engenho,AcuRite Iris®,2026/13/06 14:35,21.3,71.0,18.5,24.4,27.1,24.1,1014.9,0.0,0.0,2.0,248.0,,,,,,,,,
Engenho,AcuRite Iris®,2026/13/06 14:40,21.1,70.0,18.1,24.2,26.7,23.9,1015.24,0.0,3.0,0.0,225.0,,,,,,,,,
Engenho,AcuRite Iris®,2026/13/06 14:45,21.0,70.0,17.9,24.1,26.6,23.8,1014.9,0.0,0.0,2.0,135.0,,,,,,,,,
Engenho,AcuRite Iris®,2026/13/06 14:50,20.8,70.0,17.8,23.8,26.3,23.6,1014.9,0.0,5.0,3.0,113.0,,,,,,,,,
Engenho,AcuRite Iris®,2026/13/06 14:55,20.9,71.0,18.2,24.0,26.6,23.7,1014.9,0.0,0.0,2.0,113.0,,,,,,,,,
Engenho,AcuRite Iris®,2026/13/06 15:00,20.9,71.0,18.2,24.0,26.6,23.7,1015.24,0.0,0.0,3.0,135.0,,,,,,,,,
Engenho,AcuRite Iris®,2026/13/06 15:05,20.5,71.0,17.7,23.5,25.9,23.3,1014.9,0.0,2.0,2.0,203.0,,,,,,,,,
Engenho,AcuRite Iris®,2026/13/06 15:10,20.6,71.0,17.8,23.6,26.1,23.4,1014.9,0.0,5.0,2.0,135.0,,,,,,,,,
Engenho,AcuRite Iris®,2026/13/06 15:15,20.4,72.0,17.9,23.5,25.9,23.2,1014.9,0.0,0.0,2.0,135.0,,,,,,,,,
Engenho,AcuRite Iris®,2026/13/06 15:20,20.5,72.0,17.9,23.6,26.1,23.3,1014.9,0.0,3.0,2.0,135.0,,,,,,,,,
Engenho,AcuRite Iris®,2026/13/06 15:25,20.5,72.0,17.9,23.6,26.1,23.3,1015.24,0.0,0.0,2.0,315.0,,,,,,,,,
Engenho,AcuRite Iris®,2026/13/06 15:30,20.4,72.0,17.9,23.5,25.9,23.2,1015.24,0.0,5.0,2.0,180.0,,,,,,,,,
Engenho,AcuRite Iris®,2026/13/06 15:35,20.5,72.0,17.9,23.6,26.1,23.3,1015.24,0.0,0.0,3.0,90.0,,,,,,,,,
Engenho,AcuRite Iris®,2026/13/06 15:40,20.2,72.0,17.7,23.2,25.7,23.0,1015.24,0.0,5.0,2.0,113.0,,,,,,,,,
Engenho,AcuRite Iris®,2026/13/06 15:45,20.5,72.0,17.9,23.6,26.1,23.3,1015.24,0.0,3.0,0.0,113.0,,,,,,,,,
Engenho,AcuRite Iris®,2026/13/06 15:50,20.0,72.0,17.4,23.0,25.3,22.8,1015.24,0.0,3.0,3.0,113.0,,,,,,,,,
Engenho,AcuRite Iris®,2026/13/06 15:55,19.4,72.0,16.9,22.4,23.9,22.2,1015.24,0.0,6.0,6.0,135.0,,,,,,,,,
Engenho,AcuRite Iris®,2026/13/06 16:00,19.5,72.0,17.0,22.4,23.9,22.3,1015.24,0.0,6.0,5.0,45.0,,,,,,,,,
Engenho,AcuRite Iris®,2026/13/06 16:05,19.4,73.0,17.2,22.4,23.9,22.2,1015.58,0.0,5.0,5.0,135.0,,,,,,,,,
Engenho,AcuRite Iris®,2026/13/06 16:10,19.3,73.0,17.1,22.3,23.8,22.1,1015.58,0.0,3.0,5.0,113.0,,,,,,,,,
Engenho,AcuRite Iris®,2026/13/06 16:15,19.6,73.0,17.3,22.6,24.9,22.4,1015.58,0.0,6.0,3.0,135.0,,,,,,,,,
Engenho,AcuRite Iris®,2026/13/06 16:20,19.3,73.0,17.1,22.3,24.5,22.1,1015.58,0.0,6.0,3.0,158.0,,,,,,,,,
Engenho,AcuRite Iris®,2026/13/06 16:25,19.5,72.0,17.0,22.4,24.7,22.3,1015.58,0.0,3.0,3.0,135.0,,,,,,,,,
Engenho,AcuRite Iris®,2026/13/06 16:30,19.5,72.0,17.0,22.4,24.7,22.3,1015.58,0.0,5.0,2.0,135.0,,,,,,,,,
Engenho,AcuRite Iris®,2026/13/06 16:35,19.4,72.0,16.9,22.4,24.6,22.2,1015.58,0.0,3.0,3.0,135.0,,,,,,,,,
Engenho,AcuRite Iris®,2026/13/06 16:40,19.4,72.0,16.9,22.4,24.6,22.2,1015.58,0.0,3.0,2.0,135.0,,,,,,,,,
Engenho,AcuRite Iris®,2026/13/06 16:45,19.4,72.0,16.9,22.4,24.6,22.2,1015.24,0.0,0.0,2.0,225.0,,,,,,,,,
Engenho,AcuRite Iris®,2026/13/06 16:50,19.3,72.0,16.8,22.3,24.4,22.1,1015.58,0.0,0.0,2.0,225.0,,,,,,,,,
Engenho,AcuRite Iris®,2026/13/06 16:55,19.5,72.0,17.0,22.4,24.7,22.3,1015.58,0.0,2.0,0.0,158.0,,,,,,,,,
Engenho,AcuRite Iris®,2026/13/06 17:00,19.5,72.0,17.0,22.4,24.7,22.3,1015.58,0.0,3.0,3.0,158.0,,,,,,,,,
Engenho,AcuRite Iris®,2026/13/06 17:05,18.9,72.0,16.4,21.8,23.9,21.7,1015.58,0.0,2.0,3.0,203.0,,,,,,,,,
Engenho,AcuRite Iris®,2026/13/06 17:10,18.9,73.0,16.7,21.8,23.9,21.7,1015.58,0.0,3.0,2.0,203.0,,,,,,,,,
Engenho,AcuRite Iris®,2026/13/06 17:15,18.7,73.0,16.4,21.6,23.7,21.5,1015.58,0.0,2.0,2.0,203.0,,,,,,,,,
Engenho,AcuRite Iris®,2026/13/06 17:20,18.8,73.0,16.6,21.7,23.8,21.6,1015.58,0.0,0.0,0.0,203.0,,,,,,,,,
Engenho,AcuRite Iris®,2026/13/06 17:25,18.2,73.0,15.9,21.1,23.0,21.0,1015.92,0.0,2.0,2.0,113.0,,,,,,,,,
Engenho,AcuRite Iris®,2026/13/06 17:30,18.0,73.0,15.8,20.8,22.7,20.8,1015.92,0.0,0.0,2.0,113.0,,,,,,,,,
Engenho,AcuRite Iris®,2026/13/06 17:35,18.4,73.0,16.2,21.3,23.3,21.2,1015.92,0.0,0.0,2.0,113.0,,,,,,,,,
Engenho,AcuRite Iris®,2026/13/06 17:40,18.7,73.0,16.4,21.6,23.7,21.5,1015.92,0.0,0.0,0.0,113.0,,,,,,,,,
Engenho,AcuRite Iris®,2026/13/06 17:45,18.0,73.0,15.8,20.8,22.7,20.8,1015.92,0.0,3.0,2.0,113.0,,,,,,,,,
Engenho,AcuRite Iris®,2026/13/06 17:50,17.8,73.0,15.6,20.6,22.4,20.6,1015.92,0.0,3.0,2.0,113.0,,,,,,,,,
Engenho,AcuRite Iris®,2026/13/06 17:55,17.7,73.0,15.5,20.5,22.3,20.5,1015.92,0.0,3.0,2.0,113.0,,,,,,,,,
Engenho,AcuRite Iris®,2026/13/06 18:00,18.1,73.0,15.9,20.9,22.8,20.9,1016.26,0.0,0.0,2.0,113.0,,,,,,,,,
Engenho,AcuRite Iris®,2026/13/06 18:05,17.9,73.0,15.7,20.8,22.6,20.7,1016.26,0.0,3.0,2.0,113.0,,,,,,,,,
Engenho,AcuRite Iris®,2026/13/06 18:10,17.8,73.0,15.6,20.6,22.4,20.6,1016.59,0.0,5.0,3.0,113.0,,,,,,,,,
Engenho,AcuRite Iris®,2026/13/06 18:15,17.7,73.0,15.5,20.5,22.3,20.5,1016.59,0.0,0.0,2.0,113.0,,,,,,,,,
Engenho,AcuRite Iris®,2026/13/06 18:20,18.0,73.0,15.8,20.8,22.7,20.8,1016.59,0.0,2.0,2.0,113.0,,,,,,,,,
Engenho,AcuRite Iris®,2026/13/06 18:25,17.8,73.0,15.6,20.6,22.4,20.6,1016.59,0.0,3.0,0.0,113.0,,,,,,,,,
Engenho,AcuRite Iris®,2026/13/06 18:30,17.4,73.0,15.2,20.2,21.9,20.2,1016.59,0.0,3.0,3.0,113.0,,,,,,,,,
Engenho,AcuRite Iris®,2026/13/06 18:35,17.6,73.0,15.4,20.4,22.2,20.4,1016.59,0.0,0.0,0.0,113.0,,,,,,,,,
Engenho,AcuRite Iris®,2026/13/06 18:40,17.8,73.0,15.6,20.6,22.4,20.6,1016.59,0.0,0.0,2.0,248.0,,,,,,,,,
Engenho,AcuRite Iris®,2026/13/06 18:45,17.5,73.0,15.3,20.3,22.0,20.3,1016.59,0.0,0.0,0.0,248.0,,,,,,,,,
Engenho,AcuRite Iris®,2026/13/06 18:50,17.7,73.0,15.5,20.5,22.3,20.5,1016.93,0.0,2.0,0.0,203.0,,,,,,,,,
Engenho,AcuRite Iris®,2026/13/06 18:55,17.8,73.0,15.6,20.6,22.4,20.6,1016.93,0.0,0.0,0.0,203.0,,,,,,,,,
Engenho,AcuRite Iris®,2026/13/06 19:00,17.5,73.0,15.3,20.3,22.0,20.3,1016.93,0.0,0.0,2.0,158.0,,,,,,,,,
Engenho,AcuRite Iris®,2026/13/06 19:05,17.5,73.0,15.3,20.3,22.0,20.3,1016.93,0.0,6.0,0.0,180.0,,,,,,,,,
Engenho,AcuRite Iris®,2026/13/06 19:10,17.8,73.0,15.6,20.6,22.4,20.6,1017.27,0.0,0.0,0.0,180.0,,,,,,,,,
Engenho,AcuRite Iris®,2026/13/06 19:15,17.6,73.0,15.4,20.4,22.2,20.4,1017.27,0.0,3.0,0.0,135.0,,,,,,,,,
Engenho,AcuRite Iris®,2026/13/06 19:20,17.2,73.0,15.0,19.9,21.6,20.0,1017.27,0.0,5.0,3.0,135.0,,,,,,,,,
Engenho,AcuRite Iris®,2026/13/06 19:25,17.1,73.0,14.9,19.8,21.4,19.9,1017.27,0.0,3.0,3.0,135.0,,,,,,,,,
Engenho,AcuRite Iris®,2026/13/06 19:30,17.3,73.0,15.1,20.1,21.8,20.1,1017.27,0.0,5.0,2.0,135.0,,,,,,,,,
Engenho,AcuRite Iris®,2026/13/06 19:35,17.5,73.0,15.3,20.3,22.0,20.3,1017.61,0.0,2.0,2.0,135.0,,,,,,,,,
Engenho,AcuRite Iris®,2026/13/06 19:40,17.4,73.0,15.2,20.2,21.9,20.2,1017.61,0.0,5.0,3.0,135.0,,,,,,,,,
Engenho,AcuRite Iris®,2026/13/06 19:45,17.3,73.0,15.1,20.1,21.8,20.1,1017.61,0.0,2.0,2.0,135.0,,,,,,,,,
Engenho,AcuRite Iris®,2026/13/06 19:50,17.3,73.0,15.1,20.1,21.8,20.1,1017.61,0.0,3.0,2.0,135.0,,,,,,,,,
Engenho,AcuRite Iris®,2026/13/06 19:55,17.2,73.0,15.0,19.9,21.6,20.0,1017.61,0.0,3.0,3.0,135.0,,,,,,,,,
Engenho,AcuRite Iris®,2026/13/06 20:00,17.4,73.0,15.2,20.2,21.9,20.2,1017.61,0.0,0.0,3.0,135.0,,,,,,,,,
Engenho,AcuRite Iris®,2026/13/06 20:05,17.2,73.0,15.0,19.9,21.6,20.0,1017.61,0.0,3.0,3.0,113.0,,,,,,,,,
Engenho,AcuRite Iris®,2026/13/06 20:10,17.4,73.0,15.2,20.2,21.9,20.2,1017.61,0.0,2.0,2.0,113.0,,,,,,,,,
Engenho,AcuRite Iris®,2026/13/06 20:15,17.4,73.0,15.2,20.2,21.9,20.2,1017.95,0.0,3.0,2.0,113.0,,,,,,,,,
Engenho,AcuRite Iris®,2026/13/06 20:20,17.6,73.0,15.4,20.4,22.2,20.4,1017.95,0.0,5.0,2.0,113.0,,,,,,,,,
Engenho,AcuRite Iris®,2026/13/06 20:25,17.4,73.0,15.2,20.2,21.9,20.2,1017.61,0.0,5.0,3.0,113.0,,,,,,,,,
Engenho,AcuRite Iris®,2026/13/06 20:30,17.5,72.0,15.1,20.2,21.9,20.3,1017.61,0.0,5.0,3.0,135.0,,,,,,,,,
Engenho,AcuRite Iris®,2026/13/06 20:35,17.6,72.0,15.2,20.4,22.1,20.4,1017.95,0.0,3.0,2.0,135.0,,,,,,,,,
Engenho,AcuRite Iris®,2026/13/06 20:40,17.4,71.0,14.8,20.2,21.8,20.2,1017.61,0.0,3.0,3.0,158.0,,,,,,,,,
Engenho,AcuRite Iris®,2026/13/06 20:45,17.5,71.0,14.8,20.2,21.8,20.3,1017.95,0.0,3.0,3.0,158.0,,,,,,,,,
Engenho,AcuRite Iris®,2026/13/06 20:50,17.5,71.0,14.8,20.2,21.8,20.3,1017.95,0.0,3.0,3.0,158.0,,,,,,,,,
Engenho,AcuRite Iris®,2026/13/06 20:55,17.5,72.0,15.1,20.2,21.9,20.3,1017.95,0.0,2.0,3.0,158.0,,,,,,,,,
Engenho,AcuRite Iris®,2026/13/06 21:00,17.2,73.0,15.0,19.9,20.9,20.0,1018.29,0.0,6.0,5.0,135.0,,,,,,,,,
Engenho,AcuRite Iris®,2026/13/06 21:05,17.2,73.0,15.0,19.9,21.6,20.0,1018.29,0.0,3.0,3.0,135.0,,,,,,,,,
Engenho,AcuRite Iris®,2026/13/06 21:10,17.5,74.0,15.5,20.3,22.1,20.3,1018.29,0.0,0.0,2.0,135.0,,,,,,,,,
Engenho,AcuRite Iris®,2026/13/06 21:15,17.5,74.0,15.5,20.3,22.1,20.3,1018.29,0.0,0.0,2.0,135.0,,,,,,,,,
Engenho,AcuRite Iris®,2026/13/06 21:20,17.4,74.0,15.4,20.2,22.0,20.2,1018.29,0.0,5.0,2.0,135.0,,,,,,,,,
Engenho,AcuRite Iris®,2026/13/06 21:25,17.2,74.0,15.2,20.0,21.7,20.0,1018.29,0.0,2.0,2.0,135.0,,,,,,,,,
Engenho,AcuRite Iris®,2026/13/06 21:30,17.4,75.0,15.7,20.3,22.1,20.2,1018.29,0.0,2.0,0.0,135.0,,,,,,,,,
Engenho,AcuRite Iris®,2026/13/06 21:35,17.3,75.0,15.6,20.1,21.9,20.1,1018.29,0.0,0.0,0.0,135.0,,,,,,,,,
Engenho,AcuRite Iris®,2026/13/06 21:40,17.3,75.0,15.6,20.1,21.9,20.1,1018.63,0.0,3.0,0.0,135.0,,,,,,,,,
Engenho,AcuRite Iris®,2026/13/06 21:45,17.3,75.0,15.6,20.1,21.9,20.1,1018.63,0.0,2.0,0.0,135.0,,,,,,,,,
Engenho,AcuRite Iris®,2026/13/06 21:50,17.4,75.0,15.7,20.3,22.1,20.2,1018.63,0.0,0.0,0.0,135.0,,,,,,,,,
Engenho,AcuRite Iris®,2026/13/06 21:55,17.0,75.0,15.2,19.8,21.4,19.8,1018.63,0.0,0.0,0.0,135.0,,,,,,,,,
Engenho,AcuRite Iris®,2026/13/06 22:00,17.2,76.0,15.6,20.1,21.8,20.0,1018.63,0.0,0.0,0.0,135.0,,,,,,,,,
Engenho,AcuRite Iris®,2026/13/06 22:05,17.2,75.0,15.4,20.0,21.8,20.0,1018.63,0.0,0.0,0.0,135.0,,,,,,,,,
Engenho,AcuRite Iris®,2026/13/06 22:10,17.4,75.0,15.7,20.3,22.1,20.2,1018.63,0.0,0.0,0.0,135.0,,,,,,,,,
Engenho,AcuRite Iris®,2026/13/06 22:15,17.4,74.0,15.4,20.2,22.0,20.2,1018.96,0.0,0.0,0.0,135.0,,,,,,,,,
Engenho,AcuRite Iris®,2026/13/06 22:20,17.4,74.0,15.4,20.2,22.0,20.2,1018.96,0.0,0.0,0.0,135.0,,,,,,,,,
Engenho,AcuRite Iris®,2026/13/06 22:25,17.0,75.0,15.2,19.8,21.4,19.8,1018.96,0.0,0.0,0.0,135.0,,,,,,,,,
Engenho,AcuRite Iris®,2026/13/06 22:30,16.9,74.0,14.9,19.7,21.3,19.7,1018.96,0.0,0.0,0.0,135.0,,,,,,,,,
Engenho,AcuRite Iris®,2026/13/06 22:35,17.0,74.0,15.0,19.7,21.4,19.8,1018.96,0.0,0.0,0.0,135.0,,,,,,,,,
Engenho,AcuRite Iris®,2026/13/06 22:40,17.2,74.0,15.2,20.0,21.7,20.0,1018.96,0.0,0.0,0.0,135.0,,,,,,,,,
Engenho,AcuRite Iris®,2026/13/06 22:45,17.3,74.0,15.3,20.1,21.8,20.1,1018.96,0.0,0.0,0.0,135.0,,,,,,,,,
Engenho,AcuRite Iris®,2026/13/06 22:50,17.4,73.0,15.2,20.2,21.9,20.2,1018.96,0.0,0.0,0.0,135.0,,,,,,,,,
Engenho,AcuRite Iris®,2026/13/06 22:55,17.6,73.0,15.4,20.4,22.2,20.4,1018.96,0.0,0.0,0.0,135.0,,,,,,,,,
Engenho,AcuRite Iris®,2026/13/06 23:00,17.4,73.0,15.2,20.2,21.9,20.2,1018.96,0.0,0.0,0.0,135.0,,,,,,,,,
Engenho,AcuRite Iris®,2026/13/06 23:05,17.5,72.0,15.1,20.2,21.9,20.3,1018.96,0.0,0.0,0.0,135.0,,,,,,,,,
Engenho,AcuRite Iris®,2026/13/06 23:10,17.5,72.0,15.1,20.2,21.9,20.3,1018.96,0.0,0.0,0.0,135.0,,,,,,,,,
Engenho,AcuRite Iris®,2026/13/06 23:15,17.8,71.0,15.2,20.6,22.3,20.6,1018.96,0.0,0.0,0.0,135.0,,,,,,,,,
Engenho,AcuRite Iris®,2026/13/06 23:20,17.8,71.0,15.2,20.6,22.3,20.6,1018.96,0.0,0.0,0.0,135.0,,,,,,,,,
Engenho,AcuRite Iris®,2026/13/06 23:25,17.3,72.0,14.9,20.1,21.7,20.1,1018.96,0.0,0.0,0.0,135.0,,,,,,,,,
Engenho,AcuRite Iris®,2026/13/06 23:30,17.0,73.0,14.8,19.7,21.3,19.8,1018.96,0.0,0.0,0.0,135.0,,,,,,,,,
Engenho,AcuRite Iris®,2026/13/06 23:35,16.9,76.0,15.4,19.7,21.4,19.7,1018.96,0.0,0.0,0.0,135.0,,,,,,,,,
Engenho,AcuRite Iris®,2026/13/06 23:40,17.3,74.0,15.3,20.1,21.8,20.1,1018.96,0.0,0.0,0.0,135.0,,,,,,,,,
Engenho,AcuRite Iris®,2026/13/06 23:45,17.4,74.0,15.4,20.2,22.0,20.2,1018.96,0.0,0.0,0.0,135.0,,,,,,,,,
Engenho,AcuRite Iris®,2026/13/06 23:50,16.8,76.0,15.3,19.6,21.3,19.6,1019.3,0.0,3.0,0.0,135.0,,,,,,,,,
Engenho,AcuRite Iris®,2026/13/06 23:55,17.3,75.0,15.6,20.1,21.9,20.1,1019.3,0.0,0.0,0.0,135.0,,,,,,,,,
Engenho,AcuRite Iris®,2026/14/06 00:00,17.0,75.0,15.2,19.8,21.4,19.8,1019.3,0.0,0.0,0.0,135.0,,,,,,,,,
Engenho,AcuRite Iris®,2026/14/06 00:05,17.1,75.0,15.3,19.9,21.6,19.9,1019.3,0.0,0.0,0.0,135.0,,,,,,,,,
Engenho,AcuRite Iris®,2026/14/06 00:10,17.0,74.0,15.0,19.7,21.4,19.8,1019.3,0.0,0.0,0.0,135.0,,,,,,,,,
Engenho,AcuRite Iris®,2026/14/06 00:15,17.3,73.0,15.1,20.1,21.8,20.1,1019.3,0.0,0.0,0.0,135.0,,,,,,,,,
Engenho,AcuRite Iris®,2026/14/06 00:20,17.2,74.0,15.2,20.0,21.7,20.0,1019.3,0.0,0.0,0.0,135.0,,,,,,,,,
Engenho,AcuRite Iris®,2026/14/06 00:25,17.3,73.0,15.1,20.1,21.8,20.1,1018.96,0.0,0.0,0.0,135.0,,,,,,,,,
Engenho,AcuRite Iris®,2026/14/06 00:30,17.4,73.0,15.2,20.2,21.9,20.2,1018.96,0.0,0.0,0.0,135.0,,,,,,,,,
Engenho,AcuRite Iris®,2026/14/06 00:35,17.2,73.0,15.0,19.9,21.6,20.0,1018.96,0.0,0.0,0.0,135.0,,,,,,,,,
Engenho,AcuRite Iris®,2026/14/06 00:40,17.2,73.0,15.0,19.9,21.6,20.0,1018.96,0.0,0.0,0.0,135.0,,,,,,,,,
Engenho,AcuRite Iris®,2026/14/06 00:45,17.0,72.0,14.6,19.7,21.2,19.8,1018.96,0.0,0.0,0.0,135.0,,,,,,,,,
Engenho,AcuRite Iris®,2026/14/06 00:50,17.4,71.0,14.8,20.2,21.8,20.2,1019.3,0.0,0.0,0.0,135.0,,,,,,,,,
Engenho,AcuRite Iris®,2026/14/06 00:55,17.7,71.0,15.1,20.4,22.1,20.5,1018.96,0.0,0.0,0.0,135.0,,,,,,,,,
Engenho,AcuRite Iris®,2026/14/06 01:00,17.5,71.0,14.8,20.2,21.8,20.3,1018.96,0.0,0.0,0.0,135.0,,,,,,,,,
Engenho,AcuRite Iris®,2026/14/06 01:05,17.2,72.0,14.8,19.9,21.6,20.0,1018.96,0.0,0.0,0.0,135.0,,,,,,,,,
Engenho,AcuRite Iris®,2026/14/06 01:10,17.3,72.0,14.9,20.1,21.7,20.1,1018.96,0.0,0.0,0.0,135.0,,,,,,,,,
Engenho,AcuRite Iris®,2026/14/06 01:15,17.1,72.0,14.7,19.8,21.4,19.9,1018.96,0.0,0.0,0.0,135.0,,,,,,,,,
Engenho,AcuRite Iris®,2026/14/06 01:20,17.1,71.0,14.4,19.8,21.3,19.9,1018.96,0.0,0.0,0.0,135.0,,,,,,,,,
Engenho,AcuRite Iris®,2026/14/06 01:25,17.1,72.0,14.7,19.8,21.4,19.9,1018.63,0.0,0.0,0.0,135.0,,,,,,,,,
Engenho,AcuRite Iris®,2026/14/06 01:30,16.9,72.0,14.5,19.6,21.2,19.7,1018.63,0.0,6.0,0.0,135.0,,,,,,,,,
Engenho,AcuRite Iris®,2026/14/06 01:35,17.3,71.0,14.7,20.1,21.6,20.1,1018.63,0.0,2.0,2.0,135.0,,,,,,,,,
Engenho,AcuRite Iris®,2026/14/06 01:40,17.3,73.0,15.1,20.1,21.8,20.1,1018.63,0.0,2.0,0.0,135.0,,,,,,,,,
Engenho,AcuRite Iris®,2026/14/06 01:45,17.0,76.0,15.4,19.8,21.6,19.8,1018.63,0.0,3.0,3.0,135.0,,,,,,,,,
Engenho,AcuRite Iris®,2026/14/06 01:50,16.7,77.0,15.3,19.5,21.2,19.5,1018.63,0.0,0.0,3.0,135.0,,,,,,,,,
Engenho,AcuRite Iris®,2026/14/06 01:55,16.7,77.0,15.3,19.5,21.2,19.5,1018.63,0.0,3.0,2.0,135.0,,,,,,,,,
Engenho,AcuRite Iris®,2026/14/06 02:00,16.8,77.0,15.4,19.6,21.4,19.6,1018.63,0.0,0.0,2.0,135.0,,,,,,,,,
Engenho,AcuRite Iris®,2026/14/06 02:05,16.6,78.0,15.4,19.4,21.2,19.4,1018.63,0.0,2.0,2.0,135.0,,,,,,,,,
Engenho,AcuRite Iris®,2026/14/06 02:10,16.7,78.0,15.6,19.6,21.3,19.5,1018.63,0.0,0.0,0.0,135.0,,,,,,,,,
Engenho,AcuRite Iris®,2026/14/06 02:15,17.0,77.0,15.6,19.8,21.6,19.8,1018.63,0.0,0.0,0.0,135.0,,,,,,,,,
Engenho,AcuRite Iris®,2026/14/06 02:20,17.0,77.0,15.6,19.8,21.6,19.8,1018.29,0.0,2.0,0.0,135.0,,,,,,,,,
Engenho,AcuRite Iris®,2026/14/06 02:25,16.8,77.0,15.4,19.6,21.4,19.6,1018.29,0.0,2.0,0.0,135.0,,,,,,,,,
Engenho,AcuRite Iris®,2026/14/06 02:30,17.0,77.0,15.6,19.8,21.6,19.8,1018.29,0.0,0.0,0.0,135.0,,,,,,,,,
Engenho,AcuRite Iris®,2026/14/06 02:35,16.8,77.0,15.4,19.6,21.4,19.6,1017.95,0.0,0.0,0.0,135.0,,,,,,,,,
Engenho,AcuRite Iris®,2026/14/06 02:40,16.6,78.0,15.4,19.4,21.2,19.4,1017.95,0.0,2.0,0.0,135.0,,,,,,,,,
Engenho,AcuRite Iris®,2026/14/06 02:45,16.6,78.0,15.4,19.4,21.2,19.4,1018.29,0.0,0.0,0.0,135.0,,,,,,,,,
Engenho,AcuRite Iris®,2026/14/06 02:50,16.8,77.0,15.4,19.6,21.4,19.6,1017.95,0.0,0.0,0.0,135.0,,,,,,,,,
Engenho,AcuRite Iris®,2026/14/06 02:55,16.8,77.0,15.4,19.6,21.4,19.6,1017.95,0.0,0.0,0.0,135.0,,,,,,,,,
Engenho,AcuRite Iris®,2026/14/06 03:00,16.5,78.0,15.3,19.3,21.0,19.3,1017.95,0.0,0.0,0.0,135.0,,,,,,,,,
Engenho,AcuRite Iris®,2026/14/06 03:05,16.5,78.0,15.3,19.3,21.0,19.3,1017.95,0.0,0.0,0.0,135.0,,,,,,,,,
Engenho,AcuRite Iris®,2026/14/06 03:10,16.8,78.0,15.7,19.7,21.4,19.6,1017.61,0.0,0.0,0.0,135.0,,,,,,,,,
Engenho,AcuRite Iris®,2026/14/06 03:15,16.6,78.0,15.4,19.4,21.2,19.4,1017.61,0.0,0.0,0.0,135.0,,,,,,,,,
Engenho,AcuRite Iris®,2026/14/06 03:20,16.8,78.0,15.7,19.7,21.4,19.6,1017.95,0.0,0.0,0.0,135.0,,,,,,,,,
Engenho,AcuRite Iris®,2026/14/06 03:25,17.3,77.0,15.9,20.2,22.1,20.1,1017.95,0.0,0.0,0.0,135.0,,,,,,,,,
Engenho,AcuRite Iris®,2026/14/06 03:30,17.4,76.0,15.8,20.3,22.2,20.2,1017.95,0.0,0.0,0.0,135.0,,,,,,,,,
Engenho,AcuRite Iris®,2026/14/06 03:35,17.1,76.0,15.6,19.9,21.7,19.9,1017.61,0.0,0.0,0.0,135.0,,,,,,,,,
Engenho,AcuRite Iris®,2026/14/06 03:40,17.0,77.0,15.6,19.8,21.6,19.8,1017.61,0.0,0.0,0.0,135.0,,,,,,,,,
Engenho,AcuRite Iris®,2026/14/06 03:45,17.1,77.0,15.7,19.9,21.8,19.9,1017.61,0.0,0.0,0.0,135.0,,,,,,,,,
Engenho,AcuRite Iris®,2026/14/06 03:50,17.2,76.0,15.6,20.1,21.8,20.0,1017.27,0.0,0.0,0.0,135.0,,,,,,,,,
Engenho,AcuRite Iris®,2026/14/06 03:55,17.3,76.0,15.7,20.2,22.0,20.1,1017.27,0.0,0.0,0.0,135.0,,,,,,,,,
Engenho,AcuRite Iris®,2026/14/06 04:00,17.1,76.0,15.6,19.9,21.7,19.9,1017.61,0.0,0.0,0.0,135.0,,,,,,,,,
Engenho,AcuRite Iris®,2026/14/06 04:05,17.1,76.0,15.6,19.9,21.7,19.9,1017.61,0.0,0.0,0.0,135.0,,,,,,,,,
Engenho,AcuRite Iris®,2026/14/06 04:10,16.6,78.0,15.4,19.4,21.2,19.4,1017.27,0.0,0.0,0.0,135.0,,,,,,,,,
Engenho,AcuRite Iris®,2026/14/06 04:15,16.5,79.0,15.6,19.3,21.1,19.3,1017.61,0.0,0.0,0.0,135.0,,,,,,,,,
Engenho,AcuRite Iris®,2026/14/06 04:20,16.6,79.0,15.7,19.4,21.2,19.4,1017.61,0.0,0.0,0.0,135.0,,,,,,,,,
Engenho,AcuRite Iris®,2026/14/06 04:25,16.7,79.0,15.8,19.6,21.4,19.5,1017.61,0.0,0.0,0.0,135.0,,,,,,,,,
Engenho,AcuRite Iris®,2026/14/06 04:30,16.7,78.0,15.6,19.6,21.3,19.5,1017.27,0.0,0.0,0.0,135.0,,,,,,,,,
Engenho,AcuRite Iris®,2026/14/06 04:35,16.6,78.0,15.4,19.4,21.2,19.4,1017.27,0.0,0.0,0.0,135.0,,,,,,,,,
Engenho,AcuRite Iris®,2026/14/06 04:40,16.4,79.0,15.5,19.3,21.0,19.2,1017.27,0.0,0.0,0.0,135.0,,,,,,,,,
Engenho,AcuRite Iris®,2026/14/06 04:45,16.9,78.0,15.8,19.8,21.6,19.7,1017.27,0.0,0.0,0.0,135.0,,,,,,,,,
Engenho,AcuRite Iris®,2026/14/06 04:50,16.9,77.0,15.6,19.8,21.6,19.7,1017.27,0.0,0.0,0.0,135.0,,,,,,,,,
Engenho,AcuRite Iris®,2026/14/06 04:55,16.7,77.0,15.3,19.5,21.2,19.5,1017.27,0.0,0.0,0.0,135.0,,,,,,,,,
Engenho,AcuRite Iris®,2026/14/06 05:00,17.0,77.0,15.6,19.8,21.6,19.8,1017.27,0.0,0.0,0.0,135.0,,,,,,,,,
Engenho,AcuRite Iris®,2026/14/06 05:05,17.6,75.0,15.8,20.4,22.3,20.4,1017.27,0.0,0.0,0.0,135.0,,,,,,,,,
Engenho,AcuRite Iris®,2026/14/06 05:10,17.2,76.0,15.6,20.1,21.8,20.0,1017.27,0.0,0.0,0.0,135.0,,,,,,,,,
Engenho,AcuRite Iris®,2026/14/06 05:15,17.3,76.0,15.7,20.2,22.0,20.1,1017.27,0.0,0.0,0.0,135.0,,,,,,,,,
Engenho,AcuRite Iris®,2026/14/06 05:20,17.3,76.0,15.7,20.2,22.0,20.1,1017.27,0.0,0.0,0.0,135.0,,,,,,,,,
Engenho,AcuRite Iris®,2026/14/06 05:25,17.0,77.0,15.6,19.8,21.6,19.8,1017.27,0.0,0.0,0.0,135.0,,,,,,,,,
Engenho,AcuRite Iris®,2026/14/06 05:30,16.9,77.0,15.6,19.8,21.6,19.7,1017.27,0.0,0.0,0.0,135.0,,,,,,,,,
Engenho,AcuRite Iris®,2026/14/06 05:35,16.8,77.0,15.4,19.6,21.4,19.6,1017.27,0.0,0.0,0.0,135.0,,,,,,,,,
Engenho,AcuRite Iris®,2026/14/06 05:40,16.9,76.0,15.4,19.7,21.4,19.7,1017.27,0.0,0.0,0.0,135.0,,,,,,,,,
Engenho,AcuRite Iris®,2026/14/06 05:45,16.9,76.0,15.4,19.7,21.4,19.7,1017.61,0.0,0.0,0.0,135.0,,,,,,,,,
Engenho,AcuRite Iris®,2026/14/06 05:50,17.1,75.0,15.3,19.9,21.6,19.9,1017.61,0.0,0.0,0.0,135.0,,,,,,,,,
Engenho,AcuRite Iris®,2026/14/06 05:55,17.0,75.0,15.2,19.8,21.4,19.8,1017.61,0.0,0.0,0.0,135.0,,,,,,,,,
Engenho,AcuRite Iris®,2026/14/06 06:00,16.9,75.0,15.2,19.7,21.4,19.7,1017.61,0.0,0.0,0.0,135.0,,,,,,,,,
Engenho,AcuRite Iris®,2026/14/06 06:05,17.2,75.0,15.4,20.0,21.8,20.0,1017.61,0.0,0.0,0.0,135.0,,,,,,,,,
Engenho,AcuRite Iris®,2026/14/06 06:10,16.9,76.0,15.4,19.7,21.4,19.7,1017.61,0.0,0.0,0.0,135.0,,,,,,,,,
Engenho,AcuRite Iris®,2026/14/06 06:15,16.4,79.0,15.5,19.3,21.0,19.2,1017.61,0.0,0.0,0.0,135.0,,,,,,,,,
Engenho,AcuRite Iris®,2026/14/06 06:20,16.6,79.0,15.7,19.4,21.2,19.4,1017.61,0.0,2.0,0.0,135.0,,,,,,,,,
Engenho,AcuRite Iris®,2026/14/06 06:25,16.6,78.0,15.4,19.4,21.2,19.4,1017.61,0.0,0.0,0.0,135.0,,,,,,,,,
Engenho,AcuRite Iris®,2026/14/06 06:30,16.8,78.0,15.7,19.7,21.4,19.6,1017.95,0.0,0.0,0.0,135.0,,,,,,,,,
Engenho,AcuRite Iris®,2026/14/06 06:35,16.8,78.0,15.7,19.7,21.4,19.6,1017.95,0.0,0.0,0.0,135.0,,,,,,,,,
Engenho,AcuRite Iris®,2026/14/06 06:40,17.0,77.0,15.6,19.8,21.6,19.8,1017.95,0.0,0.0,0.0,135.0,,,,,,,,,
Engenho,AcuRite Iris®,2026/14/06 06:45,16.4,78.0,15.3,19.2,20.9,19.2,1017.95,0.0,2.0,0.0,135.0,,,,,,,,,
Engenho,AcuRite Iris®,2026/14/06 06:50,16.1,80.0,15.3,18.9,20.6,18.9,1017.95,0.0,0.0,0.0,135.0,,,,,,,,,
Engenho,AcuRite Iris®,2026/14/06 06:55,16.3,79.0,15.4,19.2,20.9,19.1,1017.95,0.0,2.0,0.0,135.0,,,,,,,,,
Engenho,AcuRite Iris®,2026/14/06 07:00,16.1,80.0,15.3,18.9,20.6,18.9,1018.29,0.0,0.0,0.0,135.0,,,,,,,,,
Engenho,AcuRite Iris®,2026/14/06 07:05,16.3,79.0,15.4,19.2,20.9,19.1,1018.29,0.0,2.0,0.0,135.0,,,,,,,,,
Engenho,AcuRite Iris®,2026/14/06 07:10,16.3,79.0,15.4,19.2,20.9,19.1,1018.29,0.0,3.0,0.0,135.0,,,,,,,,,
Engenho,AcuRite Iris®,2026/14/06 07:15,16.4,79.0,15.5,19.3,21.0,19.2,1018.29,0.0,0.0,0.0,135.0,,,,,,,,,
Engenho,AcuRite Iris®,2026/14/06 07:20,17.0,77.0,15.6,19.8,21.6,19.8,1018.29,0.0,0.0,0.0,135.0,,,,,,,,,
Engenho,AcuRite Iris®,2026/14/06 07:25,17.1,76.0,15.6,19.9,21.7,19.9,1018.29,0.0,0.0,0.0,135.0,,,,,,,,,
Engenho,AcuRite Iris®,2026/14/06 07:30,17.0,75.0,15.2,19.8,21.4,19.8,1018.29,0.0,0.0,0.0,135.0,,,,,,,,,
Engenho,AcuRite Iris®,2026/14/06 07:35,17.5,74.0,15.5,20.3,22.1,20.3,1018.29,0.0,0.0,0.0,135.0,,,,,,,,,
Engenho,AcuRite Iris®,2026/14/06 07:40,17.2,74.0,15.2,20.0,21.7,20.0,1018.29,0.0,0.0,0.0,135.0,,,,,,,,,
Engenho,AcuRite Iris®,2026/14/06 07:45,17.4,72.0,15.0,20.2,21.8,20.2,1018.29,0.0,0.0,0.0,135.0,,,,,,,,,
Engenho,AcuRite Iris®,2026/14/06 07:50,17.7,72.0,15.3,20.5,22.2,20.5,1018.29,0.0,0.0,0.0,135.0,,,,,,,,,
Engenho,AcuRite Iris®,2026/14/06 07:55,17.7,71.0,15.1,20.4,22.1,20.5,1018.63,0.0,0.0,0.0,135.0,,,,,,,,,
Engenho,AcuRite Iris®,2026/14/06 08:00,17.7,71.0,15.1,20.4,22.1,20.5,1018.63,0.0,0.0,0.0,135.0,,,,,,,,,
Engenho,AcuRite Iris®,2026/14/06 08:05,17.3,71.0,14.7,20.1,21.6,20.1,1018.63,0.0,0.0,0.0,135.0,,,,,,,,,
Engenho,AcuRite Iris®,2026/14/06 08:10,17.3,72.0,14.9,20.1,21.7,20.1,1018.96,0.0,0.0,0.0,135.0,,,,,,,,,
Engenho,AcuRite Iris®,2026/14/06 08:15,17.2,72.0,14.8,19.9,21.6,20.0,1018.63,0.0,0.0,0.0,135.0,,,,,,,,,
Engenho,AcuRite Iris®,2026/14/06 08:20,17.4,72.0,15.0,20.2,21.8,20.2,1018.63,0.0,0.0,0.0,135.0,,,,,,,,,
Engenho,AcuRite Iris®,2026/14/06 08:25,17.4,72.0,15.0,20.2,21.8,20.2,1018.63,0.0,0.0,0.0,135.0,,,,,,,,,
Engenho,AcuRite Iris®,2026/14/06 08:30,17.3,72.0,14.9,20.1,21.7,20.1,1018.63,0.0,0.0,0.0,135.0,,,,,,,,,
Engenho,AcuRite Iris®,2026/14/06 08:35,17.5,72.0,15.1,20.2,21.9,20.3,1018.96,0.0,2.0,0.0,135.0,,,,,,,,,
Engenho,AcuRite Iris®,2026/14/06 08:40,17.6,71.0,14.9,20.3,22.0,20.4,1018.96,0.0,0.0,0.0,135.0,,,,,,,,,
Engenho,AcuRite Iris®,2026/14/06 08:45,18.3,69.0,15.2,21.1,22.8,21.1,1018.96,0.0,0.0,0.0,135.0,,,,,,,,,
Engenho,AcuRite Iris®,2026/14/06 08:50,18.6,69.0,15.4,21.4,23.2,21.4,1018.96,0.0,2.0,0.0,135.0,,,,,,,,,
Engenho,AcuRite Iris®,2026/14/06 08:55,18.9,69.0,15.8,21.8,23.6,21.7,1018.96,0.0,0.0,0.0,135.0,,,,,,,,,
Engenho,AcuRite Iris®,2026/14/06 09:00,19.1,69.0,15.9,21.9,23.8,21.9,1019.3,0.0,0.0,0.0,135.0,,,,,,,,,
Engenho,AcuRite Iris®,2026/14/06 09:05,19.4,68.0,16.0,22.3,24.2,22.2,1018.96,0.0,0.0,0.0,135.0,,,,,,,,,
Engenho,AcuRite Iris®,2026/14/06 09:10,20.1,67.0,16.4,23.0,25.1,22.9,1019.3,0.0,3.0,0.0,135.0,,,,,,,,,
Engenho,AcuRite Iris®,2026/14/06 09:15,20.8,66.0,16.9,23.8,25.9,23.6,1019.3,0.0,5.0,2.0,315.0,,,,,,,,,
Engenho,AcuRite Iris®,2026/14/06 09:20,21.4,66.0,17.4,24.4,26.8,24.2,1019.3,0.0,0.0,0.0,0.0,,,,,,,,,
Engenho,AcuRite Iris®,2026/14/06 09:25,21.5,65.0,17.3,24.4,26.8,24.3,1019.3,0.0,0.0,0.0,0.0,,,,,,,,,
Engenho,AcuRite Iris®,2026/14/06 09:30,21.6,65.0,17.4,24.6,26.9,24.4,1019.3,0.0,0.0,0.0,0.0,,,,,,,,,
Engenho,AcuRite Iris®,2026/14/06 09:35,21.6,65.0,17.4,24.6,26.9,24.4,1019.3,0.0,0.0,0.0,0.0,,,,,,,,,
Engenho,AcuRite Iris®,2026/14/06 09:40,21.0,66.0,17.1,23.9,26.2,23.8,1019.3,0.0,2.0,0.0,315.0,,,,,,,,,
Engenho,AcuRite Iris®,2026/14/06 09:45,20.6,67.0,16.9,23.6,25.7,23.4,1019.3,0.0,3.0,3.0,270.0,,,,,,,,,
Engenho,AcuRite Iris®,2026/14/06 09:50,19.5,69.0,16.3,22.4,24.4,22.3,1019.3,0.0,2.0,0.0,270.0,,,,,,,,,
Engenho,AcuRite Iris®,2026/14/06 09:55,20.9,67.0,17.2,23.9,26.2,23.7,1019.3,0.0,0.0,0.0,293.0,,,,,,,,,
Engenho,AcuRite Iris®,2026/14/06 10:00,20.1,68.0,16.7,23.0,25.1,22.9,1019.3,0.0,3.0,2.0,293.0,,,,,,,,,
Engenho,AcuRite Iris®,2026/14/06 10:05,18.8,70.0,15.9,21.7,22.8,21.6,1019.3,0.0,6.0,5.0,270.0,,,,,,,,,
Engenho,AcuRite Iris®,2026/14/06 10:10,19.4,70.0,16.5,22.3,24.4,22.2,1018.96,0.0,6.0,2.0,270.0,,,,,,,,,
Engenho,AcuRite Iris®,2026/14/06 10:15,19.1,70.0,16.2,21.9,23.9,21.9,1018.96,0.0,10.0,3.0,270.0,,,,,,,,,
Engenho,AcuRite Iris®,2026/14/06 10:20,19.2,70.0,16.3,22.1,24.1,22.0,1019.3,0.0,5.0,3.0,293.0,,,,,,,,,
Engenho,AcuRite Iris®,2026/14/06 10:25,19.5,70.0,16.6,22.4,24.5,22.3,1018.96,0.0,3.0,0.0,338.0,,,,,,,,,
Engenho,AcuRite Iris®,2026/14/06 10:30,19.7,70.0,16.7,22.6,24.8,22.5,1018.96,0.0,5.0,2.0,23.0,,,,,,,,,
Engenho,AcuRite Iris®,2026/14/06 10:35,18.9,71.0,16.2,21.8,23.1,21.7,1018.96,0.0,3.0,5.0,248.0,,,,,,,,,
Engenho,AcuRite Iris®,2026/14/06 10:40,19.1,71.0,16.4,22.0,23.3,21.9,1018.96,0.0,5.0,5.0,248.0,,,,,,,,,
Engenho,AcuRite Iris®,2026/14/06 10:45,19.0,71.0,16.3,21.9,23.9,21.8,1018.96,0.0,2.0,3.0,248.0,,,,,,,,,
Engenho,AcuRite Iris®,2026/14/06 10:50,19.3,71.0,16.6,22.2,24.3,22.1,1018.96,0.0,0.0,3.0,293.0,,,,,,,,,
Engenho,AcuRite Iris®,2026/14/06 10:55,19.4,71.0,16.7,22.3,23.8,22.2,1018.63,0.0,3.0,5.0,248.0,,,,,,,,,
Engenho,AcuRite Iris®,2026/14/06 11:00,19.2,71.0,16.5,22.1,24.2,22.0,1018.63,0.0,5.0,3.0,225.0,,,,,,,,,
Engenho,AcuRite Iris®,2026/14/06 11:05,19.2,72.0,16.7,22.1,23.6,22.0,1018.63,0.0,0.0,5.0,315.0,,,,,,,,,
Engenho,AcuRite Iris®,2026/14/06 11:10,19.5,71.0,16.8,22.4,24.6,22.3,1018.63,0.0,8.0,3.0,270.0,,,,,,,,,
Engenho,AcuRite Iris®,2026/14/06 11:15,19.7,71.0,16.9,22.7,24.9,22.5,1018.29,0.0,3.0,3.0,270.0,,,,,,,,,
Engenho,AcuRite Iris®,2026/14/06 11:20,19.4,72.0,16.9,22.4,24.6,22.2,1018.29,0.0,0.0,3.0,270.0,,,,,,,,,
Engenho,AcuRite Iris®,2026/14/06 11:25,19.3,71.0,16.6,22.2,24.3,22.1,1018.63,0.0,3.0,3.0,270.0,,,,,,,,,
Engenho,AcuRite Iris®,2026/14/06 11:30,19.9,71.0,17.2,22.9,25.2,22.7,1018.29,0.0,0.0,0.0,270.0,,,,,,,,,
Engenho,AcuRite Iris®,2026/14/06 11:35,19.3,71.0,16.6,22.2,23.6,22.1,1018.29,0.0,6.0,5.0,270.0,,,,,,,,,
Engenho,AcuRite Iris®,2026/14/06 11:40,19.5,71.0,16.8,22.4,23.8,22.3,1018.29,0.0,5.0,5.0,270.0,,,,,,,,,
Engenho,AcuRite Iris®,2026/14/06 11:45,20.0,71.0,17.2,22.9,25.3,22.8,1018.29,0.0,5.0,3.0,270.0,,,,,,,,,
Engenho,AcuRite Iris®,2026/14/06 11:50,22.0,68.0,18.4,25.1,27.8,24.8,1018.29,0.0,2.0,3.0,270.0,,,,,,,,,
Engenho,AcuRite Iris®,2026/14/06 11:55,21.6,67.0,17.8,24.6,26.4,24.4,1017.95,0.0,5.0,5.0,248.0,,,,,,,,,
Engenho,AcuRite Iris®,2026/14/06 12:00,21.8,68.0,18.3,24.9,27.6,24.6,1018.29,0.0,5.0,3.0,248.0,,,,,,,,,
Engenho,AcuRite Iris®,2026/14/06 12:05,21.3,68.0,17.8,24.3,26.8,24.1,1018.29,0.0,5.0,3.0,248.0,,,,,,,,,
Engenho,AcuRite Iris®,2026/14/06 12:10,21.4,69.0,18.2,24.5,27.1,24.2,1018.29,0.0,3.0,2.0,270.0,,,,,,,,,
Engenho,AcuRite Iris®,2026/14/06 12:15,21.2,70.0,18.2,24.3,26.9,24.0,1017.95,0.0,5.0,3.0,270.0,,,,,,,,,
Engenho,AcuRite Iris®,2026/14/06 12:20,21.1,70.0,18.1,24.2,26.7,23.9,1017.95,0.0,3.0,2.0,270.0,,,,,,,,,
Engenho,AcuRite Iris®,2026/14/06 12:25,21.0,70.0,17.9,24.1,26.6,23.8,1017.95,0.0,5.0,3.0,270.0,,,,,,,,,
Engenho,AcuRite Iris®,2026/14/06 12:30,20.0,71.0,17.2,22.9,25.3,22.8,1017.95,0.0,6.0,3.0,248.0,,,,,,,,,
Engenho,AcuRite Iris®,2026/14/06 12:35,20.8,70.0,17.8,23.8,26.3,23.6,1017.95,0.0,5.0,3.0,270.0,,,,,,,,,
Engenho,AcuRite Iris®,2026/14/06 12:40,21.0,69.0,17.7,24.0,26.4,23.8,1017.61,0.0,2.0,3.0,248.0,,,,,,,,,
Engenho,AcuRite Iris®,2026/14/06 12:45,20.7,69.0,17.5,23.7,26.1,23.5,1017.95,0.0,5.0,2.0,158.0,,,,,,,,,
Engenho,AcuRite Iris®,2026/14/06 12:50,20.4,69.0,17.2,23.4,25.7,23.2,1017.61,0.0,3.0,3.0,158.0,,,,,,,,,
Engenho,AcuRite Iris®,2026/14/06 12:55,20.6,69.0,17.4,23.6,25.9,23.4,1017.61,0.0,5.0,2.0,203.0,,,,,,,,,
Engenho,AcuRite Iris®,2026/14/06 13:00,20.6,68.0,17.1,23.6,25.8,23.4,1017.61,0.0,3.0,2.0,135.0,,,,,,,,,
Engenho,AcuRite Iris®,2026/14/06 13:05,20.5,68.0,17.1,23.4,25.7,23.3,1017.61,0.0,2.0,3.0,203.0,,,,,,,,,
Engenho,AcuRite Iris®,2026/14/06 13:10,20.9,68.0,17.4,23.9,26.3,23.7,1017.61,0.0,2.0,2.0,203.0,,,,,,,,,
Engenho,AcuRite Iris®,2026/14/06 13:15,21.4,68.0,17.9,24.5,27.0,24.2,1017.61,0.0,2.0,2.0,203.0,,,,,,,,,
Engenho,AcuRite Iris®,2026/14/06 13:20,21.1,68.0,17.6,24.1,26.5,23.9,1017.61,0.0,3.0,2.0,203.0,,,,,,,,,
Engenho,AcuRite Iris®,2026/14/06 13:25,21.2,68.0,17.7,24.2,26.7,24.0,1017.61,0.0,0.0,2.0,203.0,,,,,,,,,
Engenho,AcuRite Iris®,2026/14/06 13:30,20.5,69.0,17.3,23.4,25.8,23.3,1017.27,0.0,2.0,2.0,135.0,,,,,,,,,
Engenho,AcuRite Iris®,2026/14/06 13:35,20.5,69.0,17.3,23.4,25.8,23.3,1017.27,0.0,3.0,3.0,203.0,,,,,,,,,
Engenho,AcuRite Iris®,2026/14/06 13:40,20.6,69.0,17.4,23.6,25.9,23.4,1017.27,0.0,3.0,3.0,135.0,,,,,,,,,
Engenho,AcuRite Iris®,2026/14/06 13:45,19.8,70.0,16.8,22.8,24.9,22.6,1017.61,0.0,3.0,2.0,135.0,,,,,,,,,
Engenho,AcuRite Iris®,2026/14/06 13:50,19.8,70.0,16.8,22.8,24.9,22.6,1017.61,0.0,6.0,3.0,135.0,,,,,,,,,
Engenho,AcuRite Iris®,2026/14/06 13:55,20.4,70.0,17.4,23.4,25.8,23.2,1017.61,0.0,5.0,2.0,113.0,,,,,,,,,
Engenho,AcuRite Iris®,2026/14/06 14:00,20.1,70.0,17.1,23.1,25.3,22.9,1017.61,0.0,2.0,2.0,135.0,,,,,,,,,
Engenho,AcuRite Iris®,2026/14/06 14:05,19.9,70.0,16.9,22.9,25.1,22.7,1017.61,0.0,8.0,3.0,225.0,,,,,,,,,
Engenho,AcuRite Iris®,2026/14/06 14:10,20.1,70.0,17.1,23.1,25.3,22.9,1017.61,0.0,3.0,3.0,225.0,,,,,,,,,
Engenho,AcuRite Iris®,2026/14/06 14:15,19.6,70.0,16.7,22.5,24.6,22.4,1017.27,0.0,3.0,3.0,225.0,,,,,,,,,
Engenho,AcuRite Iris®,2026/14/06 14:20,20.1,70.0,17.1,23.1,25.3,22.9,1017.61,0.0,3.0,2.0,225.0,,,,,,,,,
Engenho,AcuRite Iris®,2026/14/06 14:25,19.9,69.0,16.7,22.8,25.0,22.7,1017.27,0.0,5.0,2.0,203.0,,,,,,,,,
Engenho,AcuRite Iris®,2026/14/06 14:30,20.0,70.0,17.0,22.9,25.2,22.8,1017.27,0.0,3.0,2.0,203.0,,,,,,,,,
Engenho,AcuRite Iris®,2026/14/06 14:35,19.8,70.0,16.8,22.8,24.9,22.6,1017.27,0.0,2.0,3.0,203.0,,,,,,,,,
Engenho,AcuRite Iris®,2026/14/06 14:40,20.2,70.0,17.2,23.2,25.4,23.0,1017.27,0.0,3.0,2.0,158.0,,,,,,,,,
Engenho,AcuRite Iris®,2026/14/06 14:45,19.8,70.0,16.8,22.8,24.9,22.6,1017.27,0.0,3.0,0.0,158.0,,,,,,,,,
Engenho,AcuRite Iris®,2026/14/06 14:50,19.6,71.0,16.9,22.6,24.7,22.4,1017.27,0.0,6.0,2.0,158.0,,,,,,,,,
Engenho,AcuRite Iris®,2026/14/06 14:55,19.4,71.0,16.7,22.3,24.5,22.2,1017.27,0.0,3.0,3.0,158.0,,,,,,,,,
Engenho,AcuRite Iris®,2026/14/06 15:00,19.3,71.0,16.6,22.2,24.3,22.1,1017.61,0.0,3.0,3.0,135.0,,,,,,,,,
Engenho,AcuRite Iris®,2026/14/06 15:05,19.2,72.0,16.7,22.1,24.3,22.0,1017.61,0.0,2.0,2.0,135.0,,,,,,,,,
Engenho,AcuRite Iris®,2026/14/06 15:10,19.0,72.0,16.5,21.9,23.9,21.8,1017.61,0.0,8.0,3.0,135.0,,,,,,,,,
Engenho,AcuRite Iris®,2026/14/06 15:15,19.0,72.0,16.5,21.9,23.9,21.8,1017.61,0.0,2.0,3.0,135.0,,,,,,,,,
Engenho,AcuRite Iris®,2026/14/06 15:20,18.8,72.0,16.3,21.7,23.1,21.6,1017.61,0.0,3.0,5.0,113.0,,,,,,,,,
Engenho,AcuRite Iris®,2026/14/06 15:25,18.9,72.0,16.4,21.8,23.9,21.7,1017.61,0.0,0.0,2.0,113.0,,,,,,,,,
Engenho,AcuRite Iris®,2026/14/06 15:30,18.9,71.0,16.2,21.8,23.8,21.7,1017.61,0.0,2.0,2.0,113.0,,,,,,,,,
Engenho,AcuRite Iris®,2026/14/06 15:35,18.5,72.0,16.0,21.3,23.3,21.3,1017.61,0.0,8.0,3.0,113.0,,,,,,,,,
Engenho,AcuRite Iris®,2026/14/06 15:40,18.3,72.0,15.8,21.2,23.1,21.1,1017.61,0.0,2.0,3.0,68.0,,,,,,,,,
Engenho,AcuRite Iris®,2026/14/06 15:45,18.1,72.0,15.7,20.9,22.7,20.9,1017.61,0.0,2.0,2.0,68.0,,,,,,,,,
Engenho,AcuRite Iris®,2026/14/06 15:50,18.3,72.0,15.8,21.2,23.1,21.1,1017.95,0.0,0.0,2.0,45.0,,,,,,,,,
Engenho,AcuRite Iris®,2026/14/06 15:55,18.3,71.0,15.7,21.1,22.9,21.1,1017.95,0.0,2.0,0.0,45.0,,,,,,,,,
Engenho,AcuRite Iris®,2026/14/06 16:00,18.2,71.0,15.6,21.0,22.8,21.0,1017.95,0.0,3.0,0.0,113.0,,,,,,,,,
Engenho,AcuRite Iris®,2026/14/06 16:05,18.7,71.0,16.0,21.6,23.5,21.5,1017.95,0.0,0.0,0.0,113.0,,,,,,,,,
Engenho,AcuRite Iris®,2026/14/06 16:10,18.2,70.0,15.3,21.0,22.7,21.0,1017.95,0.0,5.0,2.0,113.0,,,,,,,,,
Engenho,AcuRite Iris®,2026/14/06 16:15,18.1,70.0,15.2,20.9,22.6,20.9,1017.95,0.0,0.0,3.0,135.0,,,,,,,,,
Engenho,AcuRite Iris®,2026/14/06 16:20,18.2,70.0,15.3,21.0,22.7,21.0,1017.95,0.0,0.0,2.0,135.0,,,,,,,,,
Engenho,AcuRite Iris®,2026/14/06 16:25,18.3,70.0,15.4,21.1,22.9,21.1,1017.95,0.0,2.0,2.0,135.0,,,,,,,,,
Engenho,AcuRite Iris®,2026/14/06 16:30,18.1,70.0,15.2,20.9,22.6,20.9,1017.95,0.0,5.0,3.0,135.0,,,,,,,,,
Engenho,AcuRite Iris®,2026/14/06 16:35,18.0,70.0,15.1,20.7,22.4,20.8,1017.95,0.0,2.0,3.0,113.0,,,,,,,,,
Engenho,AcuRite Iris®,2026/14/06 16:40,17.8,70.0,14.9,20.6,22.2,20.6,1017.95,0.0,3.0,2.0,113.0,,,,,,,,,
Engenho,AcuRite Iris®,2026/14/06 16:45,17.7,70.0,14.8,20.4,22.1,20.5,1017.95,0.0,2.0,3.0,135.0,,,,,,,,,
Engenho,AcuRite Iris®,2026/14/06 16:50,17.7,71.0,15.1,20.4,21.4,20.5,1017.95,0.0,5.0,5.0,135.0,,,,,,,,,
Engenho,AcuRite Iris®,2026/14/06 16:55,17.5,71.0,14.8,20.2,21.8,20.3,1017.95,0.0,3.0,3.0,135.0,,,,,,,,,
Engenho,AcuRite Iris®,2026/14/06 17:00,18.1,71.0,15.4,20.9,22.7,20.9,1018.29,0.0,5.0,2.0,158.0,,,,,,,,,
Engenho,AcuRite Iris®,2026/14/06 17:05,17.9,71.0,15.3,20.7,22.4,20.7,1018.29,0.0,6.0,3.0,158.0,,,,,,,,,
Engenho,AcuRite Iris®,2026/14/06 17:10,17.8,71.0,15.2,20.6,21.6,20.6,1018.29,0.0,5.0,5.0,158.0,,,,,,,,,
Engenho,AcuRite Iris®,2026/14/06 17:25,17.5,71.0,14.8,20.2,20.4,20.3,1018.29,0.0,8.0,8.0,158.0,,,,,,,,,
Engenho,AcuRite Iris®,2026/14/06 17:30,17.2,71.0,14.6,19.9,20.8,20.0,1018.29,0.0,8.0,5.0,113.0,,,,,,,,,
Engenho,AcuRite Iris®,2026/14/06 17:35,17.4,71.0,14.8,20.2,21.8,20.2,1018.63,0.0,3.0,3.0,113.0,,,,,,,,,
Engenho,AcuRite Iris®,2026/14/06 17:40,17.3,71.0,14.7,20.1,20.9,20.1,1018.63,0.0,6.0,5.0,135.0,,,,,,,,,
Engenho,AcuRite Iris®,2026/14/06 17:45,17.4,71.0,14.8,20.2,21.1,20.2,1018.63,0.0,5.0,5.0,135.0,,,,,,,,,
Engenho,AcuRite Iris®,2026/14/06 17:50,17.5,71.0,14.8,20.2,21.8,20.3,1018.63,0.0,3.0,3.0,135.0,,,,,,,,,
Engenho,AcuRite Iris®,2026/14/06 17:55,17.3,71.0,14.7,20.1,21.6,20.1,1018.63,0.0,5.0,3.0,135.0,,,,,,,,,
Engenho,AcuRite Iris®,2026/14/06 18:00,17.1,71.0,14.4,19.8,20.6,19.9,1018.63,0.0,6.0,6.0,135.0,,,,,,,,,
Engenho,AcuRite Iris®,2026/14/06 18:05,17.2,71.0,14.6,19.9,20.8,20.0,1018.96,0.0,3.0,5.0,135.0,,,,,,,,,
Engenho,AcuRite Iris®,2026/14/06 18:10,17.2,71.0,14.6,19.9,20.8,20.0,1018.96,0.0,5.0,5.0,113.0,,,,,,,,,
Engenho,AcuRite Iris®,2026/14/06 18:15,17.5,71.0,14.8,20.2,21.8,20.3,1018.96,0.0,3.0,2.0,113.0,,,,,,,,,
Engenho,AcuRite Iris®,2026/14/06 18:20,17.4,71.0,14.8,20.2,21.8,20.2,1018.96,0.0,5.0,3.0,113.0,,,,,,,,,
Engenho,AcuRite Iris®,2026/14/06 18:25,17.4,71.0,14.8,20.2,21.8,20.2,1018.96,0.0,10.0,3.0,113.0,,,,,,,,,
Engenho,AcuRite Iris®,2026/14/06 18:30,17.2,71.0,14.6,19.9,20.8,20.0,1018.96,0.0,8.0,6.0,135.0,,,,,,,,,
Engenho,AcuRite Iris®,2026/14/06 18:35,17.3,71.0,14.7,20.1,20.9,20.1,1018.96,0.0,3.0,5.0,135.0,,,,,,,,,
Engenho,AcuRite Iris®,2026/14/06 18:40,17.0,72.0,14.6,19.7,20.6,19.8,1018.96,0.0,5.0,6.0,90.0,,,,,,,,,
Engenho,AcuRite Iris®,2026/14/06 18:45,17.1,72.0,14.7,19.8,20.7,19.9,1018.96,0.0,8.0,5.0,158.0,,,,,,,,,
Engenho,AcuRite Iris®,2026/14/06 18:50,17.2,72.0,14.8,19.9,20.8,20.0,1019.3,0.0,11.0,5.0,203.0,,,,,,,,,
Engenho,AcuRite Iris®,2026/14/06 18:55,17.1,72.0,14.7,19.8,20.7,19.9,1019.3,0.0,3.0,6.0,90.0,,,,,,,,,
Engenho,AcuRite Iris®,2026/14/06 19:00,16.9,72.0,14.5,19.6,20.4,19.7,1018.96,0.0,3.0,6.0,68.0,,,,,,,,,
Engenho,AcuRite Iris®,2026/14/06 19:05,17.1,72.0,14.7,19.8,20.7,19.9,1019.3,0.0,5.0,5.0,135.0,,,,,,,,,
Engenho,AcuRite Iris®,2026/14/06 19:10,17.0,73.0,14.8,19.7,20.6,19.8,1019.3,0.0,6.0,5.0,135.0,,,,,,,,,
Engenho,AcuRite Iris®,2026/14/06 19:15,16.9,73.0,14.7,19.7,20.6,19.7,1019.3,0.0,6.0,5.0,270.0,,,,,,,,,
Engenho,AcuRite Iris®,2026/14/06 19:20,16.9,73.0,14.7,19.7,21.2,19.7,1019.3,0.0,3.0,3.0,68.0,,,,,,,,,
Engenho,AcuRite Iris®,2026/14/06 19:25,16.8,73.0,14.6,19.6,20.4,19.6,1019.3,0.0,10.0,5.0,0.0,,,,,,,,,
Engenho,AcuRite Iris®,2026/14/06 19:30,16.6,73.0,14.4,19.3,20.1,19.4,1019.64,0.0,3.0,6.0,135.0,,,,,,,,,
Engenho,AcuRite Iris®,2026/14/06 19:35,16.7,73.0,14.5,19.4,20.2,19.5,1019.64,0.0,8.0,6.0,180.0,,,,,,,,,
Engenho,AcuRite Iris®,2026/14/06 19:40,16.8,73.0,14.6,19.6,20.4,19.6,1019.64,0.0,6.0,6.0,113.0,,,,,,,,,
Engenho,AcuRite Iris®,2026/14/06 19:45,16.5,73.0,14.3,19.2,19.3,19.3,1019.64,0.0,10.0,8.0,113.0,,,,,,,,,
Engenho,AcuRite Iris®,2026/14/06 19:50,16.5,73.0,14.3,19.2,19.3,19.3,1019.64,0.0,6.0,8.0,135.0,,,,,,,,,
Engenho,AcuRite Iris®,2026/14/06 19:55,16.4,73.0,14.3,19.1,19.2,19.2,1019.64,0.0,11.0,8.0,158.0,,,,,,,,,
Engenho,AcuRite Iris®,2026/14/06 20:00,16.2,73.0,14.1,18.9,18.9,19.0,1019.64,0.0,8.0,8.0,135.0,,,,,,,,,
Engenho,AcuRite Iris®,2026/14/06 20:05,16.5,73.0,14.3,19.2,19.9,19.3,1019.98,0.0,6.0,6.0,135.0,,,,,,,,,
Engenho,AcuRite Iris®,2026/14/06 20:10,16.6,73.0,14.4,19.3,20.1,19.4,1019.98,0.0,10.0,6.0,113.0,,,,,,,,,
Engenho,AcuRite Iris®,2026/14/06 20:15,16.6,73.0,14.4,19.3,20.1,19.4,1019.98,0.0,8.0,5.0,113.0,,,,,,,,,
Engenho,AcuRite Iris®,2026/14/06 20:20,16.4,73.0,14.3,19.1,19.9,19.2,1019.98,0.0,8.0,6.0,135.0,,,,,,,,,
Engenho,AcuRite Iris®,2026/14/06 20:25,16.6,73.0,14.4,19.3,20.1,19.4,1019.98,0.0,3.0,5.0,135.0,,,,,,,,,
Engenho,AcuRite Iris®,2026/14/06 20:30,16.5,73.0,14.3,19.2,19.9,19.3,1019.98,0.0,10.0,5.0,158.0,,,,,,,,,
Engenho,AcuRite Iris®,2026/14/06 20:35,16.4,73.0,14.3,19.1,19.9,19.2,1020.32,0.0,5.0,6.0,158.0,,,,,,,,,
Engenho,AcuRite Iris®,2026/14/06 20:40,16.4,73.0,14.3,19.1,19.9,19.2,1019.98,0.0,8.0,5.0,135.0,,,,,,,,,
Engenho,AcuRite Iris®,2026/14/06 20:45,16.2,73.0,14.1,18.9,19.6,19.0,1020.32,0.0,10.0,6.0,158.0,,,,,,,,,
Engenho,AcuRite Iris®,2026/14/06 20:50,16.3,73.0,14.2,19.0,19.7,19.1,1020.32,0.0,8.0,5.0,113.0,,,,,,,,,
Engenho,AcuRite Iris®,2026/14/06 20:55,16.8,73.0,14.6,19.6,20.4,19.6,1020.32,0.0,3.0,5.0,135.0,,,,,,,,,
Engenho,AcuRite Iris®,2026/14/06 21:00,16.3,73.0,14.2,19.0,19.7,19.1,1020.32,0.0,6.0,6.0,113.0,,,,,,,,,
Engenho,AcuRite Iris®,2026/14/06 21:05,16.4,73.0,14.3,19.1,19.9,19.2,1020.32,0.0,6.0,5.0,113.0,,,,,,,,,
Engenho,AcuRite Iris®,2026/14/06 21:10,16.2,73.0,14.1,18.9,19.6,19.0,1020.32,0.0,13.0,6.0,158.0,,,,,,,,,
Engenho,AcuRite Iris®,2026/14/06 21:15,16.3,73.0,14.2,19.0,19.7,19.1,1020.32,0.0,2.0,5.0,135.0,,,,,,,,,
Engenho,AcuRite Iris®,2026/14/06 21:20,16.4,72.0,14.1,19.1,19.8,19.2,1020.66,0.0,5.0,5.0,113.0,,,,,,,,,
Engenho,AcuRite Iris®,2026/14/06 21:25,16.3,72.0,13.9,18.9,19.7,19.1,1020.66,0.0,5.0,5.0,135.0,,,,,,,,,
Engenho,AcuRite Iris®,2026/14/06 21:30,16.1,73.0,13.9,18.7,19.4,18.9,1020.66,0.0,6.0,6.0,90.0,,,,,,,,,
Engenho,AcuRite Iris®,2026/14/06 21:35,16.1,73.0,13.9,18.7,19.4,18.9,1020.66,0.0,5.0,6.0,113.0,,,,,,,,,
Engenho,AcuRite Iris®,2026/14/06 21:40,16.1,73.0,13.9,18.7,19.4,18.9,1020.66,0.0,5.0,5.0,180.0,,,,,,,,,
Engenho,AcuRite Iris®,2026/14/06 21:45,16.2,73.0,14.1,18.9,20.3,19.0,1020.66,0.0,8.0,3.0,135.0,,,,,,,,,
Engenho,AcuRite Iris®,2026/14/06 21:50,16.1,72.0,13.7,18.7,19.3,18.9,1020.66,0.0,8.0,6.0,158.0,,,,,,,,,
Engenho,AcuRite Iris®,2026/14/06 21:55,16.2,72.0,13.8,18.8,19.5,19.0,1020.66,0.0,8.0,5.0,135.0,,,,,,,,,
Engenho,AcuRite Iris®,2026/14/06 22:00,16.2,72.0,13.8,18.8,19.5,19.0,1021.0,0.0,8.0,5.0,113.0,,,,,,,,,
Engenho,AcuRite Iris®,2026/14/06 22:05,16.1,72.0,13.7,18.7,19.3,18.9,1021.0,0.0,3.0,6.0,90.0,,,,,,,,,
Engenho,AcuRite Iris®,2026/14/06 22:10,16.3,72.0,13.9,18.9,19.7,19.1,1021.0,0.0,5.0,5.0,90.0,,,,,,,,,
Engenho,AcuRite Iris®,2026/14/06 22:15,16.1,72.0,13.7,18.7,19.3,18.9,1020.66,0.0,8.0,5.0,113.0,,,,,,,,,
Engenho,AcuRite Iris®,2026/14/06 22:20,16.2,72.0,13.8,18.8,19.5,19.0,1021.0,0.0,6.0,5.0,135.0,,,,,,,,,
Engenho,AcuRite Iris®,2026/14/06 22:25,16.1,72.0,13.7,18.7,19.3,18.9,1021.0,0.0,8.0,6.0,135.0,,,,,,,,,
Engenho,AcuRite Iris®,2026/14/06 22:30,16.3,72.0,13.9,18.9,19.7,19.1,1021.0,0.0,10.0,5.0,90.0,,,,,,,,,
Engenho,AcuRite Iris®,2026/14/06 22:35,16.1,72.0,13.7,18.7,18.7,18.9,1021.0,0.0,5.0,8.0,23.0,,,,,,,,,
Engenho,AcuRite Iris®,2026/14/06 22:40,16.1,72.0,13.7,18.7,19.3,18.9,1021.0,0.0,6.0,5.0,135.0,,,,,,,,,
Engenho,AcuRite Iris®,2026/14/06 22:45,16.0,72.0,13.6,18.6,19.2,18.8,1021.0,0.0,11.0,6.0,113.0,,,,,,,,,
Engenho,AcuRite Iris®,2026/14/06 22:50,15.9,72.0,13.6,18.6,19.2,18.7,1021.0,0.0,5.0,6.0,113.0,,,,,,,,,
Engenho,AcuRite Iris®,2026/14/06 22:55,16.1,72.0,13.7,18.7,19.3,18.9,1021.0,0.0,10.0,5.0,90.0,,,,,,,,,
Engenho,AcuRite Iris®,2026/14/06 23:00,16.1,72.0,13.7,18.7,19.3,18.9,1021.0,0.0,10.0,5.0,113.0,,,,,,,,,
Engenho,AcuRite Iris®,2026/14/06 23:05,16.1,72.0,13.7,18.7,19.3,18.9,1021.0,0.0,6.0,5.0,135.0,,,,,,,,,
Engenho,AcuRite Iris®,2026/14/06 23:10,15.9,73.0,13.8,18.6,19.2,18.7,1021.0,0.0,11.0,6.0,135.0,,,,,,,,,
Engenho,AcuRite Iris®,2026/14/06 23:15,16.0,72.0,13.6,18.6,19.2,18.8,1021.0,0.0,6.0,6.0,113.0,,,,,,,,,
Engenho,AcuRite Iris®,2026/14/06 23:20,16.1,72.0,13.7,18.7,19.3,18.9,1021.0,0.0,3.0,5.0,135.0,,,,,,,,,
Engenho,AcuRite Iris®,2026/14/06 23:25,15.9,73.0,13.8,18.6,19.2,18.7,1021.0,0.0,6.0,6.0,90.0,,,,,,,,,
Engenho,AcuRite Iris®,2026/14/06 23:30,15.9,73.0,13.8,18.6,19.9,18.7,1021.0,0.0,6.0,3.0,158.0,,,,,,,,,
Engenho,AcuRite Iris®,2026/14/06 23:35,15.7,74.0,13.8,18.3,19.0,18.5,1021.0,0.0,6.0,6.0,135.0,,,,,,,,,
Engenho,AcuRite Iris®,2026/14/06 23:40,15.7,74.0,13.8,18.3,19.0,18.5,1021.0,0.0,6.0,6.0,113.0,,,,,,,,,
Engenho,AcuRite Iris®,2026/14/06 23:45,15.7,75.0,14.0,18.4,19.1,18.5,1021.0,0.0,6.0,5.0,135.0,,,,,,,,,
Engenho,AcuRite Iris®,2026/14/06 23:50,15.8,75.0,14.1,18.5,19.2,18.6,1021.0,0.0,2.0,5.0,158.0,,,,,,,,,
Engenho,AcuRite Iris®,2026/14/06 23:55,15.9,75.0,14.2,18.6,20.1,18.7,1021.0,0.0,0.0,2.0,203.0,,,,,,,,,
Engenho,AcuRite Iris®,2026/15/06 00:00,15.5,75.0,13.8,18.1,18.8,18.3,1021.0,0.0,6.0,5.0,45.0,,,,,,,,,
Engenho,AcuRite Iris®,2026/15/06 00:05,15.4,75.0,13.7,18.1,18.7,18.2,1021.0,0.0,5.0,6.0,113.0,,,,,,,,,
Engenho,AcuRite Iris®,2026/15/06 00:10,15.6,75.0,13.9,18.2,18.9,18.4,1021.0,0.0,5.0,5.0,113.0,,,,,,,,,
Engenho,AcuRite Iris®,2026/15/06 00:15,15.2,75.0,13.5,17.8,18.4,18.0,1021.0,0.0,8.0,6.0,135.0,,,,,,,,,
Engenho,AcuRite Iris®,2026/15/06 00:20,15.3,74.0,13.4,17.9,18.5,18.1,1021.0,0.0,5.0,6.0,135.0,,,,,,,,,
Engenho,AcuRite Iris®,2026/15/06 00:25,15.3,74.0,13.4,17.9,18.5,18.1,1021.0,0.0,8.0,6.0,113.0,,,,,,,,,
Engenho,AcuRite Iris®,2026/15/06 00:30,15.4,74.0,13.5,18.1,18.6,18.2,1021.0,0.0,3.0,5.0,135.0,,,,,,,,,
Engenho,AcuRite Iris®,2026/15/06 00:35,15.5,73.0,13.3,18.1,18.6,18.3,1021.0,0.0,8.0,5.0,180.0,,,,,,,,,
Engenho,AcuRite Iris®,2026/15/06 00:40,15.3,73.0,13.2,17.9,18.4,18.1,1021.0,0.0,6.0,5.0,113.0,,,,,,,,,
Engenho,AcuRite Iris®,2026/15/06 00:45,15.2,74.0,13.3,17.8,18.3,18.0,1021.0,0.0,6.0,6.0,135.0,,,,,,,,,
Engenho,AcuRite Iris®,2026/15/06 00:50,15.1,74.0,13.2,17.7,18.2,17.9,1021.0,0.0,2.0,5.0,158.0,,,,,,,,,
Engenho,AcuRite Iris®,2026/15/06 00:55,15.1,75.0,13.4,17.7,18.2,17.9,1021.0,0.0,2.0,5.0,68.0,,,,,,,,,
Engenho,AcuRite Iris®,2026/15/06 01:00,15.2,75.0,13.5,17.8,18.4,18.0,1021.0,0.0,5.0,5.0,113.0,,,,,,,,,
Engenho,AcuRite Iris®,2026/15/06 01:05,15.1,75.0,13.4,17.7,18.2,17.9,1021.0,0.0,3.0,5.0,135.0,,,,,,,,,
Engenho,AcuRite Iris®,2026/15/06 01:10,15.2,75.0,13.5,17.8,19.1,18.0,1021.0,0.0,3.0,3.0,135.0,,,,,,,,,
Engenho,AcuRite Iris®,2026/15/06 01:15,15.1,75.0,13.4,17.7,18.9,17.9,1021.0,0.0,5.0,3.0,158.0,,,,,,,,,
Engenho,AcuRite Iris®,2026/15/06 01:20,15.0,75.0,13.3,17.6,18.1,17.8,1021.0,0.0,6.0,5.0,158.0,,,,,,,,,
Engenho,AcuRite Iris®,2026/15/06 01:25,15.1,75.0,13.4,17.7,18.9,17.9,1021.0,0.0,6.0,3.0,113.0,,,,,,,,,
Engenho,AcuRite Iris®,2026/15/06 01:30,15.0,75.0,13.3,17.6,18.8,17.8,1021.0,0.0,5.0,3.0,135.0,,,,,,,,,
Engenho,AcuRite Iris®,2026/15/06 01:35,15.0,75.0,13.3,17.6,18.8,17.8,1021.0,0.0,10.0,3.0,158.0,,,,,,,,,
Engenho,AcuRite Iris®,2026/15/06 01:40,14.9,76.0,13.4,17.6,18.1,17.7,1021.0,0.0,6.0,5.0,158.0,,,,,,,,,
Engenho,AcuRite Iris®,2026/15/06 01:45,14.8,75.0,13.1,17.4,17.9,17.6,1020.66,0.0,13.0,5.0,180.0,,,,,,,,,
Engenho,AcuRite Iris®,2026/15/06 01:50,14.8,76.0,13.3,17.4,17.9,17.6,1021.0,0.0,3.0,6.0,180.0,,,,,,,,,
Engenho,AcuRite Iris®,2026/15/06 01:55,14.9,75.0,13.2,17.5,18.1,17.7,1021.0,0.0,8.0,5.0,90.0,,,,,,,,,
Engenho,AcuRite Iris®,2026/15/06 02:05,14.6,75.0,12.9,17.2,17.6,17.4,1021.0,0.0,6.0,6.0,113.0,,,,,,,,,
Engenho,AcuRite Iris®,2026/15/06 02:10,14.5,76.0,13.0,17.1,16.8,17.3,1021.0,0.0,11.0,8.0,113.0,,,,,,,,,
Engenho,AcuRite Iris®,2026/15/06 02:15,14.7,76.0,13.2,17.3,17.8,17.5,1021.0,0.0,6.0,6.0,135.0,,,,,,,,,
Engenho,AcuRite Iris®,2026/15/06 02:20,14.6,76.0,13.1,17.2,17.7,17.4,1020.66,0.0,5.0,5.0,158.0,,,,,,,,,
Engenho,AcuRite Iris®,2026/15/06 02:25,14.5,76.0,13.0,17.1,17.5,17.3,1020.66,0.0,8.0,6.0,113.0,,,,,,,,,
Engenho,AcuRite Iris®,2026/15/06 02:30,14.6,76.0,13.1,17.2,17.7,17.4,1020.66,0.0,5.0,6.0,135.0,,,,,,,,,
Engenho,AcuRite Iris®,2026/15/06 02:35,14.5,76.0,13.0,17.1,17.5,17.3,1020.66,0.0,11.0,6.0,158.0,,,,,,,,,
Engenho,AcuRite Iris®,2026/15/06 02:40,14.5,75.0,12.8,17.0,17.4,17.3,1021.0,0.0,6.0,6.0,180.0,,,,,,,,,
Engenho,AcuRite Iris®,2026/15/06 02:45,14.5,75.0,12.8,17.0,17.4,17.3,1020.66,0.0,8.0,6.0,180.0,,,,,,,,,
Engenho,AcuRite Iris®,2026/15/06 02:50,14.8,75.0,13.1,17.4,17.9,17.6,1020.66,0.0,5.0,5.0,180.0,,,,,,,,,
Engenho,AcuRite Iris®,2026/15/06 02:55,14.8,75.0,13.1,17.4,17.9,17.6,1021.0,0.0,3.0,5.0,158.0,,,,,,,,,
Engenho,AcuRite Iris®,2026/15/06 03:00,14.8,74.0,12.9,17.3,18.5,17.6,1020.66,0.0,3.0,3.0,135.0,,,,,,,,,
Engenho,AcuRite Iris®,2026/15/06 03:05,14.5,74.0,12.6,17.0,16.7,17.3,1020.66,0.0,10.0,8.0,135.0,,,,,,,,,
Engenho,AcuRite Iris®,2026/15/06 03:10,14.6,74.0,12.7,17.1,17.5,17.4,1021.0,0.0,6.0,6.0,113.0,,,,,,,,,
Engenho,AcuRite Iris®,2026/15/06 03:15,14.6,73.0,12.5,17.1,17.4,17.4,1020.66,0.0,13.0,6.0,45.0,,,,,,,,,
Engenho,AcuRite Iris®,2026/15/06 03:20,14.6,73.0,12.5,17.1,17.4,17.4,1020.66,0.0,6.0,6.0,68.0,,,,,,,,,
Engenho,AcuRite Iris®,2026/15/06 03:25,14.8,73.0,12.7,17.3,17.8,17.6,1020.66,0.0,3.0,5.0,135.0,,,,,,,,,
Engenho,AcuRite Iris®,2026/15/06 03:30,14.7,73.0,12.6,17.2,17.6,17.5,1020.66,0.0,10.0,6.0,135.0,,,,,,,,,
Engenho,AcuRite Iris®,2026/15/06 03:35,14.8,73.0,12.7,17.3,17.8,17.6,1020.66,0.0,3.0,5.0,180.0,,,,,,,,,
Engenho,AcuRite Iris®,2026/15/06 03:40,14.5,73.0,12.4,16.9,17.3,17.3,1020.66,0.0,6.0,6.0,113.0,,,,,,,,,
Engenho,AcuRite Iris®,2026/15/06 03:45,14.6,73.0,12.5,17.1,17.4,17.4,1020.66,0.0,8.0,6.0,135.0,,,,,,,,,
Engenho,AcuRite Iris®,2026/15/06 03:50,14.4,73.0,12.3,16.9,16.6,17.2,1020.66,0.0,13.0,8.0,158.0,,,,,,,,,
Engenho,AcuRite Iris®,2026/15/06 03:55,14.5,74.0,12.6,17.0,17.4,17.3,1020.66,0.0,10.0,6.0,113.0,,,,,,,,,
Engenho,AcuRite Iris®,2026/15/06 04:00,14.1,75.0,12.4,16.6,16.2,16.9,1020.66,0.0,10.0,10.0,113.0,,,,,,,,,
Engenho,AcuRite Iris®,2026/15/06 04:05,14.2,74.0,12.3,16.7,17.0,17.0,1020.66,0.0,5.0,6.0,135.0,,,,,,,,,
Engenho,AcuRite Iris®,2026/15/06 04:10,14.2,74.0,12.3,16.7,17.0,17.0,1020.66,0.0,8.0,6.0,180.0,,,,,,,,,
Engenho,AcuRite Iris®,2026/15/06 04:15,14.3,73.0,12.2,16.8,17.1,17.1,1020.66,0.0,6.0,5.0,113.0,,,,,,,,,
Engenho,AcuRite Iris®,2026/15/06 04:20,14.3,73.0,12.2,16.8,17.1,17.1,1020.66,0.0,6.0,6.0,135.0,,,,,,,,,
Engenho,AcuRite Iris®,2026/15/06 04:25,14.5,73.0,12.4,16.9,17.3,17.3,1020.66,0.0,3.0,5.0,90.0,,,,,,,,,
Engenho,AcuRite Iris®,2026/15/06 04:30,14.4,73.0,12.3,16.9,17.2,17.2,1020.66,0.0,6.0,6.0,113.0,,,,,,,,,
Engenho,AcuRite Iris®,2026/15/06 04:35,14.3,72.0,12.0,16.8,17.1,17.1,1020.66,0.0,6.0,6.0,90.0,,,,,,,,,
Engenho,AcuRite Iris®,2026/15/06 04:40,14.3,72.0,12.0,16.8,17.1,17.1,1020.66,0.0,5.0,6.0,113.0,,,,,,,,,
Engenho,AcuRite Iris®,2026/15/06 04:45,14.3,72.0,12.0,16.8,17.1,17.1,1020.66,0.0,11.0,6.0,135.0,,,,,,,,,
Engenho,AcuRite Iris®,2026/15/06 04:50,14.4,72.0,12.1,16.9,17.2,17.2,1020.66,0.0,6.0,6.0,135.0,,,,,,,,,
Engenho,AcuRite Iris®,2026/15/06 04:55,14.3,72.0,12.0,16.8,16.3,17.1,1020.66,0.0,3.0,8.0,135.0,,,,,,,,,
Engenho,AcuRite Iris®,2026/15/06 05:00,14.3,72.0,12.0,16.8,16.3,17.1,1020.66,0.0,5.0,8.0,68.0,,,,,,,,,
Engenho,AcuRite Iris®,2026/15/06 05:05,14.4,72.0,12.1,16.9,17.2,17.2,1020.66,0.0,6.0,6.0,135.0,,,,,,,,,
Engenho,AcuRite Iris®,2026/15/06 05:10,14.3,72.0,12.0,16.8,16.3,17.1,1020.66,0.0,10.0,8.0,135.0,,,,,,,,,
Engenho,AcuRite Iris®,2026/15/06 05:15,14.3,71.0,11.8,16.7,17.0,17.1,1020.66,0.0,10.0,6.0,203.0,,,,,,,,,
Engenho,AcuRite Iris®,2026/15/06 05:20,14.2,71.0,11.7,16.6,16.8,17.0,1020.66,0.0,6.0,6.0,68.0,,,,,,,,,
Engenho,AcuRite Iris®,2026/15/06 05:25,14.2,71.0,11.7,16.6,16.8,17.0,1020.66,0.0,6.0,6.0,135.0,,,,,,,,,
Engenho,AcuRite Iris®,2026/15/06 05:30,14.2,71.0,11.7,16.6,16.8,17.0,1020.66,0.0,6.0,6.0,135.0,,,,,,,,,
Engenho,AcuRite Iris®,2026/15/06 05:35,14.1,71.0,11.6,16.5,16.7,16.9,1020.66,0.0,10.0,6.0,113.0,,,,,,,,,
Engenho,AcuRite Iris®,2026/15/06 05:40,14.4,71.0,11.9,16.8,17.1,17.2,1020.66,0.0,5.0,5.0,135.0,,,,,,,,,
Engenho,AcuRite Iris®,2026/15/06 05:45,14.2,71.0,11.7,16.6,16.8,17.0,1020.66,0.0,5.0,6.0,90.0,,,,,,,,,
Engenho,AcuRite Iris®,2026/15/06 05:50,14.3,71.0,11.8,16.7,17.7,17.1,1020.66,0.0,8.0,3.0,135.0,,,,,,,,,
Engenho,AcuRite Iris®,2026/15/06 05:55,14.0,71.0,11.5,16.4,16.6,16.8,1020.66,0.0,8.0,6.0,135.0,,,,,,,,,
Engenho,AcuRite Iris®,2026/15/06 06:00,14.1,71.0,11.6,16.5,16.7,16.9,1021.0,0.0,5.0,6.0,113.0,,,,,,,,,
Engenho,AcuRite Iris®,2026/15/06 06:05,14.1,71.0,11.6,16.5,16.7,16.9,1021.0,0.0,6.0,5.0,135.0,,,,,,,,,
Engenho,AcuRite Iris®,2026/15/06 06:10,14.0,71.0,11.5,16.4,16.6,16.8,1021.0,0.0,8.0,6.0,180.0,,,,,,,,,
Engenho,AcuRite Iris®,2026/15/06 06:15,14.1,71.0,11.6,16.5,16.7,16.9,1021.0,0.0,6.0,6.0,113.0,,,,,,,,,
Engenho,AcuRite Iris®,2026/15/06 06:20,14.3,71.0,11.8,16.7,17.7,17.1,1021.33,0.0,6.0,3.0,135.0,,,,,,,,,
Engenho,AcuRite Iris®,2026/15/06 06:25,14.0,71.0,11.5,16.4,16.6,16.8,1021.33,0.0,6.0,6.0,90.0,,,,,,,,,
Engenho,AcuRite Iris®,2026/15/06 06:30,14.1,71.0,11.6,16.5,16.7,16.9,1021.33,0.0,11.0,6.0,158.0,,,,,,,,,
Engenho,AcuRite Iris®,2026/15/06 06:35,14.0,71.0,11.5,16.4,16.6,16.8,1021.33,0.0,5.0,6.0,135.0,,,,,,,,,
Engenho,AcuRite Iris®,2026/15/06 06:40,13.9,71.0,11.4,16.3,15.8,16.7,1021.33,0.0,6.0,10.0,113.0,,,,,,,,,
Engenho,AcuRite Iris®,2026/15/06 06:45,14.1,71.0,11.6,16.5,16.0,16.9,1021.33,0.0,11.0,8.0,135.0,,,,,,,,,
Engenho,AcuRite Iris®,2026/15/06 06:50,14.2,71.0,11.7,16.6,16.8,17.0,1021.67,0.0,6.0,6.0,158.0,,,,,,,,,
Engenho,AcuRite Iris®,2026/15/06 06:55,14.1,71.0,11.6,16.5,16.7,16.9,1021.67,0.0,6.0,6.0,45.0,,,,,,,,,
Engenho,AcuRite Iris®,2026/15/06 07:00,14.0,71.0,11.5,16.4,16.6,16.8,1021.67,0.0,6.0,6.0,135.0,,,,,,,,,
Engenho,AcuRite Iris®,2026/15/06 07:05,14.1,71.0,11.6,16.5,16.7,16.9,1021.67,0.0,6.0,6.0,180.0,,,,,,,,,
Engenho,AcuRite Iris®,2026/15/06 07:10,14.0,71.0,11.5,16.4,16.6,16.8,1021.67,0.0,10.0,6.0,158.0,,,,,,,,,
Engenho,AcuRite Iris®,2026/15/06 07:15,14.2,71.0,11.7,16.6,16.8,17.0,1021.67,0.0,10.0,5.0,45.0,,,,,,,,,
Engenho,AcuRite Iris®,2026/15/06 07:20,14.1,71.0,11.6,16.5,16.7,16.9,1021.67,0.0,6.0,6.0,113.0,,,,,,,,,
Engenho,AcuRite Iris®,2026/15/06 07:25,14.2,71.0,11.7,16.6,16.8,17.0,1022.01,0.0,8.0,5.0,135.0,,,,,,,,,
Engenho,AcuRite Iris®,2026/15/06 07:30,14.2,71.0,11.7,16.6,16.8,17.0,1022.01,0.0,8.0,6.0,135.0,,,,,,,,,
Engenho,AcuRite Iris®,2026/15/06 07:35,14.3,71.0,11.8,16.7,17.0,17.1,1022.01,0.0,5.0,5.0,135.0,,,,,,,,,
Engenho,AcuRite Iris®,2026/15/06 07:40,14.2,70.0,11.5,16.6,16.8,17.0,1022.01,0.0,5.0,5.0,135.0,,,,,,,,,
Engenho,AcuRite Iris®,2026/15/06 07:45,14.2,70.0,11.5,16.6,16.8,17.0,1022.01,0.0,8.0,5.0,135.0,,,,,,,,,
Engenho,AcuRite Iris®,2026/15/06 07:50,14.2,70.0,11.5,16.6,16.8,17.0,1022.01,0.0,11.0,5.0,158.0,,,,,,,,,
Engenho,AcuRite Iris®,2026/15/06 07:55,14.2,70.0,11.5,16.6,16.8,17.0,1022.01,0.0,11.0,5.0,90.0,,,,,,,,,
Engenho,AcuRite Iris®,2026/15/06 08:00,14.2,70.0,11.5,16.6,16.8,17.0,1022.01,0.0,3.0,5.0,113.0,,,,,,,,,
Engenho,AcuRite Iris®,2026/15/06 08:05,14.4,70.0,11.7,16.8,17.1,17.2,1022.35,0.0,5.0,5.0,113.0,,,,,,,,,
Engenho,AcuRite Iris®,2026/15/06 08:10,14.5,70.0,11.8,16.9,17.8,17.3,1022.35,0.0,2.0,3.0,158.0,,,,,,,,,
Engenho,AcuRite Iris®,2026/15/06 08:15,14.5,70.0,11.8,16.9,17.1,17.3,1022.01,0.0,10.0,5.0,135.0,,,,,,,,,
Engenho,AcuRite Iris®,2026/15/06 08:20,14.2,70.0,11.5,16.6,16.1,17.0,1022.35,0.0,8.0,8.0,135.0,,,,,,,,,
Engenho,AcuRite Iris®,2026/15/06 08:25,14.2,70.0,11.5,16.6,16.8,17.0,1022.35,0.0,8.0,6.0,113.0,,,,,,,,,
Engenho,AcuRite Iris®,2026/15/06 08:30,14.3,70.0,11.6,16.7,16.9,17.1,1022.35,0.0,5.0,6.0,135.0,,,,,,,,,
Engenho,AcuRite Iris®,2026/15/06 08:35,14.2,70.0,11.5,16.6,16.8,17.0,1022.35,0.0,6.0,6.0,135.0,,,,,,,,,
Engenho,AcuRite Iris®,2026/15/06 08:40,14.0,70.0,11.3,16.3,15.8,16.8,1022.69,0.0,10.0,8.0,158.0,,,,,,,,,
Engenho,AcuRite Iris®,2026/15/06 08:45,14.1,70.0,11.4,16.4,16.6,16.9,1022.69,0.0,5.0,6.0,135.0,,,,,,,,,
Engenho,AcuRite Iris®,2026/15/06 08:50,14.2,70.0,11.5,16.6,16.1,17.0,1022.69,0.0,11.0,8.0,158.0,,,,,,,,,
Engenho,AcuRite Iris®,2026/15/06 08:55,14.3,70.0,11.6,16.7,16.9,17.1,1022.69,0.0,10.0,6.0,90.0,,,,,,,,,
Engenho,AcuRite Iris®,2026/15/06 09:00,14.2,70.0,11.5,16.6,16.1,17.0,1022.69,0.0,5.0,8.0,113.0,,,,,,,,,
Engenho,AcuRite Iris®,2026/15/06 09:05,14.4,70.0,11.7,16.8,17.1,17.2,1022.69,0.0,5.0,6.0,158.0,,,,,,,,,
Engenho,AcuRite Iris®,2026/15/06 09:10,14.3,70.0,11.6,16.7,16.9,17.1,1023.03,0.0,14.0,6.0,113.0,,,,,,,,,
Engenho,AcuRite Iris®,2026/15/06 09:15,14.3,70.0,11.6,16.7,16.9,17.1,1023.03,0.0,5.0,6.0,113.0,,,,,,,,,
Engenho,AcuRite Iris®,2026/15/06 09:20,14.6,70.0,11.8,17.0,17.3,17.4,1023.03,0.0,5.0,5.0,90.0,,,,,,,,,
Engenho,AcuRite Iris®,2026/15/06 09:25,14.5,70.0,11.8,16.9,17.1,17.3,1023.03,0.0,8.0,6.0,113.0,,,,,,,,,
Engenho,AcuRite Iris®,2026/15/06 09:30,14.5,70.0,11.8,16.9,17.1,17.3,1023.03,0.0,6.0,5.0,135.0,,,,,,,,,
Engenho,AcuRite Iris®,2026/15/06 09:35,14.8,69.0,11.8,17.2,17.5,17.6,1023.03,0.0,8.0,5.0,113.0,,,,,,,,,
Engenho,AcuRite Iris®,2026/15/06 09:40,14.6,69.0,11.7,17.0,17.2,17.4,1023.03,0.0,3.0,6.0,135.0,,,,,,,,,
Engenho,AcuRite Iris®,2026/15/06 09:45,15.0,69.0,12.0,17.4,18.4,17.8,1023.03,0.0,3.0,3.0,135.0,,,,,,,,,
Engenho,AcuRite Iris®,2026/15/06 09:50,15.1,69.0,12.1,17.6,18.6,17.9,1023.03,0.0,6.0,3.0,90.0,,,,,,,,,
Engenho,AcuRite Iris®,2026/15/06 09:55,15.0,69.0,12.0,17.4,17.7,17.8,1023.03,0.0,5.0,5.0,135.0,,,,,,,,,
Engenho,AcuRite Iris®,2026/15/06 10:00,15.1,69.0,12.1,17.6,18.6,17.9,1023.37,0.0,6.0,3.0,135.0,,,,,,,,,
Engenho,AcuRite Iris®,2026/15/06 10:05,14.9,69.0,11.9,17.3,17.6,17.7,1023.03,0.0,6.0,6.0,45.0,,,,,,,,,
Engenho,AcuRite Iris®,2026/15/06 10:10,15.2,69.0,12.2,17.7,18.0,18.0,1023.03,0.0,3.0,5.0,135.0,,,,,,,,,
Engenho,AcuRite Iris®,2026/15/06 10:15,15.2,69.0,12.2,17.7,18.0,18.0,1023.37,0.0,2.0,5.0,68.0,,,,,,,,,
Engenho,AcuRite Iris®,2026/15/06 10:20,15.3,69.0,12.3,17.8,18.1,18.1,1023.03,0.0,5.0,5.0,135.0,,,,,,,,,
Engenho,AcuRite Iris®,2026/15/06 10:25,15.4,69.0,12.4,17.9,19.0,18.2,1023.37,0.0,5.0,3.0,113.0,,,,,,,,,
Engenho,AcuRite Iris®,2026/15/06 10:30,15.4,69.0,12.4,17.9,19.0,18.2,1023.37,0.0,3.0,3.0,135.0,,,,,,,,,
Engenho,AcuRite Iris®,2026/15/06 10:35,15.7,69.0,12.7,18.2,19.3,18.5,1023.37,0.0,3.0,3.0,158.0,,,,,,,,,
Engenho,AcuRite Iris®,2026/15/06 10:40,15.3,69.0,12.3,17.8,18.1,18.1,1023.37,0.0,6.0,5.0,135.0,,,,,,,,,
Engenho,AcuRite Iris®,2026/15/06 10:45,15.5,68.0,12.3,17.9,18.3,18.3,1023.37,0.0,6.0,5.0,158.0,,,,,,,,,
Engenho,AcuRite Iris®,2026/15/06 10:50,16.2,67.0,12.7,18.7,19.8,19.0,1023.03,0.0,2.0,2.0,135.0,,,,,,,,,
Engenho,AcuRite Iris®,2026/15/06 10:55,16.5,67.0,13.0,19.0,20.2,19.3,1023.03,0.0,3.0,3.0,68.0,,,,,,,,,
Engenho,AcuRite Iris®,2026/15/06 11:00,16.2,67.0,12.7,18.7,19.2,19.0,1023.03,0.0,3.0,5.0,113.0,,,,,,,,,
Engenho,AcuRite Iris®,2026/15/06 11:05,16.7,66.0,13.0,19.2,20.4,19.5,1023.03,0.0,5.0,3.0,158.0,,,,,,,,,
Engenho,AcuRite Iris®,2026/15/06 11:10,16.6,67.0,13.1,19.1,19.7,19.4,1023.03,0.0,5.0,5.0,90.0,,,,,,,,,
Engenho,AcuRite Iris®,2026/15/06 11:15,17.1,67.0,13.6,19.7,21.0,19.9,1022.69,0.0,6.0,2.0,158.0,,,,,,,,,
Engenho,AcuRite Iris®,2026/15/06 11:20,15.7,69.0,12.7,18.2,19.3,18.5,1022.69,0.0,3.0,3.0,135.0,,,,,,,,,
Engenho,AcuRite Iris®,2026/15/06 11:25,17.3,66.0,13.6,19.9,21.2,20.1,1022.69,0.0,3.0,3.0,135.0,,,,,,,,,
Engenho,AcuRite Iris®,2026/15/06 11:30,16.8,67.0,13.3,19.4,20.7,19.6,1022.69,0.0,5.0,3.0,135.0,,,,,,,,,
Engenho,AcuRite Iris®,2026/15/06 11:35,16.8,67.0,13.3,19.4,20.7,19.6,1022.35,0.0,3.0,3.0,90.0,,,,,,,,,
Engenho,AcuRite Iris®,2026/15/06 11:40,16.6,67.0,13.1,19.1,19.7,19.4,1022.35,0.0,5.0,5.0,180.0,,,,,,,,,
Engenho,AcuRite Iris®,2026/15/06 11:45,17.4,66.0,13.7,20.0,21.4,20.2,1022.35,0.0,5.0,2.0,135.0,,,,,,,,,
Engenho,AcuRite Iris®,2026/15/06 11:50,17.5,66.0,13.7,20.1,21.4,20.3,1022.35,0.0,2.0,3.0,135.0,,,,,,,,,
Engenho,AcuRite Iris®,2026/15/06 11:55,17.3,67.0,13.8,19.9,21.3,20.1,1022.35,0.0,6.0,3.0,135.0,,,,,,,,,
Engenho,AcuRite Iris®,2026/15/06 12:00,17.8,65.0,13.8,20.4,21.8,20.6,1022.35,0.0,6.0,2.0,158.0,,,,,,,,,
Engenho,AcuRite Iris®,2026/15/06 12:05,17.3,66.0,13.6,19.9,21.2,20.1,1022.01,0.0,2.0,3.0,90.0,,,,,,,,,
Engenho,AcuRite Iris®,2026/15/06 12:10,17.2,66.0,13.4,19.8,21.1,20.0,1022.01,0.0,5.0,2.0,203.0,,,,,,,,,
Engenho,AcuRite Iris®,2026/15/06 12:15,17.7,66.0,13.9,20.3,21.7,20.5,1022.01,0.0,5.0,2.0,158.0,,,,,,,,,
Engenho,AcuRite Iris®,2026/15/06 12:20,17.3,66.0,13.6,19.9,21.2,20.1,1022.01,0.0,5.0,2.0,68.0,,,,,,,,,
Engenho,AcuRite Iris®,2026/15/06 12:25,17.6,65.0,13.6,20.2,21.5,20.4,1022.01,0.0,2.0,2.0,203.0,,,,,,,,,
Engenho,AcuRite Iris®,2026/15/06 12:30,17.8,65.0,13.8,20.4,21.8,20.6,1021.67,0.0,6.0,2.0,135.0,,,,,,,,,
Engenho,AcuRite Iris®,2026/15/06 12:35,15.6,68.0,12.4,18.1,18.4,18.4,1021.67,0.0,5.0,5.0,135.0,,,,,,,,,
Engenho,AcuRite Iris®,2026/15/06 12:40,15.9,68.0,12.7,18.4,19.6,18.7,1021.67,0.0,3.0,3.0,113.0,,,,,,,,,
Engenho,AcuRite Iris®,2026/15/06 12:45,17.2,65.0,13.2,19.8,21.0,20.0,1021.67,0.0,6.0,3.0,113.0,,,,,,,,,
Engenho,AcuRite Iris®,2026/15/06 12:50,17.3,65.0,13.3,19.9,21.2,20.1,1021.67,0.0,3.0,3.0,135.0,,,,,,,,,
Engenho,AcuRite Iris®,2026/15/06 12:55,17.4,64.0,13.2,19.9,21.2,20.2,1021.67,0.0,3.0,3.0,90.0,,,,,,,,,
Engenho,AcuRite Iris®,2026/15/06 13:00,17.3,64.0,13.1,19.8,21.1,20.1,1021.67,0.0,2.0,2.0,225.0,,,,,,,,,
Engenho,AcuRite Iris®,2026/15/06 13:05,17.4,64.0,13.2,19.9,21.2,20.2,1021.33,0.0,3.0,3.0,113.0,,,,,,,,,
Engenho,AcuRite Iris®,2026/15/06 13:10,17.4,65.0,13.4,20.0,21.3,20.2,1021.33,0.0,0.0,3.0,113.0,,,,,,,,,
Engenho,AcuRite Iris®,2026/15/06 13:15,18.2,64.0,13.9,20.8,22.2,21.0,1021.33,0.0,5.0,2.0,113.0,,,,,,,,,
Engenho,AcuRite Iris®,2026/15/06 13:20,17.4,65.0,13.4,20.0,21.3,20.2,1021.0,0.0,2.0,3.0,135.0,,,,,,,,,
Engenho,AcuRite Iris®,2026/15/06 13:25,17.7,65.0,13.7,20.3,21.7,20.5,1021.0,0.0,0.0,3.0,135.0,,,,,,,,,
Engenho,AcuRite Iris®,2026/15/06 13:30,17.7,64.0,13.4,20.3,21.6,20.5,1021.0,0.0,2.0,2.0,203.0,,,,,,,,,
Engenho,AcuRite Iris®,2026/15/06 13:35,17.5,65.0,13.5,20.1,21.4,20.3,1021.0,0.0,2.0,3.0,158.0,,,,,,,,,
Engenho,AcuRite Iris®,2026/15/06 13:40,17.6,65.0,13.6,20.2,21.5,20.4,1021.0,0.0,5.0,3.0,203.0,,,,,,,,,
Engenho,AcuRite Iris®,2026/15/06 13:45,18.0,65.0,13.9,20.6,22.0,20.8,1020.66,0.0,5.0,2.0,113.0,,,,,,,,,
Engenho,AcuRite Iris®,2026/15/06 13:50,17.6,65.0,13.6,20.2,21.5,20.4,1020.66,0.0,3.0,3.0,158.0,,,,,,,,,
Engenho,AcuRite Iris®,2026/15/06 13:55,17.5,65.0,13.5,20.1,21.4,20.3,1021.0,0.0,2.0,2.0,113.0,,,,,,,,,
Engenho,AcuRite Iris®,2026/15/06 14:00,17.2,65.0,13.2,19.8,21.0,20.0,1021.0,0.0,5.0,2.0,113.0,,,,,,,,,
Engenho,AcuRite Iris®,2026/15/06 14:05,17.3,66.0,13.6,19.9,21.2,20.1,1021.0,0.0,3.0,3.0,90.0,,,,,,,,,
Engenho,AcuRite Iris®,2026/15/06 14:10,17.4,65.0,13.4,20.0,21.3,20.2,1020.66,0.0,3.0,2.0,225.0,,,,,,,,,
Engenho,AcuRite Iris®,2026/15/06 14:15,17.5,65.0,13.5,20.1,21.4,20.3,1020.66,0.0,3.0,2.0,135.0,,,,,,,,,
Engenho,AcuRite Iris®,2026/15/06 14:20,16.3,66.0,12.6,18.8,19.2,19.1,1020.66,0.0,6.0,5.0,158.0,,,,,,,,,
Engenho,AcuRite Iris®,2026/15/06 14:25,17.1,66.0,13.3,19.7,20.9,19.9,1021.0,0.0,5.0,2.0,113.0,,,,,,,,,
Engenho,AcuRite Iris®,2026/15/06 14:30,16.8,66.0,13.1,19.3,20.6,19.6,1020.66,0.0,3.0,2.0,113.0,,,,,,,,,
Engenho,AcuRite Iris®,2026/15/06 14:35,16.7,66.0,13.0,19.2,20.4,19.5,1020.66,0.0,0.0,3.0,135.0,,,,,,,,,
Engenho,AcuRite Iris®,2026/15/06 14:40,16.7,66.0,13.0,19.2,20.4,19.5,1020.66,0.0,2.0,2.0,135.0,,,,,,,,,
Engenho,AcuRite Iris®,2026/15/06 14:45,16.8,66.0,13.1,19.3,20.6,19.6,1021.0,0.0,5.0,2.0,113.0,,,,,,,,,
Engenho,AcuRite Iris®,2026/15/06 14:50,16.7,67.0,13.2,19.3,20.5,19.5,1020.66,0.0,2.0,2.0,135.0,,,,,,,,,
Engenho,AcuRite Iris®,2026/15/06 14:55,16.4,67.0,12.9,18.9,20.1,19.2,1021.0,0.0,2.0,2.0,90.0,,,,,,,,,
Engenho,AcuRite Iris®,2026/15/06 15:00,16.1,68.0,12.8,18.6,19.8,18.9,1021.0,0.0,6.0,3.0,203.0,,,,,,,,,
Engenho,AcuRite Iris®,2026/15/06 15:05,16.5,67.0,13.0,19.0,20.2,19.3,1020.66,0.0,2.0,2.0,158.0,,,,,,,,,
Engenho,AcuRite Iris®,2026/15/06 15:10,16.1,68.0,12.8,18.6,19.8,18.9,1020.66,0.0,5.0,3.0,113.0,,,,,,,,,
Engenho,AcuRite Iris®,2026/15/06 15:15,16.4,67.0,12.9,18.9,20.1,19.2,1020.66,0.0,0.0,0.0,113.0,,,,,,,,,
Engenho,AcuRite Iris®,2026/15/06 15:20,16.3,67.0,12.8,18.8,20.0,19.1,1020.66,0.0,0.0,2.0,113.0,,,,,,,,,
Engenho,AcuRite Iris®,2026/15/06 15:25,15.9,68.0,12.7,18.4,19.6,18.7,1020.66,0.0,2.0,2.0,90.0,,,,,,,,,
Engenho,AcuRite Iris®,2026/15/06 15:30,15.8,68.0,12.6,18.3,19.4,18.6,1020.66,0.0,2.0,3.0,113.0,,,,,,,,,
Engenho,AcuRite Iris®,2026/15/06 15:35,16.0,68.0,12.7,18.5,19.6,18.8,1020.66,0.0,3.0,2.0,113.0,,,,,,,,,
Engenho,AcuRite Iris®,2026/15/06 15:40,16.1,68.0,12.8,18.6,19.8,18.9,1020.66,0.0,5.0,0.0,135.0,,,,,,,,,
Engenho,AcuRite Iris®,2026/15/06 15:45,15.8,68.0,12.6,18.3,19.4,18.6,1020.66,0.0,6.0,3.0,90.0,,,,,,,,,
Engenho,AcuRite Iris®,2026/15/06 15:50,15.7,68.0,12.5,18.2,19.3,18.5,1020.66,0.0,2.0,0.0,90.0,,,,,,,,,
Engenho,AcuRite Iris®,2026/15/06 15:55,15.7,69.0,12.7,18.2,19.3,18.5,1020.66,0.0,3.0,2.0,158.0,,,,,,,,,
Engenho,AcuRite Iris®,2026/15/06 16:00,16.1,69.0,13.1,18.6,19.8,18.9,1020.32,0.0,0.0,2.0,158.0,,,,,,,,,
Engenho,AcuRite Iris®,2026/15/06 16:05,16.0,68.0,12.7,18.5,19.6,18.8,1020.66,0.0,2.0,0.0,203.0,,,,,,,,,
Engenho,AcuRite Iris®,2026/15/06 16:10,15.9,69.0,12.9,18.4,19.6,18.7,1020.32,0.0,0.0,2.0,203.0,,,,,,,,,
Engenho,AcuRite Iris®,2026/15/06 16:15,15.9,69.0,12.9,18.4,19.6,18.7,1020.32,0.0,6.0,3.0,225.0,,,,,,,,,
Engenho,AcuRite Iris®,2026/15/06 16:20,16.2,68.0,12.9,18.7,19.9,19.0,1020.32,0.0,5.0,2.0,113.0,,,,,,,,,
Engenho,AcuRite Iris®,2026/15/06 16:25,16.0,68.0,12.7,18.5,19.6,18.8,1020.66,0.0,0.0,2.0,113.0,,,,,,,,,
Engenho,AcuRite Iris®,2026/15/06 16:30,15.9,68.0,12.7,18.4,19.6,18.7,1020.66,0.0,3.0,0.0,113.0,,,,,,,,,
Engenho,AcuRite Iris®,2026/15/06 16:35,15.5,69.0,12.5,17.9,19.1,18.3,1020.66,0.0,3.0,2.0,135.0,,,,,,,,,
Engenho,AcuRite Iris®,2026/15/06 16:40,16.3,68.0,13.1,18.8,20.1,19.1,1021.0,0.0,13.0,2.0,225.0,,,,,,,,,
Engenho,AcuRite Iris®,2026/15/06 16:45,15.9,68.0,12.7,18.4,19.6,18.7,1020.66,0.0,3.0,2.0,113.0,,,,,,,,,
Engenho,AcuRite Iris®,2026/15/06 16:50,16.1,68.0,12.8,18.6,19.8,18.9,1020.66,0.0,3.0,0.0,113.0,,,,,,,,,
Engenho,AcuRite Iris®,2026/15/06 16:55,15.8,68.0,12.6,18.3,19.4,18.6,1021.0,0.0,6.0,0.0,203.0,,,,,,,,,
Engenho,AcuRite Iris®,2026/15/06 17:00,15.6,69.0,12.6,18.1,19.2,18.4,1021.0,0.0,2.0,3.0,135.0,,,,,,,,,
Engenho,AcuRite Iris®,2026/15/06 17:05,15.9,69.0,12.9,18.4,19.6,18.7,1021.0,0.0,3.0,0.0,90.0,,,,,,,,,
Engenho,AcuRite Iris®,2026/15/06 17:10,15.9,69.0,12.9,18.4,19.6,18.7,1021.0,0.0,2.0,0.0,90.0,,,,,,,,,
Engenho,AcuRite Iris®,2026/15/06 17:15,15.7,69.0,12.7,18.2,19.3,18.5,1021.0,0.0,2.0,0.0,113.0,,,,,,,,,
Engenho,AcuRite Iris®,2026/15/06 17:20,15.5,69.0,12.5,17.9,19.1,18.3,1021.0,0.0,6.0,0.0,158.0,,,,,,,,,
Engenho,AcuRite Iris®,2026/15/06 17:25,15.8,69.0,12.8,18.3,19.5,18.6,1021.0,0.0,2.0,0.0,135.0,,,,,,,,,
Engenho,AcuRite Iris®,2026/15/06 17:30,14.7,71.0,12.2,17.2,18.2,17.5,1021.0,0.0,6.0,3.0,135.0,,,,,,,,,
Engenho,AcuRite Iris®,2026/15/06 17:35,15.2,71.0,12.7,17.7,18.8,18.0,1021.0,0.0,0.0,3.0,90.0,,,,,,,,,
Engenho,AcuRite Iris®,2026/15/06 17:40,15.0,70.0,12.2,17.4,18.4,17.8,1021.0,0.0,8.0,3.0,135.0,,,,,,,,,
Engenho,AcuRite Iris®,2026/15/06 17:45,15.3,70.0,12.6,17.8,18.9,18.1,1021.0,0.0,3.0,3.0,135.0,,,,,,,,,
Engenho,AcuRite Iris®,2026/15/06 17:50,15.4,70.0,12.7,17.9,19.1,18.2,1021.0,0.0,2.0,2.0,135.0,,,,,,,,,
Engenho,AcuRite Iris®,2026/15/06 17:55,15.2,70.0,12.4,17.7,18.8,18.0,1021.33,0.0,3.0,2.0,113.0,,,,,,,,,
Engenho,AcuRite Iris®,2026/15/06 18:00,15.3,70.0,12.6,17.8,18.9,18.1,1021.33,0.0,2.0,2.0,135.0,,,,,,,,,
Engenho,AcuRite Iris®,2026/15/06 18:05,15.1,70.0,12.3,17.6,18.6,17.9,1021.33,0.0,5.0,3.0,135.0,,,,,,,,,
Engenho,AcuRite Iris®,2026/15/06 18:10,14.8,70.0,12.1,17.3,18.3,17.6,1021.33,0.0,5.0,3.0,135.0,,,,,,,,,
Engenho,AcuRite Iris®,2026/15/06 18:15,14.9,71.0,12.4,17.4,18.4,17.7,1021.33,0.0,2.0,3.0,90.0,,,,,,,,,
Engenho,AcuRite Iris®,2026/15/06 18:20,14.7,71.0,12.2,17.2,17.5,17.5,1021.33,0.0,3.0,5.0,135.0,,,,,,,,,
Engenho,AcuRite Iris®,2026/15/06 18:25,14.8,71.0,12.3,17.3,17.6,17.6,1021.33,0.0,3.0,5.0,135.0,,,,,,,,,
Engenho,AcuRite Iris®,2026/15/06 18:30,14.8,71.0,12.3,17.3,17.6,17.6,1021.67,0.0,5.0,5.0,90.0,,,,,,,,,
Engenho,AcuRite Iris®,2026/15/06 18:35,14.6,71.0,12.1,17.1,17.3,17.4,1021.67,0.0,8.0,6.0,135.0,,,,,,,,,
Engenho,AcuRite Iris®,2026/15/06 18:40,14.9,71.0,12.4,17.4,17.8,17.7,1021.67,0.0,10.0,5.0,135.0,,,,,,,,,
Engenho,AcuRite Iris®,2026/15/06 18:45,14.4,72.0,12.1,16.9,17.2,17.2,1022.01,0.0,5.0,6.0,158.0,,,,,,,,,
Engenho,AcuRite Iris®,2026/15/06 18:50,14.6,72.0,12.3,17.1,18.1,17.4,1021.67,0.0,6.0,3.0,180.0,,,,,,,,,
Engenho,AcuRite Iris®,2026/15/06 18:55,14.4,72.0,12.1,16.9,17.2,17.2,1021.67,0.0,3.0,5.0,113.0,,,,,,,,,
Engenho,AcuRite Iris®,2026/15/06 19:00,14.4,72.0,12.1,16.9,17.2,17.2,1022.01,0.0,3.0,5.0,113.0,,,,,,,,,
Engenho,AcuRite Iris®,2026/15/06 19:05,14.2,72.0,11.9,16.6,16.9,17.0,1022.01,0.0,11.0,6.0,158.0,,,,,,,,,
Engenho,AcuRite Iris®,2026/15/06 19:10,14.3,72.0,12.0,16.8,17.1,17.1,1022.01,0.0,5.0,5.0,135.0,,,,,,,,,
Engenho,AcuRite Iris®,2026/15/06 19:15,14.4,72.0,12.1,16.9,17.2,17.2,1022.01,0.0,6.0,5.0,113.0,,,,,,,,,
Engenho,AcuRite Iris®,2026/15/06 19:20,14.7,72.0,12.4,17.2,18.2,17.5,1022.01,0.0,6.0,3.0,135.0,,,,,,,,,
Engenho,AcuRite Iris®,2026/15/06 19:25,14.3,71.0,11.8,16.7,17.7,17.1,1022.01,0.0,5.0,3.0,90.0,,,,,,,,,
Engenho,AcuRite Iris®,2026/15/06 19:30,14.3,71.0,11.8,16.7,17.7,17.1,1022.35,0.0,5.0,3.0,135.0,,,,,,,,,
Engenho,AcuRite Iris®,2026/15/06 19:35,14.8,71.0,12.3,17.3,18.3,17.6,1022.01,0.0,2.0,2.0,135.0,,,,,,,,,
Engenho,AcuRite Iris®,2026/15/06 19:40,14.2,71.0,11.7,16.6,17.6,17.0,1022.35,0.0,8.0,3.0,68.0,,,,,,,,,
Engenho,AcuRite Iris®,2026/15/06 19:45,14.3,71.0,11.8,16.7,17.0,17.1,1022.35,0.0,6.0,5.0,90.0,,,,,,,,,
Engenho,AcuRite Iris®,2026/15/06 19:50,14.3,71.0,11.8,16.7,17.0,17.1,1022.35,0.0,6.0,6.0,158.0,,,,,,,,,
Engenho,AcuRite Iris®,2026/15/06 19:55,14.4,72.0,12.1,16.9,17.2,17.2,1022.35,0.0,5.0,5.0,135.0,,,,,,,,,
Engenho,AcuRite Iris®,2026/15/06 20:00,14.1,73.0,12.0,16.6,17.5,16.9,1022.35,0.0,3.0,3.0,113.0,,,,,,,,,
Engenho,AcuRite Iris®,2026/15/06 20:05,14.6,73.0,12.5,17.1,18.2,17.4,1022.35,0.0,2.0,3.0,113.0,,,,,,,,,
Engenho,AcuRite Iris®,2026/15/06 20:10,14.4,73.0,12.3,16.9,17.9,17.2,1022.35,0.0,0.0,2.0,135.0,,,,,,,,,
Engenho,AcuRite Iris®,2026/15/06 20:15,14.4,73.0,12.3,16.9,17.9,17.2,1022.35,0.0,5.0,3.0,135.0,,,,,,,,,
Engenho,AcuRite Iris®,2026/15/06 20:20,14.4,73.0,12.3,16.9,17.9,17.2,1022.35,0.0,3.0,3.0,135.0,,,,,,,,,
Engenho,AcuRite Iris®,2026/15/06 20:25,14.3,73.0,12.2,16.8,17.8,17.1,1022.35,0.0,2.0,3.0,158.0,,,,,,,,,
Engenho,AcuRite Iris®,2026/15/06 20:30,14.4,73.0,12.3,16.9,17.9,17.2,1022.35,0.0,2.0,2.0,135.0,,,,,,,,,
Engenho,AcuRite Iris®,2026/15/06 20:35,14.6,73.0,12.5,17.1,18.2,17.4,1022.69,0.0,2.0,2.0,135.0,,,,,,,,,
Engenho,AcuRite Iris®,2026/15/06 20:40,14.3,73.0,12.2,16.8,17.8,17.1,1022.35,0.0,2.0,2.0,135.0,,,,,,,,,
Engenho,AcuRite Iris®,2026/15/06 20:45,14.1,73.0,12.0,16.6,17.5,16.9,1022.69,0.0,2.0,2.0,135.0,,,,,,,,,
Engenho,AcuRite Iris®,2026/15/06 20:50,13.9,73.0,11.8,16.3,17.3,16.7,1022.69,0.0,3.0,3.0,113.0,,,,,,,,,
Engenho,AcuRite Iris®,2026/15/06 20:55,13.8,73.0,11.7,16.2,17.2,16.6,1022.35,0.0,8.0,3.0,113.0,,,,,,,,,
Engenho,AcuRite Iris®,2026/15/06 21:00,13.9,73.0,11.8,16.3,17.3,16.7,1022.69,0.0,6.0,3.0,113.0,,,,,,,,,
Engenho,AcuRite Iris®,2026/15/06 21:05,14.0,73.0,11.9,16.4,17.4,16.8,1022.69,0.0,3.0,2.0,158.0,,,,,,,,,
Engenho,AcuRite Iris®,2026/15/06 21:10,13.8,73.0,11.7,16.2,17.2,16.6,1022.69,0.0,3.0,2.0,90.0,,,,,,,,,
Engenho,AcuRite Iris®,2026/15/06 21:15,14.0,74.0,12.1,16.4,17.4,16.8,1022.69,0.0,0.0,2.0,90.0,,,,,,,,,
Engenho,AcuRite Iris®,2026/15/06 21:20,13.8,74.0,11.9,16.3,17.2,16.6,1022.69,0.0,2.0,2.0,90.0,,,,,,,,,
Engenho,AcuRite Iris®,2026/15/06 21:25,13.9,74.0,12.1,16.4,17.3,16.7,1022.69,0.0,2.0,2.0,135.0,,,,,,,,,
Engenho,AcuRite Iris®,2026/15/06 21:30,14.0,74.0,12.1,16.4,17.4,16.8,1022.69,0.0,2.0,0.0,135.0,,,,,,,,,
Engenho,AcuRite Iris®,2026/15/06 21:35,13.7,75.0,12.1,16.2,17.1,16.5,1022.69,0.0,3.0,2.0,135.0,,,,,,,,,
Engenho,AcuRite Iris®,2026/15/06 21:40,13.5,75.0,11.8,15.9,16.8,16.3,1022.69,0.0,3.0,2.0,113.0,,,,,,,,,
Engenho,AcuRite Iris®,2026/15/06 21:45,13.5,75.0,11.8,15.9,16.8,16.3,1022.35,0.0,5.0,2.0,135.0,,,,,,,,,
Engenho,AcuRite Iris®,2026/15/06 21:50,13.4,75.0,11.8,15.8,16.8,16.2,1022.69,0.0,5.0,3.0,135.0,,,,,,,,,
Engenho,AcuRite Iris®,2026/15/06 21:55,13.4,76.0,12.0,15.9,16.8,16.2,1022.69,0.0,3.0,3.0,135.0,,,,,,,,,
Engenho,AcuRite Iris®,2026/15/06 22:00,13.3,77.0,12.1,15.8,16.8,16.1,1022.69,0.0,2.0,3.0,135.0,,,,,,,,,
Engenho,AcuRite Iris®,2026/15/06 22:05,13.2,77.0,11.9,15.7,16.6,16.0,1022.69,0.0,6.0,3.0,113.0,,,,,,,,,
Engenho,AcuRite Iris®,2026/15/06 22:10,13.0,78.0,11.9,15.4,15.7,15.8,1022.69,0.0,2.0,5.0,135.0,,,,,,,,,
Engenho,AcuRite Iris®,2026/15/06 22:15,13.1,78.0,12.1,15.6,16.5,15.9,1022.69,0.0,5.0,3.0,135.0,,,,,,,,,
Engenho,AcuRite Iris®,2026/15/06 22:20,12.8,79.0,12.0,15.3,15.5,15.6,1022.69,0.0,5.0,5.0,135.0,,,,,,,,,
Engenho,AcuRite Iris®,2026/15/06 22:25,12.7,79.0,11.9,15.2,15.4,15.5,1022.69,0.0,6.0,5.0,113.0,,,,,,,,,
Engenho,AcuRite Iris®,2026/15/06 22:30,12.8,80.0,12.2,15.3,15.6,15.6,1022.69,0.0,8.0,6.0,113.0,,,,,,,,,
Engenho,AcuRite Iris®,2026/15/06 22:35,12.7,80.0,12.1,15.2,15.4,15.5,1022.69,0.0,6.0,6.0,113.0,,,,,,,,,
Engenho,AcuRite Iris®,2026/15/06 22:40,12.8,80.0,12.2,15.3,15.6,15.6,1022.69,0.0,6.0,5.0,113.0,,,,,,,,,
Engenho,AcuRite Iris®,2026/15/06 22:45,12.8,80.0,12.2,15.3,15.6,15.6,1022.69,0.0,5.0,5.0,135.0,,,,,,,,,
Engenho,AcuRite Iris®,2026/15/06 22:50,12.7,80.0,12.1,15.2,16.2,15.5,1022.69,0.0,5.0,3.0,135.0,,,,,,,,,
Engenho,AcuRite Iris®,2026/15/06 22:55,12.8,80.0,12.2,15.3,16.3,15.6,1022.69,0.0,5.0,3.0,113.0,,,,,,,,,
Engenho,AcuRite Iris®,2026/15/06 23:00,12.6,81.0,12.2,15.1,16.1,15.4,1022.35,0.0,3.0,3.0,113.0,,,,,,,,,
Engenho,AcuRite Iris®,2026/15/06 23:05,12.6,81.0,12.2,15.1,16.1,15.4,1022.69,0.0,5.0,3.0,113.0,,,,,,,,,
Engenho,AcuRite Iris®,2026/15/06 23:10,12.7,81.0,12.3,15.2,16.2,15.5,1022.69,0.0,3.0,3.0,113.0,,,,,,,,,
Engenho,AcuRite Iris®,2026/15/06 23:15,12.8,81.0,12.3,15.3,16.3,15.6,1022.69,0.0,0.0,2.0,113.0,,,,,,,,,
Engenho,AcuRite Iris®,2026/15/06 23:20,12.7,81.0,12.3,15.2,16.2,15.5,1022.69,0.0,3.0,2.0,113.0,,,,,,,,,
Engenho,AcuRite Iris®,2026/15/06 23:25,13.0,80.0,12.3,15.5,16.5,15.8,1022.35,0.0,2.0,2.0,113.0,,,,,,,,,
Engenho,AcuRite Iris®,2026/15/06 23:30,12.8,80.0,12.2,15.3,16.3,15.6,1022.35,0.0,3.0,3.0,113.0,,,,,,,,,
Engenho,AcuRite Iris®,2026/15/06 23:35,13.0,80.0,12.3,15.5,16.5,15.8,1022.35,0.0,6.0,3.0,135.0,,,,,,,,,
Engenho,AcuRite Iris®,2026/15/06 23:40,12.8,80.0,12.2,15.3,16.3,15.6,1022.35,0.0,5.0,3.0,113.0,,,,,,,,,
Engenho,AcuRite Iris®,2026/15/06 23:45,12.6,81.0,12.2,15.1,15.3,15.4,1022.35,0.0,8.0,5.0,135.0,,,,,,,,,
Engenho,AcuRite Iris®,2026/15/06 23:50,12.7,81.0,12.3,15.2,15.5,15.5,1022.35,0.0,3.0,5.0,113.0,,,,,,,,,
Engenho,AcuRite Iris®,2026/15/06 23:55,12.9,81.0,12.4,15.4,16.5,15.7,1022.35,0.0,3.0,3.0,135.0,,,,,,,,,
Engenho,AcuRite Iris®,2026/16/06 00:00,12.9,81.0,12.4,15.4,16.5,15.7,1022.35,0.0,2.0,3.0,135.0,,,,,,,,,
Engenho,AcuRite Iris®,2026/16/06 00:05,12.7,82.0,12.4,15.2,16.3,15.5,1022.01,0.0,5.0,3.0,135.0,,,,,,,,,
Engenho,AcuRite Iris®,2026/16/06 00:10,12.9,82.0,12.7,15.5,16.6,15.7,1022.35,0.0,2.0,3.0,135.0,,,,,,,,,
Engenho,AcuRite Iris®,2026/16/06 00:15,12.9,82.0,12.7,15.5,16.6,15.7,1022.01,0.0,5.0,3.0,135.0,,,,,,,,,
Engenho,AcuRite Iris®,2026/16/06 00:20,12.7,82.0,12.4,15.2,16.3,15.5,1022.01,0.0,6.0,3.0,135.0,,,,,,,,,
Engenho,AcuRite Iris®,2026/16/06 00:25,12.7,82.0,12.4,15.2,15.6,15.5,1022.01,0.0,5.0,5.0,135.0,,,,,,,,,
Engenho,AcuRite Iris®,2026/16/06 00:30,12.8,81.0,12.3,15.3,16.3,15.6,1022.01,0.0,3.0,3.0,135.0,,,,,,,,,
Engenho,AcuRite Iris®,2026/16/06 00:35,13.1,80.0,12.4,15.6,16.7,15.9,1022.01,0.0,2.0,2.0,135.0,,,,,,,,,
Engenho,AcuRite Iris®,2026/16/06 00:40,12.8,80.0,12.2,15.3,16.3,15.6,1022.01,0.0,3.0,3.0,113.0,,,,,,,,,
Engenho,AcuRite Iris®,2026/16/06 00:45,12.7,80.0,12.1,15.2,15.4,15.5,1022.01,0.0,3.0,5.0,135.0,,,,,,,,,
Engenho,AcuRite Iris®,2026/16/06 00:50,12.8,80.0,12.2,15.3,16.3,15.6,1022.01,0.0,6.0,3.0,135.0,,,,,,,,,
Engenho,AcuRite Iris®,2026/16/06 00:55,12.8,80.0,12.2,15.3,16.3,15.6,1021.67,0.0,5.0,3.0,180.0,,,,,,,,,
Engenho,AcuRite Iris®,2026/16/06 01:00,12.7,79.0,11.9,15.2,16.1,15.5,1021.67,0.0,3.0,3.0,135.0,,,,,,,,,
Engenho,AcuRite Iris®,2026/16/06 01:05,12.8,79.0,12.0,15.3,15.5,15.6,1021.67,0.0,6.0,5.0,113.0,,,,,,,,,
Engenho,AcuRite Iris®,2026/16/06 01:10,12.7,79.0,11.9,15.2,15.4,15.5,1021.67,0.0,2.0,5.0,113.0,,,,,,,,,
Engenho,AcuRite Iris®,2026/16/06 01:15,12.8,79.0,12.0,15.3,15.5,15.6,1021.67,0.0,3.0,5.0,135.0,,,,,,,,,
Engenho,AcuRite Iris®,2026/16/06 01:20,12.9,79.0,12.1,15.4,16.4,15.7,1021.67,0.0,5.0,3.0,158.0,,,,,,,,,
Engenho,AcuRite Iris®,2026/16/06 01:25,13.0,79.0,12.2,15.5,16.4,15.8,1021.67,0.0,3.0,3.0,135.0,,,,,,,,,
Engenho,AcuRite Iris®,2026/16/06 01:30,12.7,79.0,11.9,15.2,16.1,15.5,1021.67,0.0,2.0,3.0,113.0,,,,,,,,,
Engenho,AcuRite Iris®,2026/16/06 01:35,13.0,78.0,11.9,15.4,16.4,15.8,1021.67,0.0,5.0,3.0,135.0,,,,,,,,,
Engenho,AcuRite Iris®,2026/16/06 01:40,12.9,78.0,11.9,15.4,16.3,15.7,1021.67,0.0,6.0,3.0,113.0,,,,,,,,,
Engenho,AcuRite Iris®,2026/16/06 01:45,13.0,78.0,11.9,15.4,16.4,15.8,1021.67,0.0,5.0,3.0,135.0,,,,,,,,,
Engenho,AcuRite Iris®,2026/16/06 01:50,13.0,78.0,11.9,15.4,16.4,15.8,1021.33,0.0,3.0,3.0,135.0,,,,,,,,,
Engenho,AcuRite Iris®,2026/16/06 01:55,13.1,78.0,12.1,15.6,16.5,15.9,1021.33,0.0,3.0,3.0,113.0,,,,,,,,,
Engenho,AcuRite Iris®,2026/16/06 02:00,13.0,78.0,11.9,15.4,16.4,15.8,1021.67,0.0,3.0,3.0,113.0,,,,,,,,,
Engenho,AcuRite Iris®,2026/16/06 02:05,13.1,78.0,12.1,15.6,16.5,15.9,1021.33,0.0,3.0,2.0,113.0,,,,,,,,,
Engenho,AcuRite Iris®,2026/16/06 02:10,13.0,78.0,11.9,15.4,16.4,15.8,1021.33,0.0,3.0,2.0,113.0,,,,,,,,,
Engenho,AcuRite Iris®,2026/16/06 02:15,12.9,78.0,11.9,15.4,16.3,15.7,1021.33,0.0,3.0,3.0,113.0,,,,,,,,,
Engenho,AcuRite Iris®,2026/16/06 02:20,13.1,78.0,12.1,15.6,16.5,15.9,1021.33,0.0,2.0,2.0,113.0,,,,,,,,,
Engenho,AcuRite Iris®,2026/16/06 02:25,13.1,78.0,12.1,15.6,16.5,15.9,1021.33,0.0,2.0,2.0,113.0,,,,,,,,,
Engenho,AcuRite Iris®,2026/16/06 02:30,13.5,77.0,12.2,15.9,16.9,16.3,1021.33,0.0,2.0,0.0,113.0,,,,,,,,,
Engenho,AcuRite Iris®,2026/16/06 02:35,13.5,77.0,12.2,15.9,16.9,16.3,1021.33,0.0,0.0,0.0,113.0,,,,,,,,,
Engenho,AcuRite Iris®,2026/16/06 02:40,13.5,76.0,12.1,15.9,16.9,16.3,1021.33,0.0,0.0,0.0,113.0,,,,,,,,,
Engenho,AcuRite Iris®,2026/16/06 02:45,13.6,76.0,12.2,16.1,17.1,16.4,1021.33,0.0,0.0,0.0,113.0,,,,,,,,,
Engenho,AcuRite Iris®,2026/16/06 02:50,13.2,77.0,11.9,15.7,16.6,16.0,1021.33,0.0,2.0,2.0,113.0,,,,,,,,,
Engenho,AcuRite Iris®,2026/16/06 02:55,13.0,78.0,11.9,15.4,16.4,15.8,1021.33,0.0,5.0,3.0,113.0,,,,,,,,,
Engenho,AcuRite Iris®,2026/16/06 03:00,12.8,79.0,12.0,15.3,15.5,15.6,1021.33,0.0,5.0,5.0,113.0,,,,,,,,,
Engenho,AcuRite Iris®,2026/16/06 03:05,12.9,79.0,12.1,15.4,16.4,15.7,1021.33,0.0,5.0,3.0,113.0,,,,,,,,,
Engenho,AcuRite Iris®,2026/16/06 03:10,13.0,79.0,12.2,15.5,16.4,15.8,1021.33,0.0,2.0,3.0,113.0,,,,,,,,,
Engenho,AcuRite Iris®,2026/16/06 03:15,13.0,79.0,12.2,15.5,16.4,15.8,1021.33,0.0,2.0,3.0,113.0,,,,,,,,,
Engenho,AcuRite Iris®,2026/16/06 03:20,13.0,78.0,11.9,15.4,16.4,15.8,1021.33,0.0,5.0,3.0,113.0,,,,,,,,,
Engenho,AcuRite Iris®,2026/16/06 03:25,12.9,78.0,11.9,15.4,16.3,15.7,1021.33,0.0,3.0,3.0,113.0,,,,,,,,,
Engenho,AcuRite Iris®,2026/16/06 03:30,13.1,78.0,12.1,15.6,16.5,15.9,1021.33,0.0,5.0,2.0,113.0,,,,,,,,,
Engenho,AcuRite Iris®,2026/16/06 03:35,13.1,78.0,12.1,15.6,16.5,15.9,1021.33,0.0,3.0,2.0,135.0,,,,,,,,,
Engenho,AcuRite Iris®,2026/16/06 03:40,13.2,78.0,12.2,15.7,16.7,16.0,1021.33,0.0,2.0,2.0,113.0,,,,,,,,,
Engenho,AcuRite Iris®,2026/16/06 03:45,13.1,78.0,12.1,15.6,16.5,15.9,1021.33,0.0,3.0,2.0,113.0,,,,,,,,,
Engenho,AcuRite Iris®,2026/16/06 03:50,13.2,78.0,12.2,15.7,16.7,16.0,1021.33,0.0,0.0,2.0,113.0,,,,,,,,,
Engenho,AcuRite Iris®,2026/16/06 03:55,13.2,77.0,11.9,15.7,16.6,16.0,1021.33,0.0,5.0,2.0,113.0,,,,,,,,,
Engenho,AcuRite Iris®,2026/16/06 04:00,13.2,77.0,11.9,15.7,16.6,16.0,1021.0,0.0,2.0,2.0,113.0,,,,,,,,,
Engenho,AcuRite Iris®,2026/16/06 04:05,13.2,77.0,11.9,15.7,16.6,16.0,1021.0,0.0,3.0,2.0,113.0,,,,,,,,,
Engenho,AcuRite Iris®,2026/16/06 04:10,13.2,77.0,11.9,15.7,16.6,16.0,1021.0,0.0,3.0,2.0,113.0,,,,,,,,,
Engenho,AcuRite Iris®,2026/16/06 04:15,13.4,78.0,12.4,15.9,16.9,16.2,1021.0,0.0,0.0,0.0,113.0,,,,,,,,,
Engenho,AcuRite Iris®,2026/16/06 04:20,13.6,77.0,12.3,16.1,17.1,16.4,1021.0,0.0,0.0,0.0,113.0,,,,,,,,,
Engenho,AcuRite Iris®,2026/16/06 04:25,13.6,77.0,12.3,16.1,17.1,16.4,1021.0,0.0,2.0,0.0,113.0,,,,,,,,,
Engenho,AcuRite Iris®,2026/16/06 04:30,13.2,78.0,12.2,15.7,16.7,16.0,1021.0,0.0,2.0,2.0,113.0,,,,,,,,,
Engenho,AcuRite Iris®,2026/16/06 04:35,13.0,78.0,11.9,15.4,16.4,15.8,1021.0,0.0,2.0,2.0,135.0,,,,,,,,,
Engenho,AcuRite Iris®,2026/16/06 04:40,13.0,78.0,11.9,15.4,16.4,15.8,1021.0,0.0,5.0,3.0,135.0,,,,,,,,,
Engenho,AcuRite Iris®,2026/16/06 04:45,13.0,78.0,11.9,15.4,16.4,15.8,1021.0,0.0,2.0,3.0,135.0,,,,,,,,,
Engenho,AcuRite Iris®,2026/16/06 04:50,13.2,78.0,12.2,15.7,16.7,16.0,1021.0,0.0,0.0,2.0,135.0,,,,,,,,,
Engenho,AcuRite Iris®,2026/16/06 04:55,12.9,79.0,12.1,15.4,16.4,15.7,1020.66,0.0,2.0,2.0,135.0,,,,,,,,,
Engenho,AcuRite Iris®,2026/16/06 05:00,12.9,79.0,12.1,15.4,16.4,15.7,1020.66,0.0,2.0,2.0,135.0,,,,,,,,,
Engenho,AcuRite Iris®,2026/16/06 05:05,12.6,80.0,11.9,15.1,16.0,15.4,1021.0,0.0,2.0,2.0,135.0,,,,,,,,,
Engenho,AcuRite Iris®,2026/16/06 05:10,12.5,81.0,12.1,15.0,15.9,15.3,1020.66,0.0,2.0,2.0,135.0,,,,,,,,,
Engenho,AcuRite Iris®,2026/16/06 05:15,12.6,81.0,12.2,15.1,16.1,15.4,1021.0,0.0,2.0,0.0,135.0,,,,,,,,,
Engenho,AcuRite Iris®,2026/16/06 05:20,12.7,81.0,12.3,15.2,16.2,15.5,1020.66,0.0,0.0,0.0,135.0,,,,,,,,,
Engenho,AcuRite Iris®,2026/16/06 05:25,12.9,80.0,12.3,15.4,16.4,15.7,1020.66,0.0,0.0,0.0,135.0,,,,,,,,,
Engenho,AcuRite Iris®,2026/16/06 05:30,12.3,82.0,12.1,14.8,15.7,15.1,1020.66,0.0,3.0,2.0,135.0,,,,,,,,,
Engenho,AcuRite Iris®,2026/16/06 05:35,12.2,82.0,11.9,14.7,15.6,15.0,1020.66,0.0,0.0,0.0,135.0,,,,,,,,,
Engenho,AcuRite Iris®,2026/16/06 05:40,12.8,81.0,12.3,15.3,16.3,15.6,1021.0,0.0,0.0,0.0,135.0,,,,,,,,,
Engenho,AcuRite Iris®,2026/16/06 05:45,12.9,80.0,12.3,15.4,16.4,15.7,1021.0,0.0,0.0,0.0,135.0,,,,,,,,,
Engenho,AcuRite Iris®,2026/16/06 05:50,12.3,81.0,11.9,14.8,15.7,15.1,1021.0,0.0,0.0,0.0,135.0,,,,,,,,,
Engenho,AcuRite Iris®,2026/16/06 05:55,12.5,81.0,12.1,15.0,15.9,15.3,1021.0,0.0,0.0,0.0,135.0,,,,,,,,,
Engenho,AcuRite Iris®,2026/16/06 06:00,12.6,80.0,11.9,15.1,16.0,15.4,1021.0,0.0,0.0,0.0,135.0,,,,,,,,,
Engenho,AcuRite Iris®,2026/16/06 06:05,12.5,81.0,12.1,15.0,15.9,15.3,1021.0,0.0,0.0,0.0,135.0,,,,,,,,,
Engenho,AcuRite Iris®,2026/16/06 06:10,12.7,80.0,12.1,15.2,16.2,15.5,1021.0,0.0,0.0,0.0,135.0,,,,,,,,,
Engenho,AcuRite Iris®,2026/16/06 06:15,12.7,80.0,12.1,15.2,16.2,15.5,1021.0,0.0,0.0,0.0,135.0,,,,,,,,,
Engenho,AcuRite Iris®,2026/16/06 06:20,12.5,80.0,11.8,14.9,15.8,15.3,1021.0,0.0,0.0,0.0,135.0,,,,,,,,,
Engenho,AcuRite Iris®,2026/16/06 06:25,12.4,81.0,12.0,14.9,15.8,15.2,1021.0,0.0,0.0,0.0,135.0,,,,,,,,,
Engenho,AcuRite Iris®,2026/16/06 06:30,11.9,82.0,11.7,14.4,15.2,14.7,1021.33,0.0,0.0,0.0,135.0,,,,,,,,,
Engenho,AcuRite Iris®,2026/16/06 06:35,12.0,83.0,11.9,14.5,15.4,14.8,1021.33,0.0,0.0,0.0,135.0,,,,,,,,,
Engenho,AcuRite Iris®,2026/16/06 06:40,11.6,83.0,11.6,14.1,14.9,14.4,1021.33,0.0,0.0,0.0,135.0,,,,,,,,,
Engenho,AcuRite Iris®,2026/16/06 06:45,11.2,84.0,11.3,13.7,14.4,14.0,1021.33,0.0,2.0,0.0,135.0,,,,,,,,,
Engenho,AcuRite Iris®,2026/16/06 06:50,11.2,85.0,11.5,13.7,14.5,14.0,1021.33,0.0,3.0,2.0,135.0,,,,,,,,,
Engenho,AcuRite Iris®,2026/16/06 06:55,11.5,85.0,11.8,14.0,14.8,14.3,1021.67,0.0,2.0,2.0,135.0,,,,,,,,,
Engenho,AcuRite Iris®,2026/16/06 07:00,11.9,83.0,11.9,14.4,15.3,14.7,1021.67,0.0,0.0,0.0,135.0,,,,,,,,,
Engenho,AcuRite Iris®,2026/16/06 07:05,11.8,83.0,11.8,14.3,15.2,14.6,1021.67,0.0,0.0,0.0,135.0,,,,,,,,,
Engenho,AcuRite Iris®,2026/16/06 07:10,12.0,83.0,11.9,14.5,15.4,14.8,1021.67,0.0,0.0,0.0,135.0,,,,,,,,,
Engenho,AcuRite Iris®,2026/16/06 07:15,12.1,83.0,12.0,14.6,15.5,14.9,1021.67,0.0,0.0,0.0,135.0,,,,,,,,,
Engenho,AcuRite Iris®,2026/16/06 07:20,12.3,82.0,12.1,14.8,15.7,15.1,1021.67,0.0,0.0,0.0,135.0,,,,,,,,,
Engenho,AcuRite Iris®,2026/16/06 07:25,12.3,82.0,12.1,14.8,15.7,15.1,1022.01,0.0,0.0,0.0,135.0,,,,,,,,,
Engenho,AcuRite Iris®,2026/16/06 07:30,12.6,81.0,12.2,15.1,16.1,15.4,1021.67,0.0,0.0,0.0,135.0,,,,,,,,,
Engenho,AcuRite Iris®,2026/16/06 07:35,12.8,80.0,12.2,15.3,16.3,15.6,1022.01,0.0,0.0,0.0,135.0,,,,,,,,,
Engenho,AcuRite Iris®,2026/16/06 07:40,12.7,80.0,12.1,15.2,16.2,15.5,1021.67,0.0,0.0,0.0,135.0,,,,,,,,,
Engenho,AcuRite Iris®,2026/16/06 07:45,13.1,79.0,12.2,15.6,16.6,15.9,1022.01,0.0,0.0,0.0,135.0,,,,,,,,,
Engenho,AcuRite Iris®,2026/16/06 07:50,13.8,77.0,12.6,16.3,17.4,16.6,1022.01,0.0,0.0,0.0,135.0,,,,,,,,,
Engenho,AcuRite Iris®,2026/16/06 07:55,13.9,76.0,12.4,16.4,17.5,16.7,1022.01,0.0,3.0,0.0,135.0,,,,,,,,,
Engenho,AcuRite Iris®,2026/16/06 08:00,13.8,77.0,12.6,16.3,17.4,16.6,1022.01,0.0,3.0,3.0,135.0,,,,,,,,,
Engenho,AcuRite Iris®,2026/16/06 08:05,14.1,76.0,12.6,16.6,17.7,16.9,1022.01,0.0,2.0,2.0,135.0,,,,,,,,,
Engenho,AcuRite Iris®,2026/16/06 08:10,14.1,76.0,12.6,16.6,17.0,16.9,1022.01,0.0,3.0,5.0,113.0,,,,,,,,,
Engenho,AcuRite Iris®,2026/16/06 08:15,14.4,76.0,12.9,17.0,18.2,17.2,1022.01,0.0,2.0,2.0,113.0,,,,,,,,,
Engenho,AcuRite Iris®,2026/16/06 08:20,14.6,75.0,12.9,17.2,18.3,17.4,1022.01,0.0,3.0,2.0,113.0,,,,,,,,,
Engenho,AcuRite Iris®,2026/16/06 08:25,14.8,74.0,12.9,17.3,18.5,17.6,1022.01,0.0,0.0,2.0,113.0,,,,,,,,,
Engenho,AcuRite Iris®,2026/16/06 08:30,15.2,73.0,13.1,17.8,18.9,18.0,1022.35,0.0,3.0,3.0,135.0,,,,,,,,,
Engenho,AcuRite Iris®,2026/16/06 08:35,15.1,73.0,13.0,17.7,18.1,17.9,1022.35,0.0,5.0,5.0,135.0,,,,,,,,,
Engenho,AcuRite Iris®,2026/16/06 08:40,15.6,72.0,13.2,18.2,19.4,18.4,1022.35,0.0,2.0,2.0,135.0,,,,,,,,,
Engenho,AcuRite Iris®,2026/16/06 08:45,16.7,70.0,13.9,19.3,20.7,19.5,1022.35,0.0,2.0,2.0,135.0,,,,,,,,,
Engenho,AcuRite Iris®,2026/16/06 08:50,17.1,69.0,14.0,19.7,21.2,19.9,1022.35,0.0,0.0,2.0,135.0,,,,,,,,,
Engenho,AcuRite Iris®,2026/16/06 08:55,17.8,67.0,14.3,20.5,21.9,20.6,1022.35,0.0,2.0,0.0,135.0,,,,,,,,,
Engenho,AcuRite Iris®,2026/16/06 09:00,18.6,66.0,14.8,21.3,22.9,21.4,1022.35,0.0,0.0,0.0,135.0,,,,,,,,,
Engenho,AcuRite Iris®,2026/16/06 09:05,19.5,65.0,15.4,22.3,24.1,22.3,1022.35,0.0,0.0,0.0,135.0,,,,,,,,,
Engenho,AcuRite Iris®,2026/16/06 09:10,19.6,65.0,15.5,22.4,24.2,22.4,1022.35,0.0,0.0,0.0,135.0,,,,,,,,,
Engenho,AcuRite Iris®,2026/16/06 09:15,19.8,64.0,15.4,22.6,24.4,22.6,1022.35,0.0,0.0,0.0,135.0,,,,,,,,,
Engenho,AcuRite Iris®,2026/16/06 09:20,19.1,65.0,15.0,21.8,23.5,21.9,1022.35,0.0,2.0,0.0,135.0,,,,,,,,,
Engenho,AcuRite Iris®,2026/16/06 09:25,20.0,64.0,15.6,22.8,24.6,22.8,1022.69,0.0,2.0,0.0,135.0,,,,,,,,,
Engenho,AcuRite Iris®,2026/16/06 09:30,20.4,64.0,16.0,23.3,25.2,23.2,1022.35,0.0,0.0,0.0,135.0,,,,,,,,,
Engenho,AcuRite Iris®,2026/16/06 09:35,19.7,65.0,15.6,22.5,24.3,22.5,1022.35,0.0,3.0,0.0,135.0,,,,,,,,,
Engenho,AcuRite Iris®,2026/16/06 09:40,20.6,64.0,16.2,23.4,25.4,23.4,1022.35,0.0,2.0,2.0,135.0,,,,,,,,,
Engenho,AcuRite Iris®,2026/16/06 09:45,19.2,67.0,15.6,22.0,23.8,22.0,1022.35,0.0,2.0,0.0,135.0,,,,,,,,,
Engenho,AcuRite Iris®,2026/16/06 09:50,16.5,71.0,13.9,19.1,20.5,19.3,1022.35,0.0,3.0,0.0,203.0,,,,,,,,,
Engenho,AcuRite Iris®,2026/16/06 09:55,16.4,72.0,14.1,19.1,20.5,19.2,1022.35,0.0,2.0,0.0,113.0,,,,,,,,,
Engenho,AcuRite Iris®,2026/16/06 10:00,16.6,71.0,14.0,19.2,20.7,19.4,1022.35,0.0,2.0,0.0,113.0,,,,,,,,,
Engenho,AcuRite Iris®,2026/16/06 10:05,16.5,71.0,13.9,19.1,20.5,19.3,1022.35,0.0,0.0,0.0,113.0,,,,,,,,,
Engenho,AcuRite Iris®,2026/16/06 10:10,16.1,71.0,13.5,18.7,20.0,18.9,1022.35,0.0,3.0,2.0,203.0,,,,,,,,,
Engenho,AcuRite Iris®,2026/16/06 10:15,16.0,72.0,13.6,18.6,19.9,18.8,1022.35,0.0,2.0,2.0,203.0,,,,,,,,,
Engenho,AcuRite Iris®,2026/16/06 10:20,16.2,72.0,13.8,18.8,20.2,19.0,1022.35,0.0,3.0,3.0,248.0,,,,,,,,,
Engenho,AcuRite Iris®,2026/16/06 10:25,16.1,72.0,13.7,18.7,20.1,18.9,1022.35,0.0,3.0,2.0,270.0,,,,,,,,,
Engenho,AcuRite Iris®,2026/16/06 10:30,16.2,72.0,13.8,18.8,20.2,19.0,1022.35,0.0,3.0,2.0,270.0,,,,,,,,,
Engenho,AcuRite Iris®,2026/16/06 10:35,16.5,72.0,14.1,19.2,20.6,19.3,1022.35,0.0,5.0,2.0,270.0,,,,,,,,,
Engenho,AcuRite Iris®,2026/16/06 10:40,16.1,72.0,13.7,18.7,20.1,18.9,1022.01,0.0,3.0,2.0,248.0,,,,,,,,,
Engenho,AcuRite Iris®,2026/16/06 10:45,16.0,72.0,13.6,18.6,19.9,18.8,1022.01,0.0,0.0,2.0,248.0,,,,,,,,,
Engenho,AcuRite Iris®,2026/16/06 10:50,16.4,72.0,14.1,19.1,20.5,19.2,1022.01,0.0,3.0,2.0,248.0,,,,,,,,,
Engenho,AcuRite Iris®,2026/16/06 10:55,16.3,72.0,13.9,18.9,20.3,19.1,1022.01,0.0,5.0,3.0,270.0,,,,,,,,,
Engenho,AcuRite Iris®,2026/16/06 11:00,16.5,72.0,14.1,19.2,20.6,19.3,1022.01,0.0,6.0,2.0,270.0,,,,,,,,,
Engenho,AcuRite Iris®,2026/16/06 11:05,16.2,72.0,13.8,18.8,20.2,19.0,1022.01,0.0,3.0,3.0,248.0,,,,,,,,,
Engenho,AcuRite Iris®,2026/16/06 11:10,16.2,72.0,13.8,18.8,19.5,19.0,1021.67,0.0,3.0,5.0,270.0,,,,,,,,,
Engenho,AcuRite Iris®,2026/16/06 11:15,16.7,72.0,14.3,19.4,20.9,19.5,1021.67,0.0,3.0,3.0,248.0,,,,,,,,,
Engenho,AcuRite Iris®,2026/16/06 11:20,16.7,71.0,14.1,19.3,20.8,19.5,1021.67,0.0,3.0,3.0,270.0,,,,,,,,,
Engenho,AcuRite Iris®,2026/16/06 11:25,16.5,72.0,14.1,19.2,20.6,19.3,1021.67,0.0,5.0,3.0,248.0,,,,,,,,,
Engenho,AcuRite Iris®,2026/16/06 11:30,16.6,72.0,14.2,19.3,20.7,19.4,1021.67,0.0,5.0,3.0,248.0,,,,,,,,,
Engenho,AcuRite Iris®,2026/16/06 11:35,16.7,72.0,14.3,19.4,20.2,19.5,1021.33,0.0,6.0,5.0,248.0,,,,,,,,,
Engenho,AcuRite Iris®,2026/16/06 11:40,16.7,72.0,14.3,19.4,20.9,19.5,1021.33,0.0,3.0,3.0,248.0,,,,,,,,,
Engenho,AcuRite Iris®,2026/16/06 11:45,16.4,71.0,13.8,19.1,20.4,19.2,1021.33,0.0,3.0,3.0,270.0,,,,,,,,,
Engenho,AcuRite Iris®,2026/16/06 11:50,16.4,71.0,13.8,19.1,20.4,19.2,1021.33,0.0,5.0,3.0,225.0,,,,,,,,,
Engenho,AcuRite Iris®,2026/16/06 11:55,16.6,71.0,14.0,19.2,20.7,19.4,1021.33,0.0,3.0,2.0,248.0,,,,,,,,,
Engenho,AcuRite Iris®,2026/16/06 12:00,16.6,72.0,14.2,19.3,20.7,19.4,1021.33,0.0,2.0,3.0,270.0,,,,,,,,,
Engenho,AcuRite Iris®,2026/16/06 12:05,16.5,72.0,14.1,19.2,20.6,19.3,1021.0,0.0,3.0,3.0,248.0,,,,,,,,,
Engenho,AcuRite Iris®,2026/16/06 12:10,16.9,72.0,14.5,19.6,20.4,19.7,1021.33,0.0,6.0,5.0,270.0,,,,,,,,,
Engenho,AcuRite Iris®,2026/16/06 12:15,16.8,72.0,14.4,19.5,21.0,19.6,1021.0,0.0,5.0,3.0,248.0,,,,,,,,,
Engenho,AcuRite Iris®,2026/16/06 12:20,16.6,72.0,14.2,19.3,20.7,19.4,1021.0,0.0,3.0,3.0,270.0,,,,,,,,,
Engenho,AcuRite Iris®,2026/16/06 12:25,16.8,72.0,14.4,19.5,21.0,19.6,1021.0,0.0,3.0,3.0,270.0,,,,,,,,,
Engenho,AcuRite Iris®,2026/16/06 12:30,16.3,72.0,13.9,18.9,20.3,19.1,1020.66,0.0,3.0,3.0,270.0,,,,,,,,,
Engenho,AcuRite Iris®,2026/16/06 12:35,16.3,72.0,13.9,18.9,19.7,19.1,1020.66,0.0,5.0,5.0,270.0,,,,,,,,,
Engenho,AcuRite Iris®,2026/16/06 12:40,16.2,72.0,13.8,18.8,19.5,19.0,1020.66,0.0,3.0,5.0,248.0,,,,,,,,,
Engenho,AcuRite Iris®,2026/16/06 12:45,17.9,70.0,15.1,20.7,21.7,20.7,1020.32,0.0,6.0,5.0,225.0,,,,,,,,,
Engenho,AcuRite Iris®,2026/16/06 12:50,18.0,70.0,15.1,20.7,22.4,20.8,1020.32,0.0,3.0,3.0,225.0,,,,,,,,,
Engenho,AcuRite Iris®,2026/16/06 12:55,18.0,70.0,15.1,20.7,22.4,20.8,1020.32,0.0,5.0,3.0,248.0,,,,,,,,,
Engenho,AcuRite Iris®,2026/16/06 13:00,17.7,70.0,14.8,20.4,21.3,20.5,1020.32,0.0,3.0,5.0,270.0,,,,,,,,,
Engenho,AcuRite Iris®,2026/16/06 13:05,17.9,70.0,15.1,20.7,22.3,20.7,1019.98,0.0,5.0,3.0,270.0,,,,,,,,,
Engenho,AcuRite Iris®,2026/16/06 13:10,17.8,70.0,14.9,20.6,22.2,20.6,1019.98,0.0,3.0,3.0,270.0,,,,,,,,,
Engenho,AcuRite Iris®,2026/16/06 13:15,17.7,71.0,15.1,20.4,22.1,20.5,1019.98,0.0,5.0,3.0,248.0,,,,,,,,,
Engenho,AcuRite Iris®,2026/16/06 13:20,17.5,71.0,14.8,20.2,21.8,20.3,1019.64,0.0,5.0,3.0,270.0,,,,,,,,,
Engenho,AcuRite Iris®,2026/16/06 13:25,17.6,71.0,14.9,20.3,22.0,20.4,1019.64,0.0,6.0,3.0,270.0,,,,,,,,,
Engenho,AcuRite Iris®,2026/16/06 13:30,17.4,72.0,15.0,20.2,21.8,20.2,1019.64,0.0,5.0,3.0,248.0,,,,,,,,,
Engenho,AcuRite Iris®,2026/16/06 13:35,17.2,73.0,15.0,19.9,21.6,20.0,1019.64,0.0,3.0,3.0,270.0,,,,,,,,,
Engenho,AcuRite Iris®,2026/16/06 13:40,17.3,72.0,14.9,20.1,21.7,20.1,1019.64,0.0,5.0,3.0,248.0,,,,,,,,,
Engenho,AcuRite Iris®,2026/16/06 13:45,17.2,73.0,15.0,19.9,21.6,20.0,1019.64,0.0,5.0,3.0,248.0,,,,,,,,,
Engenho,AcuRite Iris®,2026/16/06 13:50,17.2,72.0,14.8,19.9,21.6,20.0,1019.3,0.0,3.0,3.0,248.0,,,,,,,,,
Engenho,AcuRite Iris®,2026/16/06 13:55,17.2,72.0,14.8,19.9,21.6,20.0,1019.3,0.0,3.0,3.0,248.0,,,,,,,,,
Engenho,AcuRite Iris®,2026/16/06 14:00,17.2,73.0,15.0,19.9,21.6,20.0,1019.3,0.0,5.0,3.0,270.0,,,,,,,,,
Engenho,AcuRite Iris®,2026/16/06 14:05,17.3,73.0,15.1,20.1,21.8,20.1,1019.3,0.0,2.0,3.0,270.0,,,,,,,,,
Engenho,AcuRite Iris®,2026/16/06 14:10,17.2,73.0,15.0,19.9,21.6,20.0,1019.3,0.0,3.0,3.0,270.0,,,,,,,,,
Engenho,AcuRite Iris®,2026/16/06 14:15,17.4,73.0,15.2,20.2,21.9,20.2,1019.3,0.0,3.0,3.0,270.0,,,,,,,,,
Engenho,AcuRite Iris®,2026/16/06 14:20,17.2,73.0,15.0,19.9,21.6,20.0,1019.3,0.0,3.0,3.0,270.0,,,,,,,,,
Engenho,AcuRite Iris®,2026/16/06 14:25,17.4,73.0,15.2,20.2,21.9,20.2,1019.3,0.0,2.0,2.0,270.0,,,,,,,,,
Engenho,AcuRite Iris®,2026/16/06 14:30,17.3,73.0,15.1,20.1,21.8,20.1,1019.3,0.0,3.0,3.0,248.0,,,,,,,,,
Engenho,AcuRite Iris®,2026/16/06 14:35,17.2,73.0,15.0,19.9,21.6,20.0,1019.3,0.0,0.0,3.0,225.0,,,,,,,,,
Engenho,AcuRite Iris®,2026/16/06 14:40,17.2,73.0,15.0,19.9,21.6,20.0,1019.3,0.0,5.0,3.0,248.0,,,,,,,,,
Engenho,AcuRite Iris®,2026/16/06 14:45,17.2,73.0,15.0,19.9,21.6,20.0,1019.3,0.0,2.0,3.0,270.0,,,,,,,,,
Engenho,AcuRite Iris®,2026/16/06 14:50,17.4,73.0,15.2,20.2,21.9,20.2,1019.3,0.0,5.0,3.0,270.0,,,,,,,,,
Engenho,AcuRite Iris®,2026/16/06 14:55,17.2,73.0,15.0,19.9,21.6,20.0,1019.3,0.0,3.0,3.0,270.0,,,,,,,,,
Engenho,AcuRite Iris®,2026/16/06 15:00,17.3,73.0,15.1,20.1,21.8,20.1,1019.3,0.0,5.0,3.0,248.0,,,,,,,,,
Engenho,AcuRite Iris®,2026/16/06 15:05,17.3,73.0,15.1,20.1,21.8,20.1,1019.3,0.0,8.0,2.0,270.0,,,,,,,,,
Engenho,AcuRite Iris®,2026/16/06 15:10,17.3,73.0,15.1,20.1,21.8,20.1,1019.3,0.0,2.0,2.0,270.0,,,,,,,,,
Engenho,AcuRite Iris®,2026/16/06 15:15,17.3,73.0,15.1,20.1,21.8,20.1,1019.3,0.0,6.0,2.0,270.0,,,,,,,,,
Engenho,AcuRite Iris®,2026/16/06 15:20,17.1,73.0,14.9,19.8,21.4,19.9,1019.3,0.0,3.0,2.0,270.0,,,,,,,,,
Engenho,AcuRite Iris®,2026/16/06 15:25,17.2,73.0,15.0,19.9,21.6,20.0,1019.3,0.0,0.0,3.0,248.0,,,,,,,,,
Engenho,AcuRite Iris®,2026/16/06 15:30,17.0,73.0,14.8,19.7,21.3,19.8,1019.3,0.0,5.0,3.0,248.0,,,,,,,,,
Engenho,AcuRite Iris®,2026/16/06 15:35,16.9,73.0,14.7,19.7,21.2,19.7,1019.3,0.0,3.0,3.0,270.0,,,,,,,,,
Engenho,AcuRite Iris®,2026/16/06 15:40,17.0,73.0,14.8,19.7,21.3,19.8,1018.96,0.0,5.0,2.0,270.0,,,,,,,,,
Engenho,AcuRite Iris®,2026/16/06 15:45,17.5,73.0,15.3,20.3,22.0,20.3,1018.96,0.0,3.0,2.0,248.0,,,,,,,,,
Engenho,AcuRite Iris®,2026/16/06 15:50,17.2,73.0,15.0,19.9,21.6,20.0,1018.96,0.0,0.0,2.0,270.0,,,,,,,,,
Engenho,AcuRite Iris®,2026/16/06 15:55,17.4,73.0,15.2,20.2,21.9,20.2,1018.96,0.0,5.0,2.0,270.0,,,,,,,,,
Engenho,AcuRite Iris®,2026/16/06 16:00,17.0,73.0,14.8,19.7,21.3,19.8,1018.96,0.0,5.0,3.0,270.0,,,,,,,,,
Engenho,AcuRite Iris®,2026/16/06 16:05,17.2,73.0,15.0,19.9,21.6,20.0,1018.96,0.0,2.0,3.0,270.0,,,,,,,,,
Engenho,AcuRite Iris®,2026/16/06 16:10,17.2,73.0,15.0,19.9,21.6,20.0,1018.96,0.0,3.0,2.0,225.0,,,,,,,,,
Engenho,AcuRite Iris®,2026/16/06 16:15,17.3,73.0,15.1,20.1,21.8,20.1,1018.96,0.0,5.0,2.0,225.0,,,,,,,,,
Engenho,AcuRite Iris®,2026/16/06 16:20,16.8,73.0,14.6,19.6,21.1,19.6,1018.96,0.0,3.0,3.0,248.0,,,,,,,,,
Engenho,AcuRite Iris®,2026/16/06 16:25,17.0,73.0,14.8,19.7,21.3,19.8,1018.96,0.0,5.0,3.0,270.0,,,,,,,,,
Engenho,AcuRite Iris®,2026/16/06 16:30,17.3,73.0,15.1,20.1,21.8,20.1,1018.96,0.0,5.0,2.0,270.0,,,,,,,,,
Engenho,AcuRite Iris®,2026/16/06 16:35,17.4,73.0,15.2,20.2,21.9,20.2,1019.3,0.0,0.0,2.0,270.0,,,,,,,,,
Engenho,AcuRite Iris®,2026/16/06 16:40,17.8,72.0,15.4,20.6,22.4,20.6,1019.3,0.0,0.0,0.0,270.0,,,,,,,,,
Engenho,AcuRite Iris®,2026/16/06 16:45,17.4,72.0,15.0,20.2,21.8,20.2,1018.96,0.0,0.0,0.0,270.0,,,,,,,,,
Engenho,AcuRite Iris®,2026/16/06 16:50,17.5,73.0,15.3,20.3,22.0,20.3,1019.3,0.0,2.0,0.0,270.0,,,,,,,,,
Engenho,AcuRite Iris®,2026/16/06 16:55,17.0,73.0,14.8,19.7,21.3,19.8,1019.3,0.0,0.0,0.0,270.0,,,,,,,,,
Engenho,AcuRite Iris®,2026/16/06 17:00,17.8,72.0,15.4,20.6,22.4,20.6,1019.3,0.0,0.0,0.0,270.0,,,,,,,,,
Engenho,AcuRite Iris®,2026/16/06 17:05,17.0,72.0,14.6,19.7,21.2,19.8,1019.3,0.0,0.0,2.0,270.0,,,,,,,,,
Engenho,AcuRite Iris®,2026/16/06 17:10,16.6,73.0,14.4,19.3,20.8,19.4,1019.64,0.0,3.0,2.0,23.0,,,,,,,,,
Engenho,AcuRite Iris®,2026/16/06 17:15,16.6,73.0,14.4,19.3,20.8,19.4,1019.3,0.0,0.0,2.0,23.0,,,,,,,,,
Engenho,AcuRite Iris®,2026/16/06 17:20,16.6,73.0,14.4,19.3,20.8,19.4,1019.3,0.0,2.0,0.0,23.0,,,,,,,,,
Engenho,AcuRite Iris®,2026/16/06 17:25,16.7,73.0,14.5,19.4,20.9,19.5,1019.3,0.0,0.0,0.0,23.0,,,,,,,,,
Engenho,AcuRite Iris®,2026/16/06 17:30,16.4,73.0,14.3,19.1,20.6,19.2,1019.64,0.0,0.0,0.0,23.0,,,,,,,,,
Engenho,AcuRite Iris®,2026/16/06 17:35,15.8,74.0,13.9,18.4,19.8,18.6,1019.64,0.0,2.0,2.0,23.0,,,,,,,,,
Engenho,AcuRite Iris®,2026/16/06 17:40,15.6,74.0,13.7,18.2,19.6,18.4,1019.64,0.0,2.0,0.0,23.0,,,,,,,,,
Engenho,AcuRite Iris®,2026/16/06 17:45,15.8,74.0,13.9,18.4,19.8,18.6,1019.64,0.0,0.0,0.0,23.0,,,,,,,,,
Engenho,AcuRite Iris®,2026/16/06 17:50,15.5,74.0,13.6,18.1,19.4,18.3,1019.64,0.0,2.0,0.0,23.0,,,,,,,,,
Engenho,AcuRite Iris®,2026/16/06 17:55,15.3,74.0,13.4,17.9,19.2,18.1,1019.64,0.0,2.0,0.0,23.0,,,,,,,,,
Engenho,AcuRite Iris®,2026/16/06 18:00,15.2,74.0,13.3,17.8,19.1,18.0,1019.64,0.0,2.0,2.0,23.0,,,,,,,,,
Engenho,AcuRite Iris®,2026/16/06 18:05,15.3,74.0,13.4,17.9,19.2,18.1,1019.98,0.0,2.0,0.0,23.0,,,,,,,,,
Engenho,AcuRite Iris®,2026/16/06 18:10,15.2,74.0,13.3,17.8,19.1,18.0,1019.98,0.0,2.0,0.0,23.0,,,,,,,,,
Engenho,AcuRite Iris®,2026/16/06 18:15,15.3,74.0,13.4,17.9,19.2,18.1,1019.98,0.0,0.0,2.0,23.0,,,,,,,,,
Engenho,AcuRite Iris®,2026/16/06 18:20,15.3,74.0,13.4,17.9,19.2,18.1,1019.98,0.0,2.0,0.0,23.0,,,,,,,,,
Engenho,AcuRite Iris®,2026/16/06 18:25,15.4,74.0,13.5,18.1,19.3,18.2,1020.32,0.0,0.0,0.0,23.0,,,,,,,,,
Engenho,AcuRite Iris®,2026/16/06 18:30,15.8,73.0,13.7,18.4,19.8,18.6,1020.32,0.0,0.0,0.0,23.0,,,,,,,,,
Engenho,AcuRite Iris®,2026/16/06 18:35,15.3,74.0,13.4,17.9,19.2,18.1,1020.32,0.0,3.0,2.0,23.0,,,,,,,,,
Engenho,AcuRite Iris®,2026/16/06 18:40,15.4,74.0,13.5,18.1,19.3,18.2,1020.32,0.0,2.0,2.0,23.0,,,,,,,,,
Engenho,AcuRite Iris®,2026/16/06 18:45,15.2,74.0,13.3,17.8,19.1,18.0,1020.32,0.0,0.0,2.0,23.0,,,,,,,,,
Engenho,AcuRite Iris®,2026/16/06 18:50,15.2,74.0,13.3,17.8,19.1,18.0,1020.66,0.0,0.0,0.0,23.0,,,,,,,,,
Engenho,AcuRite Iris®,2026/16/06 18:55,15.4,74.0,13.5,18.1,19.3,18.2,1020.66,0.0,2.0,0.0,23.0,,,,,,,,,
Engenho,AcuRite Iris®,2026/16/06 19:00,15.6,73.0,13.4,18.2,19.4,18.4,1020.66,0.0,2.0,2.0,23.0,,,,,,,,,
Engenho,AcuRite Iris®,2026/16/06 19:05,15.7,73.0,13.6,18.3,19.6,18.5,1020.66,0.0,0.0,2.0,23.0,,,,,,,,,
Engenho,AcuRite Iris®,2026/16/06 19:10,16.0,72.0,13.6,18.6,19.9,18.8,1020.66,0.0,0.0,0.0,23.0,,,,,,,,,
Engenho,AcuRite Iris®,2026/16/06 19:15,16.1,72.0,13.7,18.7,20.1,18.9,1020.66,0.0,0.0,0.0,23.0,,,,,,,,,
Engenho,AcuRite Iris®,2026/16/06 19:20,15.5,73.0,13.3,18.1,19.3,18.3,1020.66,0.0,0.0,0.0,23.0,,,,,,,,,
Engenho,AcuRite Iris®,2026/16/06 19:25,15.3,74.0,13.4,17.9,19.2,18.1,1020.66,0.0,0.0,0.0,23.0,,,,,,,,,
Engenho,AcuRite Iris®,2026/16/06 19:30,15.5,74.0,13.6,18.1,19.4,18.3,1021.0,0.0,2.0,0.0,23.0,,,,,,,,,
Engenho,AcuRite Iris®,2026/16/06 19:35,15.3,74.0,13.4,17.9,19.2,18.1,1021.0,0.0,3.0,0.0,23.0,,,,,,,,,
Engenho,AcuRite Iris®,2026/16/06 19:40,15.1,75.0,13.4,17.7,18.9,17.9,1021.0,0.0,0.0,0.0,23.0,,,,,,,,,
Engenho,AcuRite Iris®,2026/16/06 19:45,15.2,75.0,13.5,17.8,19.1,18.0,1021.0,0.0,0.0,0.0,23.0,,,,,,,,,
Engenho,AcuRite Iris®,2026/16/06 19:50,15.6,73.0,13.4,18.2,19.4,18.4,1021.0,0.0,0.0,0.0,23.0,,,,,,,,,
Engenho,AcuRite Iris®,2026/16/06 19:55,15.4,73.0,13.3,18.0,19.3,18.2,1021.0,0.0,0.0,0.0,23.0,,,,,,,,,
Engenho,AcuRite Iris®,2026/16/06 20:00,15.4,74.0,13.5,18.1,19.3,18.2,1021.0,0.0,2.0,0.0,23.0,,,,,,,,,
Engenho,AcuRite Iris®,2026/16/06 20:05,15.3,74.0,13.4,17.9,19.2,18.1,1021.0,0.0,0.0,0.0,23.0,,,,,,,,,
Engenho,AcuRite Iris®,2026/16/06 20:10,14.9,76.0,13.4,17.6,18.8,17.7,1021.33,0.0,2.0,2.0,23.0,,,,,,,,,
Engenho,AcuRite Iris®,2026/16/06 20:15,15.1,76.0,13.6,17.7,19.0,17.9,1021.0,0.0,3.0,2.0,23.0,,,,,,,,,
Engenho,AcuRite Iris®,2026/16/06 20:20,15.0,77.0,13.7,17.6,18.9,17.8,1021.0,0.0,3.0,2.0,23.0,,,,,,,,,
Engenho,AcuRite Iris®,2026/16/06 20:25,14.6,78.0,13.5,17.2,18.5,17.4,1021.33,0.0,3.0,3.0,23.0,,,,,,,,,
Engenho,AcuRite Iris®,2026/16/06 20:30,14.5,78.0,13.4,17.1,18.3,17.3,1021.0,0.0,6.0,3.0,23.0,,,,,,,,,
Engenho,AcuRite Iris®,2026/16/06 20:35,14.5,78.0,13.4,17.1,18.3,17.3,1021.33,0.0,5.0,3.0,23.0,,,,,,,,,
Engenho,AcuRite Iris®,2026/16/06 20:40,14.4,78.0,13.3,17.1,18.3,17.2,1021.33,0.0,5.0,3.0,23.0,,,,,,,,,
Engenho,AcuRite Iris®,2026/16/06 20:45,14.9,77.0,13.6,17.6,18.9,17.7,1021.33,0.0,2.0,2.0,23.0,,,,,,,,,
Engenho,AcuRite Iris®,2026/16/06 20:50,14.8,77.0,13.5,17.4,18.7,17.6,1021.33,0.0,0.0,0.0,23.0,,,,,,,,,
Engenho,AcuRite Iris®,2026/16/06 20:55,14.9,76.0,13.4,17.6,18.8,17.7,1021.0,0.0,3.0,0.0,23.0,,,,,,,,,
Engenho,AcuRite Iris®,2026/16/06 21:00,14.7,76.0,13.2,17.3,18.5,17.5,1021.33,0.0,3.0,2.0,23.0,,,,,,,,,
Engenho,AcuRite Iris®,2026/16/06 21:05,14.9,76.0,13.4,17.6,18.8,17.7,1021.33,0.0,0.0,2.0,23.0,,,,,,,,,
Engenho,AcuRite Iris®,2026/16/06 21:10,15.1,76.0,13.6,17.7,19.0,17.9,1021.33,0.0,0.0,2.0,23.0,,,,,,,,,
Engenho,AcuRite Iris®,2026/16/06 21:15,14.9,76.0,13.4,17.6,18.8,17.7,1021.33,0.0,0.0,0.0,23.0,,,,,,,,,
Engenho,AcuRite Iris®,2026/16/06 21:20,15.0,76.0,13.5,17.6,18.9,17.8,1021.33,0.0,2.0,0.0,23.0,,,,,,,,,
Engenho,AcuRite Iris®,2026/16/06 21:25,14.6,77.0,13.3,17.2,18.4,17.4,1021.33,0.0,2.0,3.0,23.0,,,,,,,,,
Engenho,AcuRite Iris®,2026/16/06 21:30,15.0,76.0,13.5,17.6,18.9,17.8,1021.33,0.0,0.0,2.0,23.0,,,,,,,,,
Engenho,AcuRite Iris®,2026/16/06 21:35,15.7,74.0,13.8,18.3,19.7,18.5,1021.33,0.0,0.0,0.0,23.0,,,,,,,,,
Engenho,AcuRite Iris®,2026/16/06 21:40,15.7,74.0,13.8,18.3,19.7,18.5,1021.33,0.0,0.0,0.0,23.0,,,,,,,,,
Engenho,AcuRite Iris®,2026/16/06 21:45,16.1,72.0,13.7,18.7,20.1,18.9,1021.33,0.0,0.0,0.0,23.0,,,,,,,,,
Engenho,AcuRite Iris®,2026/16/06 21:50,16.0,72.0,13.6,18.6,19.9,18.8,1021.33,0.0,0.0,0.0,23.0,,,,,,,,,
Engenho,AcuRite Iris®,2026/16/06 21:55,15.4,75.0,13.7,18.1,19.4,18.2,1021.33,0.0,2.0,0.0,23.0,,,,,,,,,
Engenho,AcuRite Iris®,2026/16/06 22:00,15.3,76.0,13.8,17.9,19.3,18.1,1021.33,0.0,3.0,2.0,23.0,,,,,,,,,
Engenho,AcuRite Iris®,2026/16/06 22:05,15.0,77.0,13.7,17.6,18.9,17.8,1021.33,0.0,2.0,0.0,23.0,,,,,,,,,
Engenho,AcuRite Iris®,2026/16/06 22:10,15.8,75.0,14.1,18.5,19.9,18.6,1021.33,0.0,0.0,0.0,23.0,,,,,,,,,
Engenho,AcuRite Iris®,2026/16/06 22:15,15.3,76.0,13.8,17.9,19.3,18.1,1021.33,0.0,0.0,0.0,23.0,,,,,,,,,
Engenho,AcuRite Iris®,2026/16/06 22:20,14.9,77.0,13.6,17.6,18.9,17.7,1021.33,0.0,2.0,0.0,23.0,,,,,,,,,
Engenho,AcuRite Iris®,2026/16/06 22:25,14.7,78.0,13.6,17.3,18.6,17.5,1021.33,0.0,3.0,2.0,23.0,,,,,,,,,
Engenho,AcuRite Iris®,2026/16/06 22:30,14.6,79.0,13.7,17.2,18.6,17.4,1021.33,0.0,3.0,2.0,23.0,,,,,,,,,
Engenho,AcuRite Iris®,2026/16/06 22:35,15.2,78.0,14.1,17.9,19.3,18.0,1021.33,0.0,0.0,0.0,23.0,,,,,,,,,
Engenho,AcuRite Iris®,2026/16/06 22:40,15.3,77.0,14.0,18.0,19.4,18.1,1021.33,0.0,0.0,0.0,23.0,,,,,,,,,
Engenho,AcuRite Iris®,2026/16/06 22:45,15.3,77.0,14.0,18.0,19.4,18.1,1021.33,0.0,0.0,0.0,23.0,,,,,,,,,
Engenho,AcuRite Iris®,2026/16/06 22:50,15.2,77.0,13.9,17.9,19.2,18.0,1021.33,0.0,0.0,0.0,23.0,,,,,,,,,
Engenho,AcuRite Iris®,2026/16/06 22:55,15.2,77.0,13.9,17.9,19.2,18.0,1021.33,0.0,0.0,0.0,23.0,,,,,,,,,
Engenho,AcuRite Iris®,2026/16/06 23:00,14.7,79.0,13.8,17.4,18.7,17.5,1021.33,0.0,2.0,0.0,23.0,,,,,,,,,
Engenho,AcuRite Iris®,2026/16/06 23:05,15.1,78.0,14.0,17.8,19.2,17.9,1021.67,0.0,0.0,0.0,23.0,,,,,,,,,
Engenho,AcuRite Iris®,2026/16/06 23:10,14.7,79.0,13.8,17.4,18.7,17.5,1021.67,0.0,0.0,0.0,23.0,,,,,,,,,
Engenho,AcuRite Iris®,2026/16/06 23:15,15.1,79.0,14.2,17.8,19.2,17.9,1021.67,0.0,0.0,0.0,23.0,,,,,,,,,
Engenho,AcuRite Iris®,2026/16/06 23:20,14.7,79.0,13.8,17.4,18.7,17.5,1021.67,0.0,2.0,0.0,23.0,,,,,,,,,
Engenho,AcuRite Iris®,2026/16/06 23:25,15.1,78.0,14.0,17.8,19.2,17.9,1021.67,0.0,0.0,0.0,23.0,,,,,,,,,
Engenho,AcuRite Iris®,2026/16/06 23:30,14.8,78.0,13.7,17.4,18.8,17.6,1021.67,0.0,2.0,0.0,23.0,,,,,,,,,
Engenho,AcuRite Iris®,2026/16/06 23:35,14.6,80.0,13.9,17.3,18.6,17.4,1021.67,0.0,0.0,0.0,23.0,,,,,,,,,
Engenho,AcuRite Iris®,2026/16/06 23:40,14.5,80.0,13.8,17.2,18.4,17.3,1021.33,0.0,0.0,0.0,23.0,,,,,,,,,
Engenho,AcuRite Iris®,2026/16/06 23:45,14.5,79.0,13.6,17.1,18.4,17.3,1021.33,0.0,0.0,0.0,23.0,,,,,,,,,
Engenho,AcuRite Iris®,2026/16/06 23:50,14.4,80.0,13.7,17.1,18.4,17.2,1021.33,0.0,0.0,0.0,23.0,,,,,,,,,
Engenho,AcuRite Iris®,2026/16/06 23:55,14.3,79.0,13.4,16.9,18.2,17.1,1021.33,0.0,0.0,0.0,23.0,,,,,,,,,
Engenho,AcuRite Iris®,2026/17/06 00:00,14.1,80.0,13.4,16.7,17.9,16.9,1021.33,0.0,0.0,0.0,23.0,,,,,,,,,
Engenho,AcuRite Iris®,2026/17/06 00:05,14.0,81.0,13.5,16.6,17.9,16.8,1021.0,0.0,0.0,0.0,23.0,,,,,,,,,
Engenho,AcuRite Iris®,2026/17/06 00:10,13.8,81.0,13.3,16.4,17.7,16.6,1021.33,0.0,0.0,0.0,23.0,,,,,,,,,
Engenho,AcuRite Iris®,2026/17/06 00:15,13.2,84.0,13.3,15.8,17.1,16.0,1021.33,0.0,3.0,2.0,23.0,,,,,,,,,
Engenho,AcuRite Iris®,2026/17/06 00:20,13.3,84.0,13.4,15.9,17.2,16.1,1021.33,0.0,0.0,2.0,23.0,,,,,,,,,
Engenho,AcuRite Iris®,2026/17/06 00:25,13.8,82.0,13.5,16.4,17.7,16.6,1021.33,0.0,0.0,0.0,23.0,,,,,,,,,
Engenho,AcuRite Iris®,2026/17/06 00:30,13.1,84.0,13.2,15.7,16.9,15.9,1021.33,0.0,0.0,0.0,23.0,,,,,,,,,
Engenho,AcuRite Iris®,2026/17/06 00:35,13.0,84.0,13.1,15.6,16.7,15.8,1021.0,0.0,2.0,0.0,23.0,,,,,,,,,
Engenho,AcuRite Iris®,2026/17/06 00:40,13.0,84.0,13.1,15.6,16.7,15.8,1021.33,0.0,0.0,0.0,23.0,,,,,,,,,
Engenho,AcuRite Iris®,2026/17/06 00:45,12.8,84.0,12.9,15.4,16.5,15.6,1021.33,0.0,2.0,0.0,23.0,,,,,,,,,
Engenho,AcuRite Iris®,2026/17/06 00:50,12.9,84.0,13.0,15.6,16.7,15.7,1021.0,0.0,0.0,0.0,23.0,,,,,,,,,
Engenho,AcuRite Iris®,2026/17/06 00:55,13.3,83.0,13.2,15.9,17.1,16.1,1021.0,0.0,0.0,0.0,23.0,,,,,,,,,
Engenho,AcuRite Iris®,2026/17/06 01:00,12.9,83.0,12.8,15.5,16.6,15.7,1021.0,0.0,2.0,0.0,23.0,,,,,,,,,
Engenho,AcuRite Iris®,2026/17/06 01:05,12.7,84.0,12.8,15.3,16.4,15.5,1021.0,0.0,0.0,0.0,23.0,,,,,,,,,
Engenho,AcuRite Iris®,2026/17/06 01:10,12.6,84.0,12.7,15.2,16.2,15.4,1021.0,0.0,0.0,0.0,23.0,,,,,,,,,
Engenho,AcuRite Iris®,2026/17/06 01:15,12.9,83.0,12.8,15.5,16.6,15.7,1021.0,0.0,0.0,0.0,23.0,,,,,,,,,
Engenho,AcuRite Iris®,2026/17/06 01:20,12.9,82.0,12.7,15.5,16.6,15.7,1021.0,0.0,0.0,0.0,23.0,,,,,,,,,
Engenho,AcuRite Iris®,2026/17/06 01:25,12.7,83.0,12.6,15.3,16.3,15.5,1021.0,0.0,0.0,0.0,23.0,,,,,,,,,
Engenho,AcuRite Iris®,2026/17/06 01:30,12.4,84.0,12.6,15.0,16.0,15.2,1021.0,0.0,0.0,0.0,23.0,,,,,,,,,
Engenho,AcuRite Iris®,2026/17/06 01:35,12.2,85.0,12.5,14.8,15.8,15.0,1021.0,0.0,0.0,0.0,23.0,,,,,,,,,
Engenho,AcuRite Iris®,2026/17/06 01:40,11.9,86.0,12.4,14.5,15.4,14.7,1021.0,0.0,3.0,2.0,23.0,,,,,,,,,
Engenho,AcuRite Iris®,2026/17/06 01:45,12.0,85.0,12.3,14.6,15.5,14.8,1021.0,0.0,2.0,0.0,23.0,,,,,,,,,
Engenho,AcuRite Iris®,2026/17/06 01:50,12.3,85.0,12.6,14.9,15.9,15.1,1021.0,0.0,0.0,0.0,23.0,,,,,,,,,
Engenho,AcuRite Iris®,2026/17/06 01:55,12.0,85.0,12.3,14.6,15.5,14.8,1020.66,0.0,0.0,0.0,23.0,,,,,,,,,
Engenho,AcuRite Iris®,2026/17/06 02:00,12.0,85.0,12.3,14.6,15.5,14.8,1021.0,0.0,0.0,0.0,23.0,,,,,,,,,
Engenho,AcuRite Iris®,2026/17/06 02:05,12.0,85.0,12.3,14.6,15.5,14.8,1020.66,0.0,2.0,0.0,23.0,,,,,,,,,
Engenho,AcuRite Iris®,2026/17/06 02:10,11.9,85.0,12.2,14.4,15.4,14.7,1020.66,0.0,2.0,0.0,23.0,,,,,,,,,
Engenho,AcuRite Iris®,2026/17/06 02:15,11.8,86.0,12.3,14.4,15.3,14.6,1020.66,0.0,0.0,0.0,23.0,,,,,,,,,
Engenho,AcuRite Iris®,2026/17/06 02:20,11.6,86.0,12.1,14.1,15.1,14.4,1020.66,0.0,3.0,2.0,23.0,,,,,,,,,
Engenho,AcuRite Iris®,2026/17/06 02:25,11.5,87.0,12.2,14.1,14.9,14.3,1020.66,0.0,3.0,2.0,23.0,,,,,,,,,
Engenho,AcuRite Iris®,2026/17/06 02:30,11.7,87.0,12.3,14.3,15.2,14.5,1020.32,0.0,2.0,2.0,23.0,,,,,,,,,
Engenho,AcuRite Iris®,2026/17/06 02:35,11.7,86.0,12.2,14.3,15.2,14.5,1020.32,0.0,0.0,2.0,23.0,,,,,,,,,
Engenho,AcuRite Iris®,2026/17/06 02:40,11.9,85.0,12.2,14.4,15.4,14.7,1020.32,0.0,0.0,0.0,23.0,,,,,,,,,
Engenho,AcuRite Iris®,2026/17/06 02:45,12.0,85.0,12.3,14.6,15.5,14.8,1020.32,0.0,0.0,0.0,23.0,,,,,,,,,
Engenho,AcuRite Iris®,2026/17/06 02:50,11.7,85.0,12.0,14.2,15.1,14.5,1020.32,0.0,0.0,0.0,23.0,,,,,,,,,
Engenho,AcuRite Iris®,2026/17/06 02:55,11.4,86.0,11.9,13.9,14.8,14.2,1020.32,0.0,2.0,2.0,23.0,,,,,,,,,
Engenho,AcuRite Iris®,2026/17/06 03:00,11.5,86.0,11.9,14.0,14.9,14.3,1020.32,0.0,0.0,0.0,23.0,,,,,,,,,
Engenho,AcuRite Iris®,2026/17/06 03:05,11.9,84.0,12.1,14.4,15.3,14.7,1020.32,0.0,0.0,0.0,23.0,,,,,,,,,
Engenho,AcuRite Iris®,2026/17/06 03:10,11.9,83.0,11.9,14.4,15.3,14.7,1020.32,0.0,0.0,0.0,23.0,,,,,,,,,
Engenho,AcuRite Iris®,2026/17/06 03:15,11.5,84.0,11.6,13.9,14.8,14.3,1020.32,0.0,2.0,0.0,23.0,,,,,,,,,
Engenho,AcuRite Iris®,2026/17/06 03:20,11.2,86.0,11.7,13.7,14.5,14.0,1020.32,0.0,0.0,2.0,23.0,,,,,,,,,
Engenho,AcuRite Iris®,2026/17/06 03:25,11.5,85.0,11.8,14.0,14.8,14.3,1020.32,0.0,0.0,0.0,23.0,,,,,,,,,
Engenho,AcuRite Iris®,2026/17/06 03:30,11.6,85.0,11.9,14.1,15.0,14.4,1020.32,0.0,0.0,0.0,23.0,,,,,,,,,
Engenho,AcuRite Iris®,2026/17/06 03:35,11.5,84.0,11.6,13.9,14.8,14.3,1020.32,0.0,0.0,0.0,23.0,,,,,,,,,
Engenho,AcuRite Iris®,2026/17/06 03:40,11.7,85.0,12.0,14.2,15.1,14.5,1020.32,0.0,0.0,0.0,23.0,,,,,,,,,
Engenho,AcuRite Iris®,2026/17/06 03:45,11.6,85.0,11.9,14.1,15.0,14.4,1020.32,0.0,0.0,0.0,23.0,,,,,,,,,
Engenho,AcuRite Iris®,2026/17/06 03:50,11.6,85.0,11.9,14.1,15.0,14.4,1020.32,0.0,0.0,0.0,23.0,,,,,,,,,
Engenho,AcuRite Iris®,2026/17/06 03:55,11.8,84.0,11.9,14.3,15.2,14.6,1020.32,0.0,0.0,0.0,23.0,,,,,,,,,
Engenho,AcuRite Iris®,2026/17/06 04:00,11.3,85.0,11.6,13.8,14.6,14.1,1020.32,0.0,2.0,0.0,23.0,,,,,,,,,
Engenho,AcuRite Iris®,2026/17/06 04:05,11.3,85.0,11.6,13.8,14.6,14.1,1020.32,0.0,2.0,0.0,23.0,,,,,,,,,
Engenho,AcuRite Iris®,2026/17/06 04:10,11.3,84.0,11.4,13.8,14.6,14.1,1020.32,0.0,0.0,0.0,23.0,,,,,,,,,
Engenho,AcuRite Iris®,2026/17/06 04:15,11.8,82.0,11.6,14.3,15.1,14.6,1020.32,0.0,0.0,0.0,23.0,,,,,,,,,
Engenho,AcuRite Iris®,2026/17/06 04:20,10.9,85.0,11.2,13.4,14.1,13.7,1020.32,0.0,2.0,2.0,23.0,,,,,,,,,
Engenho,AcuRite Iris®,2026/17/06 04:25,11.0,85.0,11.3,13.4,14.2,13.8,1020.32,0.0,2.0,2.0,23.0,,,,,,,,,
Engenho,AcuRite Iris®,2026/17/06 04:30,11.1,84.0,11.2,13.5,14.3,13.9,1019.98,0.0,0.0,0.0,23.0,,,,,,,,,
Engenho,AcuRite Iris®,2026/17/06 04:35,11.0,84.0,11.1,13.4,14.1,13.8,1019.98,0.0,0.0,0.0,23.0,,,,,,,,,
Engenho,AcuRite Iris®,2026/17/06 04:40,11.0,84.0,11.1,13.4,14.1,13.8,1019.98,0.0,0.0,0.0,23.0,,,,,,,,,
Engenho,AcuRite Iris®,2026/17/06 04:45,10.7,85.0,11.0,13.1,13.8,13.5,1019.98,0.0,0.0,0.0,23.0,,,,,,,,,
Engenho,AcuRite Iris®,2026/17/06 04:50,11.0,84.0,11.1,13.4,14.1,13.8,1019.98,0.0,0.0,0.0,23.0,,,,,,,,,
Engenho,AcuRite Iris®,2026/17/06 04:55,11.3,83.0,11.3,13.7,14.5,14.1,1019.98,0.0,0.0,0.0,23.0,,,,,,,,,
Engenho,AcuRite Iris®,2026/17/06 05:00,11.2,83.0,11.2,13.6,14.4,14.0,1019.98,0.0,0.0,0.0,23.0,,,,,,,,,
Engenho,AcuRite Iris®,2026/17/06 05:05,10.9,84.0,11.1,13.3,14.1,13.7,1019.98,0.0,0.0,0.0,23.0,,,,,,,,,
Engenho,AcuRite Iris®,2026/17/06 05:10,11.1,83.0,11.1,13.5,14.2,13.9,1020.32,0.0,0.0,0.0,23.0,,,,,,,,,
Engenho,AcuRite Iris®,2026/17/06 05:15,11.1,82.0,10.9,13.5,14.2,13.9,1019.98,0.0,0.0,0.0,23.0,,,,,,,,,
Engenho,AcuRite Iris®,2026/17/06 05:20,10.7,83.0,10.7,13.1,13.7,13.5,1020.32,0.0,2.0,0.0,23.0,,,,,,,,,
Engenho,AcuRite Iris®,2026/17/06 05:25,10.3,84.0,10.4,12.7,13.3,13.1,1020.32,0.0,2.0,2.0,23.0,,,,,,,,,
Engenho,AcuRite Iris®,2026/17/06 05:30,10.4,84.0,10.6,12.8,13.4,13.2,1020.32,0.0,2.0,0.0,23.0,,,,,,,,,
Engenho,AcuRite Iris®,2026/17/06 05:35,10.1,85.0,10.4,12.4,13.1,12.9,1020.32,0.0,3.0,0.0,23.0,,,,,,,,,
Engenho,AcuRite Iris®,2026/17/06 05:40,10.0,85.0,10.3,12.3,12.9,12.8,1020.32,0.0,2.0,2.0,23.0,,,,,,,,,
Engenho,AcuRite Iris®,2026/17/06 05:45,10.1,85.0,10.4,12.4,13.1,12.9,1020.32,0.0,0.0,0.0,23.0,,,,,,,,,
Engenho,AcuRite Iris®,2026/17/06 05:50,10.4,83.0,10.4,12.8,13.4,13.2,1020.32,0.0,2.0,0.0,23.0,,,,,,,,,
Engenho,AcuRite Iris®,2026/17/06 05:55,10.4,83.0,10.4,12.8,13.4,13.2,1020.32,0.0,0.0,0.0,23.0,,,,,,,,,
Engenho,AcuRite Iris®,2026/17/06 06:00,10.3,84.0,10.4,12.7,13.3,13.1,1020.32,0.0,0.0,0.0,23.0,,,,,,,,,
Engenho,AcuRite Iris®,2026/17/06 06:05,10.4,83.0,10.4,12.8,13.4,13.2,1020.32,0.0,0.0,0.0,23.0,,,,,,,,,
Engenho,AcuRite Iris®,2026/17/06 06:10,10.3,83.0,10.3,12.7,13.2,13.1,1020.66,0.0,2.0,0.0,23.0,,,,,,,,,
Engenho,AcuRite Iris®,2026/17/06 06:15,10.3,84.0,10.4,12.7,13.3,13.1,1020.66,0.0,0.0,0.0,23.0,,,,,,,,,
Engenho,AcuRite Iris®,2026/17/06 06:20,10.2,83.0,10.2,12.5,13.1,13.0,1020.66,0.0,2.0,0.0,23.0,,,,,,,,,
Engenho,AcuRite Iris®,2026/17/06 06:25,9.8,83.0,9.8,12.1,12.6,12.6,1020.66,0.0,3.0,0.0,23.0,,,,,,,,,
Engenho,AcuRite Iris®,2026/17/06 06:30,9.8,84.0,10.0,12.1,12.7,12.6,1020.66,0.0,2.0,2.0,23.0,,,,,,,,,
Engenho,AcuRite Iris®,2026/17/06 06:35,9.8,84.0,10.0,12.1,12.7,12.6,1020.66,0.0,0.0,0.0,23.0,,,,,,,,,
Engenho,AcuRite Iris®,2026/17/06 06:40,10.0,83.0,9.9,12.3,12.8,12.8,1020.66,0.0,2.0,0.0,23.0,,,,,,,,,
Engenho,AcuRite Iris®,2026/17/06 06:45,10.0,83.0,9.9,12.3,12.8,12.8,1020.66,0.0,3.0,0.0,23.0,,,,,,,,,
Engenho,AcuRite Iris®,2026/17/06 06:50,9.8,84.0,10.0,12.1,12.7,12.6,1021.0,0.0,0.0,0.0,23.0,,,,,,,,,
Engenho,AcuRite Iris®,2026/17/06 06:55,10.0,83.0,9.9,12.3,12.8,12.8,1021.0,0.0,0.0,0.0,23.0,,,,,,,,,
Engenho,AcuRite Iris®,2026/17/06 07:00,10.2,82.0,10.0,12.5,13.1,13.0,1021.0,0.0,0.0,0.0,23.0,,,,,,,,,
Engenho,AcuRite Iris®,2026/17/06 07:05,10.2,82.0,10.0,12.5,13.1,13.0,1021.0,0.0,2.0,0.0,23.0,,,,,,,,,
Engenho,AcuRite Iris®,2026/17/06 07:10,9.6,83.0,9.6,11.8,12.3,12.4,1021.0,0.0,3.0,0.0,23.0,,,,,,,,,
Engenho,AcuRite Iris®,2026/17/06 07:15,9.8,83.0,9.8,12.1,12.6,12.6,1021.0,0.0,0.0,0.0,23.0,,,,,,,,,
Engenho,AcuRite Iris®,2026/17/06 07:20,9.6,83.0,9.6,11.8,12.3,12.4,1021.0,0.0,3.0,2.0,23.0,,,,,,,,,
Engenho,AcuRite Iris®,2026/17/06 07:25,9.8,82.0,9.6,12.1,12.6,12.6,1021.33,0.0,2.0,0.0,23.0,,,,,,,,,
Engenho,AcuRite Iris®,2026/17/06 07:30,9.7,82.0,9.5,11.9,12.4,12.5,1021.33,0.0,0.0,2.0,23.0,,,,,,,,,
Engenho,AcuRite Iris®,2026/17/06 07:35,10.3,81.0,9.9,12.6,13.1,13.1,1021.33,0.0,2.0,0.0,23.0,,,,,,,,,
Engenho,AcuRite Iris®,2026/17/06 07:40,10.6,80.0,10.0,12.9,13.4,13.4,1021.33,0.0,3.0,0.0,23.0,,,,,,,,,
Engenho,AcuRite Iris®,2026/17/06 07:45,10.7,80.0,10.1,13.0,13.6,13.5,1021.33,0.0,2.0,2.0,23.0,,,,,,,,,
Engenho,AcuRite Iris®,2026/17/06 07:50,11.2,79.0,10.4,13.5,14.2,14.0,1021.67,0.0,0.0,0.0,23.0,,,,,,,,,
Engenho,AcuRite Iris®,2026/17/06 07:55,11.9,77.0,10.7,14.3,14.9,14.7,1021.67,0.0,0.0,0.0,23.0,,,,,,,,,
Engenho,AcuRite Iris®,2026/17/06 08:00,12.5,76.0,11.1,14.8,15.6,15.3,1021.67,0.0,0.0,0.0,23.0,,,,,,,,,
Engenho,AcuRite Iris®,2026/17/06 08:05,12.5,76.0,11.1,14.8,15.6,15.3,1021.67,0.0,2.0,0.0,23.0,,,,,,,,,
Engenho,AcuRite Iris®,2026/17/06 08:10,12.9,74.0,11.1,15.3,16.1,15.7,1021.67,0.0,2.0,0.0,23.0,,,,,,,,,
Engenho,AcuRite Iris®,2026/17/06 08:15,13.8,72.0,11.6,16.2,17.1,16.6,1021.67,0.0,0.0,0.0,23.0,,,,,,,,,
Engenho,AcuRite Iris®,2026/17/06 08:20,13.5,73.0,11.4,15.9,16.7,16.3,1021.67,0.0,2.0,0.0,23.0,,,,,,,,,
Engenho,AcuRite Iris®,2026/17/06 08:25,14.1,71.0,11.6,16.5,17.4,16.9,1022.01,0.0,0.0,0.0,23.0,,,,,,,,,
Engenho,AcuRite Iris®,2026/17/06 08:30,14.2,70.0,11.5,16.6,17.4,17.0,1022.01,0.0,0.0,0.0,23.0,,,,,,,,,
Engenho,AcuRite Iris®,2026/17/06 08:35,15.6,68.0,12.4,18.1,19.1,18.4,1022.01,0.0,0.0,0.0,23.0,,,,,,,,,
Engenho,AcuRite Iris®,2026/17/06 08:40,15.6,68.0,12.4,18.1,19.1,18.4,1022.01,0.0,0.0,0.0,23.0,,,,,,,,,
Engenho,AcuRite Iris®,2026/17/06 08:45,16.3,68.0,13.1,18.8,20.1,19.1,1022.35,0.0,0.0,0.0,23.0,,,,,,,,,
Engenho,AcuRite Iris®,2026/17/06 08:50,15.1,70.0,12.3,17.6,18.6,17.9,1022.01,0.0,0.0,2.0,23.0,,,,,,,,,
Engenho,AcuRite Iris®,2026/17/06 08:55,17.1,67.0,13.6,19.7,21.0,19.9,1022.01,0.0,0.0,0.0,23.0,,,,,,,,,
Engenho,AcuRite Iris®,2026/17/06 09:00,15.3,69.0,12.3,17.8,18.8,18.1,1022.35,0.0,2.0,0.0,23.0,,,,,,,,,
Engenho,AcuRite Iris®,2026/17/06 09:05,16.0,68.0,12.7,18.5,19.6,18.8,1022.35,0.0,0.0,0.0,23.0,,,,,,,,,
Engenho,AcuRite Iris®,2026/17/06 09:10,16.9,67.0,13.4,19.5,20.8,19.7,1022.35,0.0,0.0,0.0,23.0,,,,,,,,,
Engenho,AcuRite Iris®,2026/17/06 09:15,16.1,67.0,12.6,18.6,19.7,18.9,1022.35,0.0,0.0,0.0,23.0,,,,,,,,,
Engenho,AcuRite Iris®,2026/17/06 09:20,16.6,66.0,12.9,19.1,20.3,19.4,1022.69,0.0,0.0,0.0,23.0,,,,,,,,,
Engenho,AcuRite Iris®,2026/17/06 09:25,17.4,66.0,13.7,20.0,21.4,20.2,1022.35,0.0,2.0,0.0,23.0,,,,,,,,,
Engenho,AcuRite Iris®,2026/17/06 09:30,18.0,65.0,13.9,20.6,22.0,20.8,1022.69,0.0,0.0,0.0,23.0,,,,,,,,,
Engenho,AcuRite Iris®,2026/17/06 09:35,19.6,63.0,15.0,22.3,24.0,22.4,1022.69,0.0,0.0,0.0,23.0,,,,,,,,,
Engenho,AcuRite Iris®,2026/17/06 09:40,21.4,59.0,15.7,24.2,26.1,24.2,1022.69,0.0,0.0,0.0,23.0,,,,,,,,,
Engenho,AcuRite Iris®,2026/17/06 09:45,17.3,66.0,13.6,19.9,21.2,20.1,1022.69,0.0,0.0,0.0,23.0,,,,,,,,,
Engenho,AcuRite Iris®,2026/17/06 09:50,17.1,69.0,14.0,19.7,21.2,19.9,1022.69,0.0,0.0,0.0,23.0,,,,,,,,,
Engenho,AcuRite Iris®,2026/17/06 09:55,17.3,65.0,13.3,19.9,21.2,20.1,1022.69,0.0,0.0,0.0,23.0,,,,,,,,,
Engenho,AcuRite Iris®,2026/17/06 10:00,17.3,65.0,13.3,19.9,21.2,20.1,1022.35,0.0,0.0,0.0,23.0,,,,,,,,,
Engenho,AcuRite Iris®,2026/17/06 10:05,16.8,70.0,14.0,19.4,20.9,19.6,1022.69,0.0,2.0,0.0,23.0,,,,,,,,,
Engenho,AcuRite Iris®,2026/17/06 10:10,18.2,68.0,14.9,20.9,22.6,21.0,1022.69,0.0,2.0,0.0,23.0,,,,,,,,,
Engenho,AcuRite Iris®,2026/17/06 10:15,17.3,69.0,14.2,20.0,21.4,20.1,1022.69,0.0,0.0,0.0,23.0,,,,,,,,,
Engenho,AcuRite Iris®,2026/17/06 10:20,18.0,67.0,14.4,20.7,22.2,20.8,1022.69,0.0,0.0,0.0,23.0,,,,,,,,,
Engenho,AcuRite Iris®,2026/17/06 10:25,18.3,66.0,14.5,21.0,22.6,21.1,1022.69,0.0,0.0,0.0,23.0,,,,,,,,,
Engenho,AcuRite Iris®,2026/17/06 10:30,17.4,68.0,14.1,20.1,21.6,20.2,1023.03,0.0,3.0,0.0,23.0,,,,,,,,,
Engenho,AcuRite Iris®,2026/17/06 10:35,18.2,67.0,14.6,20.9,22.5,21.0,1023.03,0.0,0.0,0.0,270.0,,,,,,,,,
Engenho,AcuRite Iris®,2026/17/06 10:40,18.4,65.0,14.4,21.1,22.6,21.2,1023.03,0.0,2.0,0.0,270.0,,,,,,,,,
Engenho,AcuRite Iris®,2026/17/06 10:45,19.0,64.0,14.7,21.7,23.3,21.8,1023.03,0.0,0.0,0.0,270.0,,,,,,,,,
Engenho,AcuRite Iris®,2026/17/06 10:50,18.7,66.0,14.9,21.4,23.1,21.5,1023.03,0.0,3.0,2.0,270.0,,,,,,,,,
Engenho,AcuRite Iris®,2026/17/06 10:55,18.2,62.0,13.4,20.8,22.1,21.0,1023.03,0.0,3.0,2.0,270.0,,,,,,,,,
Engenho,AcuRite Iris®,2026/17/06 11:00,19.1,63.0,14.5,21.8,23.3,21.9,1022.69,0.0,2.0,2.0,270.0,,,,,,,,,
Engenho,AcuRite Iris®,2026/17/06 11:05,19.2,59.0,13.6,21.8,23.1,22.0,1022.69,0.0,3.0,2.0,270.0,,,,,,,,,
Engenho,AcuRite Iris®,2026/17/06 11:10,19.4,59.0,13.8,22.1,23.4,22.2,1022.69,0.0,2.0,2.0,270.0,,,,,,,,,
Engenho,AcuRite Iris®,2026/17/06 11:15,19.4,58.0,13.6,22.0,23.3,22.2,1022.69,0.0,5.0,0.0,248.0,,,,,,,,,
Engenho,AcuRite Iris®,2026/17/06 11:20,19.4,58.0,13.6,22.0,23.3,22.2,1022.69,0.0,3.0,2.0,248.0,,,,,,,,,
Engenho,AcuRite Iris®,2026/17/06 11:25,19.0,57.0,12.9,21.5,22.7,21.8,1022.69,0.0,3.0,3.0,248.0,,,,,,,,,
Engenho,AcuRite Iris®,2026/17/06 11:30,18.9,57.0,12.8,21.4,22.6,21.7,1022.69,0.0,5.0,3.0,270.0,,,,,,,,,
Engenho,AcuRite Iris®,2026/17/06 11:35,18.8,61.0,13.8,21.4,22.8,21.6,1022.69,0.0,2.0,3.0,270.0,,,,,,,,,
Engenho,AcuRite Iris®,2026/17/06 11:50,18.8,61.0,13.8,21.4,22.1,21.6,1022.35,0.0,5.0,5.0,248.0,,,,,,,,,
Engenho,AcuRite Iris®,2026/17/06 11:55,18.8,59.0,13.2,21.4,22.6,21.6,1022.35,0.0,5.0,3.0,248.0,,,,,,,,,
Engenho,AcuRite Iris®,2026/17/06 12:00,18.6,61.0,13.6,21.2,22.5,21.4,1022.35,0.0,5.0,3.0,248.0,,,,,,,,,